Date,temperature,humidity,co2_levels,location,wind_speed,rainfall,pressure
1/1/2024,29.5,77,416,Karachi,16,0.3,1012
1/2/2024,27.6,78,415.8,Karachi,6,0.1,1018
1/3/2024,29.9,77,412.2,Karachi,16,0,1009
1/4/2024,32.6,81,416.7,Karachi,11,0.1,1009
1/5/2024,27.3,86,410.5,Karachi,8,0.1,1012
1/6/2024,27.3,76,413,Karachi,12,0.1,1009
1/7/2024,32.7,85,409,Karachi,11,0.1,1014
1/8/2024,30.3,76,419.7,Karachi,12,0.1,1009
1/9/2024,26.6,76,414.3,Karachi,8,0,1010
1/10/2024,29.6,84,421.5,Karachi,15,0.1,1006
1/11/2024,26.6,85,417.4,Karachi,6,0,1009
1/12/2024,26.6,84,416.3,Karachi,11,0,1007
1/13/2024,28.7,73,413.2,Karachi,16,0.1,1011
1/14/2024,22.3,78,411.9,Karachi,13,0.1,1005
1/15/2024,22.8,84,416.6,Karachi,10,0,1013
1/16/2024,26.3,80,414.8,Karachi,11,0.1,1007
1/17/2024,25,75,411,Karachi,10,0.1,1015
1/18/2024,28.9,82,410.4,Karachi,6,0,1014
1/19/2024,25.3,76,412.1,Karachi,17,0.1,1012
1/20/2024,23.8,89,420.5,Karachi,13,0,1005
1/21/2024,32.4,88,421.6,Karachi,9,0.2,1008
1/22/2024,27.3,83,415.6,Karachi,16,0,1007
1/23/2024,28.2,87,415.4,Karachi,19,0.1,1008
1/24/2024,23.7,80,414,Karachi,7,0.2,1015
1/25/2024,26.4,84,412.2,Karachi,8,0.2,1010
1/26/2024,28.3,87,419.1,Karachi,8,0.2,1008
1/27/2024,24.5,81,420.6,Karachi,17,0,1008
1/28/2024,29.1,79,412.3,Karachi,16,0,1008
1/29/2024,26.2,71,414.8,Karachi,13,0.1,1012
1/30/2024,27.1,80,413.7,Karachi,15,0.1,1005
1/31/2024,26.2,84,413.7,Karachi,9,0.2,1010
2/1/2024,33.6,85,418.6,Karachi,6,0,1011
2/2/2024,28,83,411.1,Karachi,10,0.1,1005
2/3/2024,24.8,77,416.4,Karachi,16,0.1,1006
2/4/2024,30.5,70,417.2,Karachi,18,0.2,1010
2/5/2024,24.3,78,414.6,Karachi,11,0,1014
2/6/2024,28.6,78,417.7,Karachi,12,0.3,1014
2/7/2024,22.1,78,415.4,Karachi,9,0.1,1008
2/8/2024,24,83,418.7,Karachi,12,0.2,1014
2/9/2024,28.6,90,410.4,Karachi,12,0.1,1009
2/10/2024,30.2,81,414,Karachi,18,0.1,1009
2/11/2024,28.5,79,414.8,Karachi,8,0,1010
2/12/2024,27.7,79,407,Karachi,11,0.2,1013
2/13/2024,27.1,81,411.7,Karachi,16,0.1,1008
2/14/2024,23.6,76,412.6,Karachi,17,0.1,1009
2/15/2024,25.8,81,417.8,Karachi,13,0,1006
2/16/2024,26.6,82,412.9,Karachi,14,0.1,1011
2/17/2024,31.2,81,412.5,Karachi,8,0,1013
2/18/2024,29,82,417.5,Karachi,13,0,1013
2/19/2024,22.7,82,410.1,Karachi,16,0,1006
2/20/2024,29,71,408.8,Karachi,8,0,1009
2/21/2024,26.8,83,413.9,Karachi,5,0.1,1014
2/22/2024,26,77,410.7,Karachi,8,0,1011
2/23/2024,29.8,75,410.8,Karachi,6,0,1010
2/24/2024,31.1,74,416.7,Karachi,10,0,1010
2/25/2024,30.8,82,417.6,Karachi,17,0.1,1012
2/26/2024,25.5,79,417.4,Karachi,19,0.1,1011
2/27/2024,27.1,72,418.3,Karachi,19,0,1008
2/28/2024,29,82,418.7,Karachi,12,0.1,1013
2/29/2024,30.9,73,408.6,Karachi,10,0.1,1006
3/1/2024,26.6,81,416.4,Karachi,13,0.2,1014
3/2/2024,27.4,81,413.4,Karachi,10,0,1007
3/3/2024,24.7,84,412.8,Karachi,15,0.2,1012
3/4/2024,24.4,89,416.7,Karachi,11,0,1010
3/5/2024,30.4,73,409.8,Karachi,16,0.1,1009
3/6/2024,32.1,80,409.7,Karachi,9,0.1,1014
3/7/2024,27.8,79,416.9,Karachi,12,0,1012
3/8/2024,31,82,416.5,Karachi,6,0.1,1010
3/9/2024,29.1,81,415.4,Karachi,6,0.1,1015
3/10/2024,26.1,78,412.4,Karachi,15,0.1,1013
3/11/2024,29.1,78,417.2,Karachi,12,0.1,1008
3/12/2024,32.6,74,417,Karachi,10,0,1003
3/13/2024,27.9,85,415.3,Karachi,6,0.3,1010
3/14/2024,32.7,82,411.5,Karachi,10,0.2,1014
3/15/2024,20.1,85,413.7,Karachi,17,0.1,1012
3/16/2024,30.5,78,417.5,Karachi,15,0.1,1015
3/17/2024,28.3,77,419,Karachi,12,0,1008
3/18/2024,27.1,75,414,Karachi,10,0.1,1010
3/19/2024,28.3,82,414.3,Karachi,13,0.1,1010
3/20/2024,22,75,414.5,Karachi,10,0.1,1011
3/21/2024,27.3,89,415.8,Karachi,18,0,1012
3/22/2024,29.1,73,413.3,Karachi,7,0.3,1015
3/23/2024,32.4,81,406.3,Karachi,13,0.2,1016
3/24/2024,26.4,88,418.6,Karachi,14,0.2,1015
3/25/2024,25.6,83,420.4,Karachi,19,0,1012
3/26/2024,26.5,81,413.2,Karachi,9,0,1009
3/27/2024,30.7,75,411.8,Karachi,10,0.1,1011
3/28/2024,29,73,414.6,Karachi,8,0.2,1012
3/29/2024,26.4,84,414.4,Karachi,7,0.3,1010
3/30/2024,29.5,88,418,Karachi,14,0,1007
3/31/2024,28.3,78,415.2,Karachi,18,0.1,1009
4/1/2024,30.9,74,412.6,Karachi,9,0.1,1013
4/2/2024,25.9,68,411,Karachi,16,0,1009
4/3/2024,27,75,417.6,Karachi,7,0.1,1010
4/4/2024,26.8,79,416.8,Karachi,17,0,1010
4/5/2024,23.6,88,418.2,Karachi,6,0.1,1007
4/6/2024,28.9,83,412.1,Karachi,19,0.2,1009
4/7/2024,28.8,82,420.5,Karachi,10,0.2,1009
4/8/2024,28,78,409.8,Karachi,18,0.1,1008
4/9/2024,27.3,77,417.1,Karachi,12,0,1007
4/10/2024,23.8,87,409.3,Karachi,18,0.1,1010
4/11/2024,26.7,81,412.6,Karachi,7,0.2,1012
4/12/2024,27,69,419.7,Karachi,10,0.1,1013
4/13/2024,25.6,77,417.5,Karachi,15,0.1,1006
4/14/2024,27.5,76,413.4,Karachi,18,0.3,1015
4/15/2024,29.2,77,413.4,Karachi,13,0.2,1011
4/16/2024,33.7,83,415.3,Karachi,19,0.2,1007
4/17/2024,28.5,79,416.5,Karachi,18,0.2,1009
4/18/2024,28.8,80,418.8,Karachi,5,0.1,1004
4/19/2024,27.8,87,413.6,Karachi,7,0.2,1005
4/20/2024,22.2,77,410.2,Karachi,17,0.1,1015
4/21/2024,27.9,89,415.5,Karachi,6,0,1008
4/22/2024,28.2,77,413.6,Karachi,16,0.1,1012
4/23/2024,35.4,80,411.1,Karachi,12,0.1,1010
4/24/2024,27.4,79,415.9,Karachi,13,0,1010
4/25/2024,28.9,81,414.4,Karachi,14,0.4,1011
4/26/2024,27.9,82,415.9,Karachi,10,0,1004
4/27/2024,24.5,82,412.3,Karachi,7,0.3,1014
4/28/2024,31.4,76,416.5,Karachi,14,0,1010
4/29/2024,30.3,74,411,Karachi,12,0,1008
4/30/2024,30.4,93,412.5,Karachi,14,0.1,1011
5/1/2024,25.3,78,414.3,Karachi,19,0.1,1008
5/2/2024,32.2,83,420.2,Karachi,11,0,1011
5/3/2024,23.8,72,417.4,Karachi,18,0.4,1010
5/4/2024,29.8,79,418.2,Karachi,6,0.1,1012
5/5/2024,34.6,79,419.3,Karachi,15,0.2,1009
5/6/2024,25,82,425.8,Karachi,11,0,1007
5/7/2024,26.3,66,415.1,Karachi,5,0.1,1011
5/8/2024,28.3,81,419.3,Karachi,12,0.3,1009
5/9/2024,26.5,74,418,Karachi,16,0,1005
5/10/2024,23.3,82,418,Karachi,9,0,1011
5/11/2024,28.2,75,420.3,Karachi,13,0.1,1008
5/12/2024,24.8,76,413.7,Karachi,16,0.3,1011
5/13/2024,29.4,79,413.5,Karachi,15,0.1,1007
5/14/2024,25.2,75,416,Karachi,16,0.1,1006
5/15/2024,32.6,78,414.5,Karachi,7,0.1,1014
5/16/2024,25.7,74,416,Karachi,16,0.3,1013
5/17/2024,27,71,419.7,Karachi,11,0,1010
5/18/2024,30.4,85,413.6,Karachi,12,0,1011
5/19/2024,24.3,74,414.1,Karachi,5,0,1012
5/20/2024,28.7,79,415.5,Karachi,18,0,1010
5/21/2024,31.9,84,414.3,Karachi,10,0,1006
5/22/2024,23.2,77,409.3,Karachi,18,0,1011
5/23/2024,28.6,76,413.3,Karachi,15,0.1,1013
5/24/2024,28.8,81,417.1,Karachi,6,0,1012
5/25/2024,30.3,86,419.3,Karachi,12,0.1,1010
5/26/2024,24.3,74,411.5,Karachi,10,0.3,1012
5/27/2024,24,79,411.5,Karachi,15,0,1009
5/28/2024,29.6,71,415.1,Karachi,19,0,1013
5/29/2024,28.9,78,408.8,Karachi,15,0,1014
5/30/2024,28.8,80,413.7,Karachi,16,0.1,1006
5/31/2024,29,76,409.8,Karachi,7,0.1,1013
6/1/2024,26,78,419.1,Karachi,8,0.2,1017
6/2/2024,28.7,73,412.7,Karachi,11,0.1,1012
6/3/2024,28.9,80,420,Karachi,13,0.2,1013
6/4/2024,25.9,85,418.3,Karachi,15,0.2,1008
6/5/2024,33.6,75,413.1,Karachi,14,0,1008
6/6/2024,29.4,77,411.8,Karachi,6,0,1009
6/7/2024,24.4,83,414.4,Karachi,13,0.1,1009
6/8/2024,30,86,414.7,Karachi,19,0.4,1006
6/9/2024,25.1,73,416,Karachi,10,0,1009
6/10/2024,30.4,79,412.7,Karachi,6,0,1013
6/11/2024,31.5,81,417.2,Karachi,12,0.2,1006
6/12/2024,25.5,79,415.8,Karachi,8,0,1011
6/13/2024,30.9,68,414,Karachi,15,0.1,1010
6/14/2024,29.2,83,412.9,Karachi,17,0,1009
6/15/2024,30.5,88,414.4,Karachi,19,0,1011
6/16/2024,33.7,81,412.5,Karachi,12,0.1,1011
6/17/2024,27.3,75,415.2,Karachi,15,0.1,1009
6/18/2024,25.7,77,415.3,Karachi,11,0,1013
6/19/2024,25.3,89,415.8,Karachi,11,0.1,1012
6/20/2024,25.6,85,420.3,Karachi,15,0,1015
6/21/2024,27.8,83,414.6,Karachi,17,0.1,1010
6/22/2024,29,82,418,Karachi,18,0,1009
6/23/2024,28.8,77,415.7,Karachi,11,0.1,1009
6/24/2024,30.5,79,414.3,Karachi,6,0.2,1014
6/25/2024,28,80,414.6,Karachi,12,0,1010
6/26/2024,32.4,83,414.8,Karachi,6,0,1010
6/27/2024,27.2,88,415.8,Karachi,7,0.2,1016
6/28/2024,36.2,86,412.1,Karachi,14,0.1,1006
6/29/2024,29.9,73,410.6,Karachi,11,0.1,1011
6/30/2024,25.4,81,417,Karachi,11,0,1010
7/1/2024,24.8,84,417.7,Karachi,16,0.5,1009
7/2/2024,29.4,83,417.2,Karachi,11,0.3,1007
7/3/2024,27.3,77,415.5,Karachi,8,0,1008
7/4/2024,30.1,95,417.3,Karachi,9,0.1,1009
7/5/2024,29.4,74,417.1,Karachi,11,0.2,1011
7/6/2024,27.8,75,417.4,Karachi,12,0.1,1013
7/7/2024,25.5,81,412.4,Karachi,7,0.1,1005
7/8/2024,23.5,91,411.7,Karachi,10,0,1006
7/9/2024,26.7,76,413.8,Karachi,16,0,1012
7/10/2024,30.6,79,414.9,Karachi,13,0.2,1012
7/11/2024,28.6,85,414.3,Karachi,14,0.1,1006
7/12/2024,24.3,80,409.4,Karachi,18,0.1,1013
7/13/2024,28.5,78,420.2,Karachi,15,0,1010
7/14/2024,29.2,83,414.2,Karachi,16,0.2,1012
7/15/2024,25.3,81,415.5,Karachi,9,0.2,1007
7/16/2024,28.5,85,418.7,Karachi,8,0.1,1006
7/17/2024,28.2,86,408,Karachi,13,0.2,1009
7/18/2024,24.6,82,413.5,Karachi,8,0,1009
7/19/2024,29.1,81,413.8,Karachi,7,0.2,1009
7/20/2024,29.7,81,414,Karachi,17,0.1,1009
7/21/2024,31.2,82,414.5,Karachi,11,0,1015
7/22/2024,31.2,80,419.3,Karachi,9,0,1005
7/23/2024,23.9,80,417,Karachi,5,0,1007
7/24/2024,25.2,86,417.9,Karachi,12,0.2,1009
7/25/2024,29.5,88,415.1,Karachi,15,0.2,1010
7/26/2024,29.5,72,410.8,Karachi,5,0.1,1012
7/27/2024,29.5,80,408.8,Karachi,13,0,1013
7/28/2024,39.6,77,410.4,Karachi,5,0.3,1013
7/29/2024,29.7,78,416.1,Karachi,8,0,1011
7/30/2024,31.4,82,415.1,Karachi,14,0.1,1005
7/31/2024,30.9,83,414.4,Karachi,8,0.2,1005
8/1/2024,30,79,413.9,Karachi,15,0,1013
8/2/2024,27.1,70,421,Karachi,18,0.1,1013
8/3/2024,30.3,75,412.5,Karachi,13,0,1012
8/4/2024,25.7,84,417.8,Karachi,5,0,1008
8/5/2024,27.3,66,415,Karachi,14,0.1,1009
8/6/2024,26.5,86,414.8,Karachi,17,0,1009
8/7/2024,28.2,83,418.5,Karachi,13,0.1,1007
8/8/2024,34.9,87,419.4,Karachi,8,0,1011
8/9/2024,22.4,79,414.3,Karachi,11,0.1,1016
8/10/2024,30.1,70,417.4,Karachi,13,0,1009
8/11/2024,23.2,82,416.1,Karachi,15,0.1,1014
8/12/2024,26.6,86,415,Karachi,11,0,1007
8/13/2024,31.3,85,415.6,Karachi,6,0.2,1005
8/14/2024,28.2,77,412.9,Karachi,10,0.1,1013
8/15/2024,24.8,80,414.1,Karachi,17,0.1,1009
8/16/2024,25.9,77,413.3,Karachi,10,0.2,1014
8/17/2024,30,76,417.7,Karachi,7,0,1014
8/18/2024,25.8,85,414.7,Karachi,8,0,1009
8/19/2024,28.6,74,411.1,Karachi,10,0,1014
8/20/2024,28.1,76,412.8,Karachi,15,0,1007
8/21/2024,26,74,405.4,Karachi,10,0.4,1007
8/22/2024,34.4,73,413.5,Karachi,5,0,1013
8/23/2024,29.9,81,415.1,Karachi,14,0.2,1005
8/24/2024,21.9,86,414.6,Karachi,12,0.1,1010
8/25/2024,28.6,79,420.9,Karachi,13,0,1014
8/26/2024,26,72,416.7,Karachi,6,0.3,1014
8/27/2024,30.6,84,416.6,Karachi,8,0.4,1009
8/28/2024,25.6,88,410.1,Karachi,15,0.3,1013
8/29/2024,27.7,77,413.9,Karachi,10,0.1,1007
8/30/2024,29.5,78,413.5,Karachi,6,0,1008
8/31/2024,30.6,83,412.6,Karachi,15,0,1011
9/1/2024,24.4,88,412.6,Karachi,11,0.1,1011
9/2/2024,27,77,409.6,Karachi,10,0,1007
9/3/2024,26.6,73,411.2,Karachi,12,0.1,1016
9/4/2024,26,83,417.6,Karachi,19,0.2,1004
9/5/2024,33.3,84,414.6,Karachi,11,0,1010
9/6/2024,29.2,80,413.5,Karachi,14,0.1,1011
9/7/2024,24.2,77,415,Karachi,5,0.3,1005
9/8/2024,30.8,85,418.5,Karachi,14,0,1014
9/9/2024,34.4,83,415,Karachi,14,0,1008
9/10/2024,31.1,76,416.6,Karachi,9,0,1010
9/11/2024,23.4,80,412.5,Karachi,10,0,1011
9/12/2024,26.5,73,413.1,Karachi,18,0,1006
9/13/2024,31.8,83,416.1,Karachi,11,0,1007
9/14/2024,25.9,79,420.7,Karachi,8,0,1015
9/15/2024,29.3,78,419.3,Karachi,18,0.1,1010
9/16/2024,30.3,80,416.7,Karachi,13,0,1002
9/17/2024,25.2,80,415.5,Karachi,5,0,1009
9/18/2024,27.8,84,419.2,Karachi,7,0.2,1010
9/19/2024,18.3,83,417.4,Karachi,14,0.1,1011
9/20/2024,24.9,79,408.1,Karachi,6,0,1004
9/21/2024,27.2,84,411.8,Karachi,18,0.2,1010
9/22/2024,24.3,82,416,Karachi,6,0,1008
9/23/2024,32.9,78,409.6,Karachi,5,0,1011
9/24/2024,23.7,79,412.3,Karachi,17,0.2,1012
9/25/2024,26.7,79,412.9,Karachi,7,0,1011
9/26/2024,28.4,83,414.2,Karachi,14,0.2,1014
9/27/2024,32.3,78,414.1,Karachi,9,0.2,1017
9/28/2024,23.7,78,414.1,Karachi,10,0,1007
9/29/2024,31.5,90,417.5,Karachi,12,0,1009
9/30/2024,28,85,414.2,Karachi,8,0,1012
10/1/2024,25.1,76,413.8,Karachi,5,0,1010
10/2/2024,29.4,83,411,Karachi,16,0.2,1002
10/3/2024,28.6,81,418.1,Karachi,13,0.1,1009
10/4/2024,26.2,82,413,Karachi,7,0,1014
10/5/2024,28.2,81,411.7,Karachi,12,0.1,1006
10/6/2024,26.8,86,415.6,Karachi,18,0,1011
10/7/2024,28.3,82,412.7,Karachi,8,0,1004
10/8/2024,30,80,413.4,Karachi,15,0,1013
10/9/2024,32.8,85,415.8,Karachi,19,0.1,1011
10/10/2024,24.3,81,414,Karachi,19,0,1008
10/11/2024,34.4,81,421.9,Karachi,7,0.1,1009
10/12/2024,22.1,82,414.8,Karachi,7,0,1006
10/13/2024,27.5,80,416.9,Karachi,8,0.1,1013
10/14/2024,29.8,80,409.2,Karachi,8,0,1008
10/15/2024,28.8,77,412.4,Karachi,16,0,1012
10/16/2024,26.1,76,411.7,Karachi,19,0.1,1007
10/17/2024,27.4,75,412.1,Karachi,11,0.1,1017
10/18/2024,26.5,73,416.2,Karachi,6,0,1015
10/19/2024,26.2,76,418.1,Karachi,12,0.1,1016
10/20/2024,30.5,79,416,Karachi,15,0,1017
10/21/2024,29.1,81,414.3,Karachi,18,0.1,1008
10/22/2024,25.9,79,413.1,Karachi,6,0.1,1007
10/23/2024,30.7,68,418.3,Karachi,5,0.2,1016
10/24/2024,28.9,88,421.2,Karachi,12,0.1,1010
10/25/2024,30.4,85,415.4,Karachi,19,0,1012
10/26/2024,29.9,82,417.8,Karachi,8,0.2,1008
10/27/2024,25.5,90,416,Karachi,10,0.2,1008
10/28/2024,26.3,75,417.3,Karachi,17,0.4,1012
10/29/2024,30.2,89,411.5,Karachi,5,0,1004
10/30/2024,29.8,75,413.5,Karachi,7,0.1,1012
10/31/2024,27.9,81,416.2,Karachi,11,0.1,1012
11/1/2024,28.4,74,418.6,Karachi,11,0.1,1008
11/2/2024,31.8,80,412.5,Karachi,15,0.4,1010
11/3/2024,26.2,82,408.9,Karachi,12,0.1,1011
11/4/2024,29.6,79,413.5,Karachi,18,0.1,1011
11/5/2024,27.4,84,418,Karachi,6,0,1012
11/6/2024,27.3,80,410.2,Karachi,11,0,1008
11/7/2024,31.3,77,411.5,Karachi,8,0,1018
11/8/2024,30.5,77,415.5,Karachi,19,0,1009
11/9/2024,30.4,84,414.7,Karachi,10,0,1010
11/10/2024,31.9,77,416.8,Karachi,8,0,1016
11/11/2024,28.1,85,411.3,Karachi,19,0.1,1005
11/12/2024,30,86,414,Karachi,13,0.1,1016
11/13/2024,27.1,72,418.6,Karachi,18,0.1,1010
11/14/2024,29,86,411.4,Karachi,5,0.1,1008
11/15/2024,27.6,90,419.4,Karachi,5,0.1,1007
11/16/2024,28.3,81,411.8,Karachi,9,0,1006
11/17/2024,29.8,83,417.5,Karachi,9,0.2,1009
11/18/2024,25.5,85,413.9,Karachi,15,0,1011
11/19/2024,34.3,79,411.6,Karachi,12,0.4,1012
11/20/2024,25,81,413.5,Karachi,11,0.1,1011
11/21/2024,24.4,73,416.6,Karachi,15,0,1008
11/22/2024,31.5,81,415,Karachi,7,0,1014
11/23/2024,30.4,82,418.4,Karachi,12,0,1018
11/24/2024,29.9,83,419.3,Karachi,18,0,1014
11/25/2024,29.9,85,411.5,Karachi,8,0,1009
11/26/2024,28,76,411.2,Karachi,7,0.1,1012
11/27/2024,25.3,77,411.1,Karachi,6,0,1012
11/28/2024,28.2,89,412.3,Karachi,13,0.1,1015
11/29/2024,26,79,418.3,Karachi,18,0.2,1009
11/30/2024,30.9,81,416.7,Karachi,16,0.1,1007
12/1/2024,27.6,80,413.4,Karachi,11,0,1013
12/2/2024,25.5,76,415,Karachi,9,0,1011
12/3/2024,27,88,419.2,Karachi,13,0,1007
12/4/2024,29.2,77,420.7,Karachi,7,0.1,1012
12/5/2024,26.3,74,415.8,Karachi,17,0.1,1016
12/6/2024,25.5,78,407,Karachi,17,0.1,1008
12/7/2024,28.7,70,415.9,Karachi,17,0,1007
12/8/2024,28.7,77,417.8,Karachi,10,0,1010
12/9/2024,26.5,75,415.7,Karachi,12,0.2,1012
12/10/2024,26.6,83,417.2,Karachi,13,0.1,1010
12/11/2024,28.7,77,416.1,Karachi,8,0.3,1013
12/12/2024,23.7,84,411.3,Karachi,5,1,1011
12/13/2024,23.8,87,412.3,Karachi,12,0.2,1013
12/14/2024,25.8,84,414,Karachi,14,0,1008
12/15/2024,27.4,79,418.2,Karachi,7,0,1006
12/16/2024,28.9,81,412.7,Karachi,10,0,1009
12/17/2024,32.4,72,416.4,Karachi,8,0.4,1006
12/18/2024,30.6,79,415.9,Karachi,10,0,1011
12/19/2024,27.5,76,419.8,Karachi,16,0.1,1004
12/20/2024,27.9,83,414.9,Karachi,7,0.3,1009
12/21/2024,25,93,409.7,Karachi,11,0.2,1009
12/22/2024,27.9,82,416.9,Karachi,6,0.1,1007
12/23/2024,27.1,70,421.4,Karachi,9,0,1009
12/24/2024,29,78,417.1,Karachi,7,0,1010
12/25/2024,25.5,81,412.6,Karachi,9,0.1,1014
12/26/2024,29.6,80,411.8,Karachi,7,0.3,1007
12/27/2024,32.6,76,412.1,Karachi,13,0.2,1011
12/28/2024,27.7,81,421,Karachi,12,0,1012
12/29/2024,29.2,74,414,Karachi,18,0,1010
12/30/2024,30.1,75,413,Karachi,6,0.1,1009
12/31/2024,26.8,83,414.5,Karachi,12,0.1,1007
1/1/2025,28.7,75,414,Karachi,18,0,1016
1/2/2025,28,83,419.7,Karachi,12,0,1010
1/3/2025,28.3,73,412,Karachi,14,0.3,1009
1/4/2025,25.7,89,418.5,Karachi,7,0.3,1016
1/5/2025,28.1,76,415.4,Karachi,14,0.1,1011
1/6/2025,29.5,79,418.6,Karachi,9,0.1,1018
1/7/2025,32.4,82,419.7,Karachi,6,0,1006
1/8/2025,30.9,77,415.3,Karachi,14,0.1,1009
1/9/2025,34.5,81,414.1,Karachi,10,0,1006
1/10/2025,25.7,83,415.2,Karachi,6,0,1010
1/11/2025,30.6,85,414.7,Karachi,19,0,1010
1/12/2025,28.6,84,410,Karachi,8,0,1009
1/13/2025,34.6,79,419.7,Karachi,19,0.2,1010
1/14/2025,25.6,79,415.7,Karachi,7,0.4,1009
1/15/2025,25.5,92,411.5,Karachi,5,0.1,1010
1/16/2025,26.2,85,408.8,Karachi,12,0.1,1008
1/17/2025,21.6,75,408,Karachi,12,0,1014
1/18/2025,26.4,80,417.3,Karachi,5,0.1,1007
1/19/2025,25.7,78,413.1,Karachi,16,0.1,1011
1/20/2025,28.5,79,413.6,Karachi,10,0.1,1006
1/21/2025,29,74,416.5,Karachi,16,0,1007
1/22/2025,33.6,78,413.5,Karachi,5,0.1,1008
1/23/2025,30.9,89,416.6,Karachi,17,0,1010
1/24/2025,26.3,83,415.3,Karachi,13,0,1011
1/25/2025,25.3,68,414.7,Karachi,5,0.1,1007
1/26/2025,29.5,86,410.3,Karachi,19,0,1009
1/27/2025,24,85,412.5,Karachi,7,0.1,1007
1/28/2025,33.5,78,416.8,Karachi,13,0.1,1007
1/29/2025,31.5,84,413,Karachi,5,0,1013
1/30/2025,26.6,76,418.6,Karachi,19,0.3,1006
1/31/2025,22.9,78,422,Karachi,6,0.2,1010
2/1/2025,32.1,87,417,Karachi,8,0,1015
2/2/2025,27.7,79,419.5,Karachi,11,0.1,1014
2/3/2025,31.7,71,417.2,Karachi,12,0,1011
2/4/2025,23.2,80,413.4,Karachi,5,0.1,1010
2/5/2025,26.2,80,415.6,Karachi,5,0.2,1012
2/6/2025,28,86,421,Karachi,9,0,1011
2/7/2025,28.1,80,413.4,Karachi,12,0.1,1014
2/8/2025,26.6,78,411.9,Karachi,19,0.2,1010
2/9/2025,29.9,85,411.6,Karachi,5,0,1013
2/10/2025,24.8,81,414.3,Karachi,7,0,1009
2/11/2025,27.6,76,412,Karachi,10,0,1016
2/12/2025,28.4,86,420,Karachi,17,0,1010
2/13/2025,29.5,81,415.6,Karachi,5,0,1005
2/14/2025,30.1,80,417.9,Karachi,18,0,1010
2/15/2025,24.6,81,414.1,Karachi,7,0,1012
2/16/2025,23.4,75,411.6,Karachi,16,0,1015
2/17/2025,31.8,77,411.1,Karachi,5,0.1,1007
2/18/2025,29,80,412.3,Karachi,8,0.5,1005
2/19/2025,25.8,79,416,Karachi,13,0.2,1011
2/20/2025,32.7,86,416.6,Karachi,17,0,1011
2/21/2025,28.3,81,416.8,Karachi,9,0.1,1006
2/22/2025,31.5,84,410.5,Karachi,18,0.3,1009
2/23/2025,28.2,80,415,Karachi,7,0.2,1009
2/24/2025,34.2,85,411.9,Karachi,14,0.2,1012
2/25/2025,33.3,82,416.2,Karachi,11,0.2,1009
2/26/2025,27.3,80,416.4,Karachi,18,0,1009
2/27/2025,30.9,80,411.5,Karachi,10,0,1010
2/28/2025,29.9,75,417.9,Karachi,15,0.1,1006
3/1/2025,32.1,83,422,Karachi,13,0,1016
3/2/2025,25.1,80,417.5,Karachi,8,0.6,1013
3/3/2025,30.1,77,414.5,Karachi,8,0,1008
3/4/2025,31.2,86,414.1,Karachi,13,0.3,1007
3/5/2025,22.7,74,414.4,Karachi,6,0.1,1007
3/6/2025,24.5,78,412.7,Karachi,14,0.1,1012
3/7/2025,21.9,85,415.8,Karachi,6,0,1007
3/8/2025,27.2,82,411.6,Karachi,13,0,1009
3/9/2025,30.2,80,409.3,Karachi,11,0.1,1005
3/10/2025,32.5,81,415.7,Karachi,9,0.2,1012
3/11/2025,28.2,81,415.1,Karachi,18,0.4,1012
3/12/2025,32.9,72,413.3,Karachi,9,0,1009
3/13/2025,23.9,78,411.2,Karachi,13,0,1011
3/14/2025,22.9,88,415.9,Karachi,17,0,1012
3/15/2025,27.8,77,412,Karachi,19,0,1011
3/16/2025,29.2,78,414.6,Karachi,14,0.2,1012
3/17/2025,27.9,77,420.3,Karachi,9,0,1006
3/18/2025,21.8,80,417,Karachi,13,0.1,1011
3/19/2025,27.7,77,410.9,Karachi,12,0.1,1011
3/20/2025,24.1,82,411.2,Karachi,10,0,1014
3/21/2025,30,81,415.5,Karachi,9,0.1,1010
3/22/2025,29.1,84,410.9,Karachi,17,0.1,1010
3/23/2025,25.2,75,409,Karachi,9,0,1008
3/24/2025,26.5,78,416.6,Karachi,9,0.1,1014
3/25/2025,24.8,79,416,Karachi,18,0,1003
3/26/2025,27.8,82,416.4,Karachi,5,0.1,1012
3/27/2025,30.9,76,415.8,Karachi,15,0.3,1010
3/28/2025,25,85,414.8,Karachi,9,0.1,1009
3/29/2025,29.5,86,413,Karachi,7,0.1,1009
3/30/2025,26.4,75,416.5,Karachi,10,0.1,1010
3/31/2025,25.6,78,419.6,Karachi,13,0.2,1011
4/1/2025,27.7,77,413.5,Karachi,16,0,1008
4/2/2025,24.9,93,411.9,Karachi,19,0.1,1010
4/3/2025,26.3,78,411.6,Karachi,7,0.1,1011
4/4/2025,24.4,88,412.4,Karachi,5,0.2,1007
4/5/2025,33.9,74,415.6,Karachi,12,0,1012
4/6/2025,28.1,75,408.6,Karachi,16,0.3,1011
4/7/2025,25.9,77,416.3,Karachi,17,0.1,1008
4/8/2025,28.6,76,416.9,Karachi,18,0,1006
4/9/2025,27.7,79,409.6,Karachi,18,0.1,1008
4/10/2025,27.3,76,412.1,Karachi,13,0,1010
4/11/2025,29.8,76,415.2,Karachi,14,0,1010
4/12/2025,30.3,86,414.6,Karachi,8,0,1014
4/13/2025,26.4,86,416.6,Karachi,14,0,1009
4/14/2025,26.3,85,414.6,Karachi,18,0.1,1007
4/15/2025,27.2,83,418.8,Karachi,18,0,1012
4/16/2025,21.1,80,414,Karachi,17,0,1007
4/17/2025,23.5,78,412.1,Karachi,9,0.1,1008
4/18/2025,32.1,75,411.8,Karachi,7,0,1008
4/19/2025,32.9,82,417.2,Karachi,18,0,1001
4/20/2025,27.3,74,415.1,Karachi,17,0,1012
4/21/2025,29.7,75,416.9,Karachi,12,0.1,1013
4/22/2025,28.9,86,416.8,Karachi,7,0,1013
4/23/2025,37.2,90,408.9,Karachi,8,0,1016
4/24/2025,31.4,82,411.6,Karachi,14,0.1,1015
4/25/2025,27.6,86,411.9,Karachi,16,0,1009
4/26/2025,25.1,79,412.6,Karachi,11,0.1,1013
4/27/2025,23.2,73,413.7,Karachi,6,0,1010
4/28/2025,28.6,83,418,Karachi,5,0.2,1009
4/29/2025,25.7,83,418.6,Karachi,8,0.2,1008
4/30/2025,23.7,80,414.1,Karachi,12,0.5,1009
5/1/2025,26.1,79,414.2,Karachi,19,0.1,1011
5/2/2025,24.8,85,412.9,Karachi,5,0.1,1015
5/3/2025,33.1,75,415.3,Karachi,14,0.3,1012
5/4/2025,30.6,76,415.6,Karachi,18,0.1,1008
5/5/2025,28,75,417.4,Karachi,18,0.1,1007
5/6/2025,32.4,80,417.4,Karachi,7,0,1012
5/7/2025,28.2,75,408.1,Karachi,8,0.1,1013
5/8/2025,25.4,77,414.5,Karachi,8,0,1014
5/9/2025,32.6,76,419.2,Karachi,7,0.2,1009
5/10/2025,29.6,79,413.7,Karachi,7,0.4,1011
5/11/2025,24.9,73,418.4,Karachi,17,0,1013
5/12/2025,27.4,80,414.1,Karachi,11,0.2,1006
5/13/2025,25.4,86,415.5,Karachi,12,0,1011
5/14/2025,23.9,81,411.6,Karachi,18,0,1013
5/15/2025,30.8,88,411.7,Karachi,17,0.1,1012
5/16/2025,33.7,87,417.2,Karachi,14,0,1010
5/17/2025,23.8,84,417.6,Karachi,18,0.1,1018
5/18/2025,29.7,80,415.1,Karachi,8,0,1016
5/19/2025,26,80,411.3,Karachi,15,0.1,1010
5/20/2025,26.5,84,415.1,Karachi,15,0.1,1009
5/21/2025,26.2,78,418.8,Karachi,19,0.2,1012
5/22/2025,25.4,71,420.2,Karachi,12,0.1,1010
5/23/2025,28.1,82,414,Karachi,12,0,1014
5/24/2025,25.5,74,410,Karachi,10,0,1006
5/25/2025,28.8,75,417.5,Karachi,5,0.3,1009
5/26/2025,27.8,80,414.2,Karachi,11,0.1,1012
5/27/2025,27.3,80,417.8,Karachi,11,0.1,1013
5/28/2025,25.3,73,415.8,Karachi,9,0.1,1006
5/29/2025,26.3,81,412.3,Karachi,10,0.1,1007
5/30/2025,30.3,85,415.2,Karachi,18,0.1,1005
5/31/2025,29.5,74,418.9,Karachi,13,0.1,1007
6/1/2025,25.1,86,414.6,Karachi,7,0,1006
6/2/2025,28.3,72,411.9,Karachi,16,0.4,1012
6/3/2025,30.3,91,410.2,Karachi,8,0,1011
6/4/2025,23,78,412.7,Karachi,13,0.1,1010
6/5/2025,29.6,81,413.8,Karachi,19,0,1010
6/6/2025,26,71,417.5,Karachi,17,0.1,1014
6/7/2025,29.7,80,411.6,Karachi,14,0,1007
6/8/2025,25.7,81,419.7,Karachi,18,0,1004
6/9/2025,22.6,80,411,Karachi,16,0.4,1012
6/10/2025,23.1,77,422,Karachi,6,0.1,1009
6/11/2025,28.1,75,420.2,Karachi,18,0.1,1007
6/12/2025,28.8,86,415.4,Karachi,17,0.1,1012
6/13/2025,25.3,80,410.1,Karachi,13,0,1004
6/14/2025,29.9,88,414.8,Karachi,19,0,1007
6/15/2025,23,77,413.8,Karachi,9,0,1003
6/16/2025,27.8,78,411.2,Karachi,7,0.1,1011
6/17/2025,24.4,84,415.9,Karachi,12,0.2,1015
6/18/2025,26,72,412.5,Karachi,17,0,1008
6/19/2025,28.1,74,412.9,Karachi,13,0.1,1008
6/20/2025,25.4,85,414.4,Karachi,5,0,1015
6/21/2025,26.8,74,413.3,Karachi,9,0,1012
6/22/2025,31,71,421.2,Karachi,18,0.1,1017
6/23/2025,26.3,89,413.4,Karachi,13,0,1010
6/24/2025,30.5,73,416.3,Karachi,15,0.1,1011
6/25/2025,24.6,81,415.4,Karachi,6,0,1014
6/26/2025,29.6,80,416.1,Karachi,17,0.5,1010
6/27/2025,32.3,66,416.3,Karachi,5,0.1,1011
6/28/2025,20.6,79,417.6,Karachi,12,0,1003
6/29/2025,25.6,82,415.8,Karachi,19,0,1015
6/30/2025,29.7,82,415.7,Karachi,10,0,1011
7/1/2025,27.4,85,415.2,Karachi,18,0,1010
7/2/2025,29.1,78,414.6,Karachi,18,0.1,1013
7/3/2025,26.2,84,412.3,Karachi,6,0.2,1006
7/4/2025,28.3,77,414.8,Karachi,7,0,1008
7/5/2025,27.5,73,415.7,Karachi,9,0.1,1012
7/6/2025,31.5,74,416.2,Karachi,5,0,1010
7/7/2025,28.8,73,415.5,Karachi,6,0.1,1011
7/8/2025,29,85,414.3,Karachi,15,0,1011
7/9/2025,26.8,72,414.8,Karachi,16,0.3,1012
7/10/2025,26.5,81,413.3,Karachi,5,0.1,1006
7/11/2025,26.7,79,415.9,Karachi,18,0.3,1014
7/12/2025,29.2,79,414.3,Karachi,18,0,1009
7/13/2025,26.7,87,415.5,Karachi,15,0.1,1010
7/14/2025,28.9,78,418,Karachi,11,0.1,1008
7/15/2025,34.2,83,412.9,Karachi,11,0.1,1009
7/16/2025,30.6,80,416.8,Karachi,14,0,1011
7/17/2025,27,79,415.1,Karachi,19,0.6,1012
7/18/2025,31.6,91,421.1,Karachi,18,0.3,1013
7/19/2025,26.8,73,414.4,Karachi,9,0,1011
7/20/2025,21.9,86,417.1,Karachi,14,0.1,1008
7/21/2025,25,83,415,Karachi,10,0,1011
7/22/2025,22.4,78,410.8,Karachi,17,0.2,1011
7/23/2025,26.9,88,413.4,Karachi,7,0.1,1010
7/24/2025,28.1,71,417.6,Karachi,15,0,1012
7/25/2025,33,77,413.7,Karachi,6,0,1006
7/26/2025,29,74,408.3,Karachi,14,0,1004
7/27/2025,27.3,82,414.9,Karachi,17,0,1014
7/28/2025,30.5,74,411.7,Karachi,19,0,1010
7/29/2025,21.4,82,415.4,Karachi,13,0.1,1011
7/30/2025,28.7,79,419.7,Karachi,6,0.1,1007
7/31/2025,30.3,78,417.3,Karachi,18,0.1,1014
8/1/2025,23.6,82,419.6,Karachi,5,0.1,1011
8/2/2025,31.4,79,413.3,Karachi,13,0,1009
8/3/2025,29,75,414.6,Karachi,12,0,1011
8/4/2025,26.8,94,411.9,Karachi,12,0.1,1005
8/5/2025,29.9,78,412.9,Karachi,11,0,1011
8/6/2025,34.8,69,412.2,Karachi,13,0,1014
8/7/2025,28.5,76,411.1,Karachi,15,0,1011
8/8/2025,28.7,74,419.1,Karachi,7,0.1,1011
8/9/2025,26.6,84,408.7,Karachi,12,0.2,1009
8/10/2025,25.5,82,419.1,Karachi,5,0.1,1013
8/11/2025,30.5,82,418.7,Karachi,5,0,1014
8/12/2025,25.4,78,416.5,Karachi,15,0.2,1009
8/13/2025,28.2,79,411.7,Karachi,17,0,1011
8/14/2025,26.6,78,410.3,Karachi,19,0.1,1011
8/15/2025,29.4,80,413.4,Karachi,19,0,1011
8/16/2025,29,84,416.9,Karachi,10,0.3,1008
8/17/2025,31.1,82,415,Karachi,19,0.1,1013
8/18/2025,26.5,83,411.9,Karachi,16,0.1,1012
8/19/2025,27.2,82,418.4,Karachi,12,0.1,1014
8/20/2025,25.1,84,420.1,Karachi,12,0.1,1007
8/21/2025,26.7,81,414.3,Karachi,14,0,1007
8/22/2025,29.1,82,415.3,Karachi,5,0.1,1016
8/23/2025,30.3,86,410.5,Karachi,15,0.1,1013
8/24/2025,25.2,77,413.8,Karachi,19,0.1,1008
8/25/2025,30.6,76,416.5,Karachi,5,0,1013
8/26/2025,32.1,74,416.1,Karachi,13,0,1009
8/27/2025,29.2,81,413.5,Karachi,13,0.1,1005
8/28/2025,33.6,71,414.2,Karachi,11,0.1,1004
8/29/2025,25.7,82,413.7,Karachi,5,0,1010
8/30/2025,24.3,79,414.2,Karachi,17,0,1015
8/31/2025,22.7,86,416.3,Karachi,14,0.1,1015
9/1/2025,32.5,77,409.1,Karachi,6,0,1014
9/2/2025,30,79,414.8,Karachi,12,0.1,1012
9/3/2025,27.8,86,416,Karachi,12,0.1,1011
9/4/2025,28.8,87,413.3,Karachi,15,0,1013
9/5/2025,24.6,77,413.6,Karachi,17,0.2,1004
9/6/2025,35.3,81,413.6,Karachi,9,0,1013
9/7/2025,28.4,81,413.6,Karachi,6,0.2,1007
9/8/2025,28.3,82,415,Karachi,7,0.1,1007
9/9/2025,30.2,79,415.4,Karachi,9,0.1,1012
9/10/2025,29.4,86,408.7,Karachi,7,0.3,1013
9/11/2025,28.7,71,417,Karachi,14,0.1,1008
9/12/2025,25.6,78,414.1,Karachi,5,0.3,1012
9/13/2025,29.4,82,420.8,Karachi,18,0.1,1012
9/14/2025,33.6,82,411.4,Karachi,10,0.1,1009
9/15/2025,32,87,412.4,Karachi,18,0.1,1010
9/16/2025,32.8,86,414.4,Karachi,9,0,1016
9/17/2025,26.5,79,416.2,Karachi,7,0.2,1009
9/18/2025,25,86,409.1,Karachi,13,0.1,1009
9/19/2025,27.6,76,412.5,Karachi,14,0.1,1010
9/20/2025,28.2,85,416.8,Karachi,12,0.3,1009
9/21/2025,31.3,89,412.2,Karachi,11,0.5,1012
9/22/2025,22.9,86,419.1,Karachi,16,0,1014
9/23/2025,32.6,81,413.6,Karachi,18,0.1,1009
9/24/2025,27.5,78,412.3,Karachi,17,0.1,1007
9/25/2025,26.7,72,416.8,Karachi,19,0.1,1016
9/26/2025,25,82,419.8,Karachi,17,0.4,1010
9/27/2025,23,74,416.2,Karachi,15,0.2,1005
9/28/2025,30.5,76,418.8,Karachi,6,0.1,1016
9/29/2025,28.2,74,420,Karachi,18,0,1013
9/30/2025,24.1,78,412.2,Karachi,14,0.1,1015
10/1/2025,24.1,80,417.8,Karachi,9,0.1,1014
10/2/2025,27,81,410.4,Karachi,9,0,1018
10/3/2025,33,77,416.3,Karachi,10,0.1,1007
10/4/2025,27.2,85,414.8,Karachi,10,0,1008
10/5/2025,23.5,79,418.7,Karachi,7,0.1,1009
10/6/2025,27.3,76,418.5,Karachi,15,0.1,1008
10/7/2025,27.2,81,416.7,Karachi,8,0,1010
10/8/2025,19.9,90,415.9,Karachi,5,0.1,1009
10/9/2025,27.8,82,416.5,Karachi,15,0,1006
10/10/2025,27.3,78,415.2,Karachi,5,0.1,1007
10/11/2025,30.1,72,414.8,Karachi,9,0.1,1009
10/12/2025,33.5,79,419.3,Karachi,16,0.1,1013
10/13/2025,31.4,81,419.7,Karachi,8,0.1,1008
10/14/2025,27.2,78,414.6,Karachi,19,0.1,1012
10/15/2025,24.7,72,415.7,Karachi,11,0,1006
10/16/2025,35.7,76,415.2,Karachi,11,0.1,1000
10/17/2025,28.2,87,410.2,Karachi,8,0.1,1010
10/18/2025,28,87,414,Karachi,14,0,1008
10/19/2025,27.9,76,419.8,Karachi,18,0,1007
10/20/2025,28.6,83,412.8,Karachi,19,0,1007
10/21/2025,27.6,74,421.3,Karachi,18,0,1008
10/22/2025,26.3,87,418.5,Karachi,17,0.1,1007
10/23/2025,26.4,81,416.2,Karachi,6,0.1,1007
10/24/2025,27.9,85,416.7,Karachi,14,0.1,1006
10/25/2025,26.4,71,412.2,Karachi,8,0,1004
10/26/2025,25.9,83,414.2,Karachi,12,0.3,1003
10/27/2025,28.3,80,419.3,Karachi,6,0.1,1017
10/28/2025,27.2,84,413.2,Karachi,9,0.1,1010
10/29/2025,32.5,85,418.2,Karachi,17,0,1015
10/30/2025,20,80,410.9,Karachi,11,0.1,1009
10/31/2025,31.3,77,411.4,Karachi,14,0.1,1010
11/1/2025,31.7,84,420.7,Karachi,10,0.1,1011
11/2/2025,21.8,80,415,Karachi,17,0.2,1012
11/3/2025,27,76,413.4,Karachi,18,0.1,1006
11/4/2025,26.9,75,419.1,Karachi,13,0.2,1009
11/5/2025,23.8,73,418.7,Karachi,6,0,1011
11/6/2025,25.7,77,417.8,Karachi,8,0,1004
11/7/2025,24.7,86,413.3,Karachi,11,0,1014
11/8/2025,33.3,81,414.1,Karachi,16,0.1,1013
11/9/2025,30.8,77,415.9,Karachi,12,0.1,1004
11/10/2025,31.8,84,417.1,Karachi,9,0.2,1007
11/11/2025,30.2,76,413.5,Karachi,9,0,1010
11/12/2025,24.6,80,415.5,Karachi,8,0,1013
11/13/2025,26.4,79,415.8,Karachi,13,0,1015
11/14/2025,29.5,84,418.9,Karachi,16,0,1008
11/15/2025,24.3,72,417.3,Karachi,14,0,1017
11/16/2025,30.1,76,410.5,Karachi,8,0,1010
11/17/2025,27.3,72,414.4,Karachi,7,0,1009
11/18/2025,26.9,79,412.2,Karachi,13,0.1,1012
11/19/2025,30.1,86,416.7,Karachi,11,0.1,1011
11/20/2025,29.3,77,417.8,Karachi,13,0,1011
11/21/2025,26.9,77,415.3,Karachi,8,0,1016
11/22/2025,31.5,84,414.2,Karachi,7,0.2,1011
11/23/2025,24.8,85,415.2,Karachi,14,0.1,1007
11/24/2025,29.8,80,415.6,Karachi,12,0.4,1007
11/25/2025,29.8,83,413.1,Karachi,8,0.1,1014
11/26/2025,27.1,75,411.3,Karachi,14,0.3,1012
11/27/2025,29,87,408.8,Karachi,7,0,1005
11/28/2025,24.2,91,418.8,Karachi,19,0,1005
11/29/2025,30.8,83,416.5,Karachi,16,0.1,1010
11/30/2025,27.4,70,416.1,Karachi,8,0.4,1012
12/1/2025,26.4,77,418.8,Karachi,6,0.2,1008
12/2/2025,31.1,83,411.2,Karachi,16,0.1,1005
12/3/2025,25.9,78,409.8,Karachi,15,0,1007
12/4/2025,23.8,86,416.2,Karachi,8,0,1015
12/5/2025,23.3,83,415.9,Karachi,11,0,1011
12/6/2025,29.8,76,409.8,Karachi,19,0,1013
12/7/2025,24.2,80,416.1,Karachi,17,0,1013
12/8/2025,33.3,76,413.8,Karachi,7,0,1008
12/9/2025,21.8,79,412.6,Karachi,5,0.2,1009
12/10/2025,33.1,77,414,Karachi,14,0,1009
12/11/2025,28.6,86,407.7,Karachi,12,0,1011
12/12/2025,27.7,91,413.2,Karachi,10,0,1013
12/13/2025,26.4,73,412.9,Karachi,18,0,1016
12/14/2025,29.2,70,416.7,Karachi,7,0,1012
12/15/2025,27.9,79,414.5,Karachi,12,0,1012
12/16/2025,31.3,72,416.9,Karachi,10,0.3,1016
12/17/2025,28.3,80,407.4,Karachi,5,0.1,1009
12/18/2025,28.5,84,412.5,Karachi,13,0,1014
12/19/2025,26.9,87,416.7,Karachi,15,0.1,1012
12/20/2025,27.8,81,414.1,Karachi,13,0,1012
12/21/2025,28.9,79,417.5,Karachi,13,0,1009
12/22/2025,22.9,70,409.6,Karachi,18,0,1006
12/23/2025,24,80,417.2,Karachi,17,0,1011
12/24/2025,30.2,80,413.1,Karachi,16,0.1,1011
12/25/2025,28.5,83,412.8,Karachi,10,0.2,1008
12/26/2025,27.4,76,418,Karachi,10,0.1,1010
12/27/2025,28.1,78,418.5,Karachi,17,0.1,1007
12/28/2025,29,73,418.1,Karachi,8,0,1007
12/29/2025,26.4,69,421.1,Karachi,12,0,1009
12/30/2025,25.7,74,418.8,Karachi,13,0.1,1006
12/31/2025,28.6,72,412.6,Karachi,16,0.1,1008
1/1/2026,25.1,82,415.4,Karachi,11,0,1012
1/2/2026,29.2,77,413.9,Karachi,11,0.1,1014
1/3/2026,22.9,77,421.1,Karachi,17,0.1,1016
1/4/2026,31.1,75,418.3,Karachi,6,0.2,1009
1/5/2026,29.4,64,414.4,Karachi,6,0,1014
1/6/2026,28.8,88,417.6,Karachi,16,0,1011
1/7/2026,30.9,75,411.3,Karachi,19,0,1009
1/8/2026,33,78,415.8,Karachi,14,0.3,1011
1/9/2026,31,73,412.2,Karachi,15,0.1,1013
1/10/2026,22.5,85,409.9,Karachi,6,0.2,1009
1/11/2026,24.2,81,417.4,Karachi,8,0.1,1008
1/12/2026,26.1,76,417.7,Karachi,13,0.1,1009
1/13/2026,28.1,78,416.4,Karachi,9,0,1008
1/14/2026,29.6,88,414.5,Karachi,6,0.2,1014
1/15/2026,25.8,80,411.2,Karachi,8,0.2,1008
1/16/2026,28.6,79,411.5,Karachi,11,0,1008
1/17/2026,25.7,75,412.1,Karachi,9,0,1011
1/18/2026,26.2,71,414.3,Karachi,15,0.1,1011
1/19/2026,23.8,79,418.2,Karachi,12,0,1009
1/20/2026,25.2,82,418.2,Karachi,5,0.2,1015
1/21/2026,23.9,85,410.1,Karachi,18,0.1,1008
1/22/2026,25.1,69,412.9,Karachi,17,0.1,1009
1/23/2026,31.2,74,412.8,Karachi,18,0.1,1004
1/24/2026,25.2,77,407.4,Karachi,19,0.1,1009
1/25/2026,35.9,80,416.7,Karachi,9,0,1006
1/26/2026,29.5,79,414.3,Karachi,8,0.3,1007
1/27/2026,28.6,79,414.7,Karachi,7,0.4,1004
1/28/2026,25.4,82,419,Karachi,11,0.1,1007
1/29/2026,30.1,75,415.3,Karachi,14,0.1,1010
1/30/2026,26.3,85,413.7,Karachi,15,0.1,1009
1/31/2026,28.4,82,416.7,Karachi,5,0.1,1009
2/1/2026,35.7,78,418.2,Karachi,10,0.3,1009
2/2/2026,27.7,88,415.9,Karachi,12,0,1008
2/3/2026,31.4,88,417.1,Karachi,6,0,1010
2/4/2026,25.9,85,414.6,Karachi,10,0.3,1010
2/5/2026,27.9,65,414.8,Karachi,15,0,1011
2/6/2026,33.3,88,415.3,Karachi,5,0.1,1009
2/7/2026,26.1,84,412.7,Karachi,17,0,1009
2/8/2026,33.4,90,413.3,Karachi,17,0.3,1012
2/9/2026,30.1,86,419.1,Karachi,10,0.2,1012
2/10/2026,26.3,88,421,Karachi,10,0.3,1010
2/11/2026,29.9,84,419.8,Karachi,9,0.3,1014
2/12/2026,30.9,87,411,Karachi,11,0,1010
2/13/2026,29.9,90,410.7,Karachi,18,0.1,1010
2/14/2026,23.3,81,411.4,Karachi,9,0.1,1010
2/15/2026,25.8,72,415.4,Karachi,19,0.2,1010
2/16/2026,27.3,78,406.6,Karachi,18,0,1007
2/17/2026,27.8,82,413.2,Karachi,12,0.2,1004
2/18/2026,29.9,80,419.2,Karachi,6,0,1011
2/19/2026,28.5,74,417.9,Karachi,10,0.2,1013
2/20/2026,24,72,413.5,Karachi,9,0.1,1007
2/21/2026,29.1,76,413.7,Karachi,14,0.1,1013
2/22/2026,29.8,84,416.7,Karachi,6,0,1005
2/23/2026,29.7,88,417.8,Karachi,15,0,1008
2/24/2026,31.2,85,413.4,Karachi,17,0,1015
2/25/2026,30.5,85,414.3,Karachi,11,0.1,1011
2/26/2026,29.4,80,413.3,Karachi,8,0.1,1009
2/27/2026,27.8,71,411,Karachi,10,0.1,1011
2/28/2026,23,78,414.3,Karachi,9,0,1014
3/1/2026,29.3,79,414.1,Karachi,8,0.1,1006
3/2/2026,28.6,78,411.2,Karachi,17,0.2,1014
3/3/2026,28.8,80,416.9,Karachi,6,0.1,1009
3/4/2026,24.2,82,416.4,Karachi,17,0,1012
3/5/2026,24.8,84,417.1,Karachi,17,0.2,1008
3/6/2026,31.2,79,412.7,Karachi,11,0.5,1015
3/7/2026,27.9,70,409,Karachi,9,0.3,1010
3/8/2026,30,78,416.4,Karachi,17,0.2,1006
3/9/2026,28.1,80,413,Karachi,7,0.1,1011
3/10/2026,28.1,86,412.3,Karachi,10,0,1014
3/11/2026,30.8,77,411.2,Karachi,12,0.1,1014
3/12/2026,26.5,83,414.2,Karachi,15,0.1,1010
3/13/2026,28.3,81,419.7,Karachi,14,0,1012
3/14/2026,26.6,80,413.5,Karachi,14,0,1009
3/15/2026,26.7,85,411.7,Karachi,16,0.1,1012
3/16/2026,27.1,77,417,Karachi,6,0.1,1011
3/17/2026,28.7,77,415.5,Karachi,15,0,1001
3/18/2026,26.6,80,408.6,Karachi,14,0.1,1007
3/19/2026,31.8,77,417,Karachi,16,0.2,1011
3/20/2026,25.3,83,421.4,Karachi,8,0,1010
3/21/2026,27.4,76,407.2,Karachi,7,0.3,1010
3/22/2026,26.7,81,411.3,Karachi,11,0.1,1010
3/23/2026,32.3,79,406.5,Karachi,14,0,1014
3/24/2026,28.6,81,414.8,Karachi,12,0,1011
3/25/2026,31.1,78,418,Karachi,12,0,1003
3/26/2026,23.5,78,415.3,Karachi,18,0,1016
3/27/2026,28.8,80,419.2,Karachi,8,0.2,1004
3/28/2026,30.7,81,417.5,Karachi,19,0.1,1013
3/29/2026,28.2,80,420.1,Karachi,19,0.2,1005
3/30/2026,31.2,89,418.5,Karachi,14,0.1,1014
3/31/2026,26.4,75,413.8,Karachi,6,0.1,1009
4/1/2026,32.2,80,415.2,Karachi,10,0,1011
4/2/2026,34.9,72,412.4,Karachi,19,0.1,1004
4/3/2026,26.9,82,414.3,Karachi,7,0.1,1012
4/4/2026,26.7,74,415.2,Karachi,12,0,1011
4/5/2026,32.4,79,414.7,Karachi,7,0.3,1012
4/6/2026,32.7,78,419,Karachi,6,0.1,1013
4/7/2026,26.4,81,414,Karachi,17,0.2,1011
4/8/2026,26.7,77,412.2,Karachi,17,0.1,1009
4/9/2026,27.2,77,412.4,Karachi,13,0,1008
4/10/2026,24,87,417,Karachi,13,0.1,1009
4/11/2026,25.2,81,410.8,Karachi,13,0,1014
4/12/2026,25,77,414.4,Karachi,7,0.1,1007
4/13/2026,25.7,79,419,Karachi,6,0.1,1004
4/14/2026,27.9,88,415.9,Karachi,18,0,1007
4/15/2026,28.7,79,414.8,Karachi,18,0.1,1012
4/16/2026,32.7,77,414.9,Karachi,8,0,1009
4/17/2026,25,77,411.9,Karachi,6,0,1012
4/18/2026,31,77,412.4,Karachi,12,0.2,1004
4/19/2026,27.4,77,414.4,Karachi,14,0.1,1001
4/20/2026,27.9,74,415.8,Karachi,5,0,1011
4/21/2026,30,74,417.8,Karachi,6,0.1,1013
4/22/2026,24.6,76,415.3,Karachi,10,0.1,1005
4/23/2026,29.1,83,419.1,Karachi,13,0,1012
4/24/2026,28.5,78,419.8,Karachi,14,0.1,1014
4/25/2026,29.5,79,417.4,Karachi,16,0.1,1010
4/26/2026,28.9,86,418.7,Karachi,9,0.2,1013
4/27/2026,35.4,86,412,Karachi,9,0.1,1011
4/28/2026,26.1,79,411.6,Karachi,7,0,1009
4/29/2026,26.4,77,416.6,Karachi,12,0,1012
4/30/2026,26.1,76,411,Karachi,16,0.1,1016
5/1/2026,26.3,83,414.1,Karachi,10,0,1008
5/2/2026,26.1,79,417.3,Karachi,14,0.2,1010
5/3/2026,31.6,78,419.2,Karachi,16,0,1007
5/4/2026,32.3,76,414.2,Karachi,6,0,1010
5/5/2026,26.3,76,413.1,Karachi,16,0,1010
5/6/2026,25.5,82,416,Karachi,16,0.1,1013
5/7/2026,29.4,73,411.8,Karachi,9,0.1,1014
5/8/2026,26.3,85,414.5,Karachi,8,0,1012
5/9/2026,29.9,77,415,Karachi,15,0.2,1013
5/10/2026,28.6,79,414.9,Karachi,14,0,1008
5/11/2026,23.5,73,415.3,Karachi,13,0,1007
5/12/2026,32.6,80,412.5,Karachi,8,0,1011
5/13/2026,33.4,78,412.8,Karachi,12,0.3,1010
5/14/2026,26.2,80,412.8,Karachi,5,0.1,1016
5/15/2026,26.8,87,410.1,Karachi,9,0.1,1004
5/16/2026,28.9,81,416,Karachi,13,0,1012
5/17/2026,29,76,417.7,Karachi,7,0.1,1012
5/18/2026,30,76,417.4,Karachi,15,0.1,1008
5/19/2026,34,83,414.2,Karachi,17,0,1007
5/20/2026,27.5,86,412.6,Karachi,10,0,1009
5/21/2026,25.6,81,417.2,Karachi,15,0.2,1005
5/22/2026,23.9,83,416.9,Karachi,14,0,1014
5/23/2026,25.8,83,415.7,Karachi,10,0.1,1018
5/24/2026,27.9,87,420.2,Karachi,15,0.1,1009
5/25/2026,33.4,70,414.9,Karachi,10,0.1,1008
5/26/2026,26.4,83,414.2,Karachi,8,0,1006
5/27/2026,28.7,85,413.8,Karachi,11,0,1007
5/28/2026,28,73,410.3,Karachi,7,0.1,1008
5/29/2026,31.6,76,417,Karachi,10,0.4,1014
5/30/2026,35.6,76,414.7,Karachi,14,0.4,1020
5/31/2026,26.4,76,416.5,Karachi,9,0,1008
6/1/2026,26.5,78,420.5,Karachi,7,0,1007
6/2/2026,31.1,81,413.8,Karachi,6,0.1,1006
6/3/2026,30,84,408,Karachi,16,0.1,1011
6/4/2026,33.5,85,416.4,Karachi,19,0.1,1011
6/5/2026,29.8,76,415.5,Karachi,5,0.1,1010
6/6/2026,26.9,76,412.8,Karachi,12,0.1,1009
6/7/2026,29.8,87,416.2,Karachi,5,0.1,1014
6/8/2026,31.3,83,417.4,Karachi,9,0,1012
6/9/2026,30.5,80,412.2,Karachi,9,0.1,1012
6/10/2026,29.5,82,414.1,Karachi,5,0.1,1011
6/11/2026,31.2,80,419.4,Karachi,13,0.2,1009
6/12/2026,31.5,83,412.8,Karachi,9,0,1008
6/13/2026,32.1,78,415.2,Karachi,13,0,1012
6/14/2026,29.9,81,407.1,Karachi,15,0.3,1011
6/15/2026,27.5,72,410.6,Karachi,10,0.1,1012
6/16/2026,28.4,77,415.5,Karachi,11,0.3,1005
6/17/2026,31.6,77,418.7,Karachi,11,0.1,1011
6/18/2026,25.5,78,410.9,Karachi,6,0.3,1009
6/19/2026,29.1,75,415.2,Karachi,18,0,1007
6/20/2026,26.8,77,413.9,Karachi,9,0,1012
6/21/2026,28.1,72,417.9,Karachi,6,0.2,1011
6/22/2026,31.8,83,411.3,Karachi,8,0.2,1017
6/23/2026,28.6,80,416.3,Karachi,16,0.1,1011
6/24/2026,28.1,71,413,Karachi,7,0.1,1009
6/25/2026,23.9,76,415.7,Karachi,16,0.2,1010
6/26/2026,30.2,82,415.2,Karachi,17,0,1006
6/27/2026,29.9,77,414.2,Karachi,15,0.1,1014
6/28/2026,34.5,77,416.4,Karachi,10,0,1011
6/29/2026,27.1,80,415.1,Karachi,15,0,1011
6/30/2026,28.7,82,414.6,Karachi,19,0.1,1007
7/1/2026,28.7,73,413.9,Karachi,9,0.2,1012
7/2/2026,32.7,83,415.2,Karachi,5,0.1,1007
7/3/2026,27.7,76,415.7,Karachi,19,0.4,1008
7/4/2026,28.8,80,412,Karachi,6,0,1010
7/5/2026,29.8,80,414,Karachi,17,0,1008
7/6/2026,28.6,77,411.8,Karachi,11,0,1008
7/7/2026,26.7,75,414.9,Karachi,13,0,1010
7/8/2026,28.6,79,413.2,Karachi,5,0,1013
7/9/2026,31.2,88,417.3,Karachi,8,0,1013
7/10/2026,24.9,73,417,Karachi,18,0.1,1012
7/11/2026,28.4,88,412.2,Karachi,19,0,1011
7/12/2026,25.9,79,415,Karachi,19,0.1,1009
7/13/2026,31.6,80,416.9,Karachi,15,0.3,1013
7/14/2026,23.4,75,414.5,Karachi,7,0.1,1005
7/15/2026,26.3,76,412.8,Karachi,16,0.2,1011
7/16/2026,29.1,77,411.7,Karachi,16,0.2,1013
7/17/2026,32.7,75,417.6,Karachi,15,0,1010
7/18/2026,27.8,79,417.7,Karachi,17,0.1,1008
7/19/2026,26.3,78,414.4,Karachi,9,0.1,1010
7/20/2026,33.6,89,417.3,Karachi,9,0,1008
7/21/2026,23.7,74,406.1,Karachi,17,0.2,1012
7/22/2026,21.4,81,419,Karachi,16,0.1,1013
7/23/2026,29.3,81,414.5,Karachi,14,0,1011
7/24/2026,26.5,75,415.4,Karachi,14,0.1,1011
7/25/2026,24.9,83,414,Karachi,15,0.1,1012
7/26/2026,30.1,78,419.2,Karachi,6,0.1,1013
7/27/2026,28.7,68,411.8,Karachi,9,0,1008
7/28/2026,26.3,83,419.4,Karachi,8,0.1,1005
7/29/2026,24.2,74,416.2,Karachi,17,0.1,1011
7/30/2026,30.6,75,416.9,Karachi,5,0.4,1013
7/31/2026,30,83,414,Karachi,16,0.2,1005
8/1/2026,27.7,78,411.1,Karachi,5,0.1,1010
8/2/2026,33.5,85,417.8,Karachi,5,0,1013
8/3/2026,24.8,86,415.9,Karachi,12,0,1010
8/4/2026,23.4,77,419.1,Karachi,19,0,1015
8/5/2026,25.9,84,414.4,Karachi,7,0.1,1014
8/6/2026,27.9,76,413.7,Karachi,13,0,1009
8/7/2026,28.7,91,419.2,Karachi,19,0.1,1009
8/8/2026,27.3,77,420.7,Karachi,14,0,1009
8/9/2026,29.1,85,415,Karachi,6,0.1,1010
8/10/2026,24.2,84,412.7,Karachi,13,0,1006
8/11/2026,32.3,82,417.4,Karachi,15,0,1006
8/12/2026,27.8,77,414.2,Karachi,13,0.1,1003
8/13/2026,31.4,79,416.8,Karachi,19,0.1,1010
8/14/2026,29,69,414.2,Karachi,8,0.2,1016
8/15/2026,29.4,81,419.7,Karachi,8,0.1,1004
8/16/2026,29.7,82,412.9,Karachi,8,0.2,1009
8/17/2026,29.3,81,416.4,Karachi,16,0,1009
8/18/2026,29.9,65,413.5,Karachi,5,0,1010
8/19/2026,32,74,414.2,Karachi,9,0.1,1014
8/20/2026,28.6,76,413.8,Karachi,17,0.3,1007
8/21/2026,30.1,81,417.2,Karachi,10,0.1,1004
8/22/2026,27.7,81,417.8,Karachi,8,0.1,1008
8/23/2026,32.3,79,416.7,Karachi,12,0,1008
8/24/2026,26,83,414.7,Karachi,19,0.1,1003
8/25/2026,33.4,75,415.4,Karachi,19,0.1,1011
8/26/2026,27.9,83,417.7,Karachi,18,0.2,1006
8/27/2026,23.7,82,417.8,Karachi,18,0.1,1010
8/28/2026,28.4,82,406.9,Karachi,7,0,1009
8/29/2026,26,79,414.2,Karachi,15,0,1007
8/30/2026,30.5,89,414.3,Karachi,13,0,1013
8/31/2026,26,82,417,Karachi,17,0.1,1009
9/1/2026,26.7,75,414.8,Karachi,11,0,1010
9/2/2026,22.3,81,417.2,Karachi,12,0.1,1012
9/3/2026,26.6,84,411.8,Karachi,11,0.1,1011
9/4/2026,20.7,77,415.8,Karachi,13,0,1010
9/5/2026,23.2,85,417.7,Karachi,6,0.1,1008
9/6/2026,30.3,82,410.6,Karachi,19,0.2,1007
9/7/2026,30.4,68,422.5,Karachi,19,0.1,1010
9/8/2026,29.3,81,418.6,Karachi,8,0.1,1007
9/9/2026,25.1,78,415,Karachi,6,0.1,1012
9/10/2026,27.9,83,412.5,Karachi,12,0,1010
9/11/2026,28,85,414.5,Karachi,6,0,1012
9/12/2026,24.5,81,415.3,Karachi,12,0,1007
9/13/2026,32.5,88,416.3,Karachi,10,0,1007
9/14/2026,30.6,79,419.5,Karachi,11,0.2,1015
9/15/2026,27.3,83,413.6,Karachi,15,0,1010
9/16/2026,28.1,84,416.7,Karachi,19,0.3,1013
9/17/2026,28.6,80,411.1,Karachi,17,0.2,1006
9/18/2026,21.9,84,413.8,Karachi,10,0.1,1009
9/19/2026,27.3,77,416.1,Karachi,18,0.1,1014
9/20/2026,26,78,417.1,Karachi,16,0,1005
9/21/2026,25,73,412.7,Karachi,13,0.1,1017
9/22/2026,27.2,81,413.7,Karachi,8,0.3,1011
9/23/2026,33.4,82,419.4,Karachi,5,0,1008
9/24/2026,29.9,86,418.5,Karachi,13,0,1011
9/25/2026,26.3,84,415.6,Karachi,17,0,1013
9/26/2026,29.7,79,408.3,Karachi,14,0.1,1008
9/27/2026,32.2,74,422.5,Karachi,12,0,1008
9/28/2026,30.8,82,414.9,Karachi,5,0.1,1011
9/29/2026,28.2,86,414.1,Karachi,17,0.1,1011
9/30/2026,26.1,84,413.4,Karachi,14,0,1009
10/1/2026,30.1,85,416.1,Karachi,10,0.1,1011
10/2/2026,29.2,79,416.2,Karachi,18,0,1013
10/3/2026,30.7,78,417.9,Karachi,14,0,1011
10/4/2026,29.9,76,412.2,Karachi,16,0,1008
10/5/2026,31.1,80,414.1,Karachi,16,0.2,1010
10/6/2026,26.4,80,421.1,Karachi,19,0.2,1015
10/7/2026,32,81,415.7,Karachi,8,0,1011
10/8/2026,28.6,79,414.5,Karachi,19,0,1014
10/9/2026,34.2,79,412.2,Karachi,19,0.2,1008
10/10/2026,25.9,76,416.5,Karachi,15,0.1,1011
10/11/2026,33.2,85,418.1,Karachi,6,0,1012
10/12/2026,28.6,80,417.6,Karachi,7,0.1,1014
10/13/2026,26,79,414.2,Karachi,16,0.2,1014
10/14/2026,26.5,76,416.1,Karachi,17,0,1007
10/15/2026,27,73,420,Karachi,16,0,1013
10/16/2026,29.3,87,418.2,Karachi,13,0,1015
10/17/2026,29.6,83,412.6,Karachi,9,0.1,1008
10/18/2026,26.3,72,407.4,Karachi,11,0,1007
10/19/2026,27.9,84,415.9,Karachi,19,0.2,1010
10/20/2026,34.4,85,417.4,Karachi,17,0.1,1011
10/21/2026,33.2,81,411.7,Karachi,19,0.1,1009
10/22/2026,29.3,88,415,Karachi,6,0,1006
10/23/2026,28.1,81,414.2,Karachi,12,0.4,1014
10/24/2026,28.4,73,415.3,Karachi,7,0.1,1007
10/25/2026,29.8,82,413.4,Karachi,5,0.1,1008
10/26/2026,24.9,81,418.9,Karachi,17,0.5,1010
10/27/2026,27.2,77,415.4,Karachi,12,0.2,1006
10/28/2026,23,83,412.4,Karachi,15,0.1,1005
10/29/2026,29.2,72,417.8,Karachi,15,0.1,1009
10/30/2026,29.9,85,411.2,Karachi,13,0,1012
10/31/2026,26.6,76,418.9,Karachi,12,0.3,1011
11/1/2026,32.7,75,418,Karachi,5,0.2,1004
11/2/2026,24.3,79,419.2,Karachi,16,0,1014
11/3/2026,23.6,82,414.5,Karachi,11,0.1,1012
11/4/2026,28.7,81,413.5,Karachi,11,0.1,1011
11/5/2026,31.1,76,415.3,Karachi,8,0,1010
11/6/2026,33.1,77,414.7,Karachi,17,0.1,1012
11/7/2026,26.6,74,413,Karachi,17,0,1017
11/8/2026,31.2,79,413.3,Karachi,17,0.2,1013
11/9/2026,27.9,85,413.9,Karachi,16,0,1011
11/10/2026,27.5,80,411.5,Karachi,12,0.1,1006
11/11/2026,30.7,84,417,Karachi,9,0,1010
11/12/2026,30,87,414.8,Karachi,17,0,1012
11/13/2026,23.3,77,414.1,Karachi,16,0,1010
11/14/2026,32.4,79,411.7,Karachi,8,0.1,1008
11/15/2026,32.1,91,411.5,Karachi,17,0,1012
11/16/2026,26.1,87,420.8,Karachi,9,0.1,1007
11/17/2026,29.2,72,413.1,Karachi,15,0.1,1013
11/18/2026,29.5,82,416.8,Karachi,6,0.1,1009
11/19/2026,28.8,80,415.5,Karachi,8,0.1,1004
11/20/2026,26.3,84,406.7,Karachi,14,0,1009
11/21/2026,26,76,420.4,Karachi,12,0,1010
11/22/2026,27.9,76,417.1,Karachi,11,0,1012
11/23/2026,31.5,77,412.7,Karachi,16,0.1,1011
11/24/2026,29.6,77,414.9,Karachi,12,0.1,1006
11/25/2026,26.9,84,411.6,Karachi,18,0,1010
11/26/2026,30.3,74,420.5,Karachi,11,0.1,1008
11/27/2026,19.5,77,412.3,Karachi,11,0,1009
11/28/2026,31.4,71,413.4,Karachi,15,0,1007
11/29/2026,22.8,85,412.8,Karachi,11,0.1,1010
11/30/2026,26.9,86,415.2,Karachi,6,0,1019
12/1/2026,24.6,78,419.1,Karachi,7,0.1,1016
12/2/2026,24.1,79,420.4,Karachi,5,0.3,1007
12/3/2026,31.5,82,413.8,Karachi,19,0,1010
12/4/2026,26.6,87,416.1,Karachi,6,0.1,1009
12/5/2026,29,82,415.2,Karachi,14,0.3,1010
12/6/2026,27.9,77,412.1,Karachi,10,0,1013
12/7/2026,29.4,72,422.3,Karachi,6,0,1010
12/8/2026,28.2,74,419.1,Karachi,5,0,1008
12/9/2026,24.2,80,415.6,Karachi,19,0.1,1013
12/10/2026,31,77,419.7,Karachi,12,0.1,1006
12/11/2026,26.5,81,418.6,Karachi,13,0.1,1011
12/12/2026,23.3,77,415.2,Karachi,11,0.1,1006
12/13/2026,26.7,75,416,Karachi,7,0.1,1007
12/14/2026,32.5,74,419.5,Karachi,5,0,1012
12/15/2026,30.6,88,412.2,Karachi,8,0.3,1008
12/16/2026,27,84,420,Karachi,17,0,1004
12/17/2026,27,89,414.3,Karachi,14,0,1008
12/18/2026,27,83,419.6,Karachi,19,0.3,1008
12/19/2026,34.2,78,415,Karachi,15,0.2,1006
12/20/2026,29.1,87,416,Karachi,7,0.1,1012
12/21/2026,29.3,80,414.9,Karachi,19,0,1005
12/22/2026,31.1,81,413.4,Karachi,15,0.2,1008
12/23/2026,28.7,80,414.2,Karachi,7,0.1,1010
12/24/2026,27.2,65,419.1,Karachi,6,0.1,1009
12/25/2026,27.4,88,408.1,Karachi,15,0.4,1009
12/26/2026,27.8,82,411.3,Karachi,14,0,1008
12/27/2026,27.9,82,412.8,Karachi,7,0.1,1006
12/28/2026,30.2,80,411.8,Karachi,15,0.1,1008
12/29/2026,28.2,81,419.5,Karachi,9,0.1,1012
12/30/2026,30.2,77,418.8,Karachi,19,0,1009
12/31/2026,27.8,83,416.8,Karachi,8,0,1011
1/1/2027,28.2,73,413.1,Karachi,5,0.1,1013
1/2/2027,22,81,419,Karachi,5,0,1012
1/3/2027,30.7,83,410.2,Karachi,5,0,1006
1/4/2027,29,79,421.4,Karachi,16,0,1011
1/5/2027,31,82,412.9,Karachi,14,0,1013
1/6/2027,19.3,75,414.2,Karachi,13,0,1008
1/7/2027,34.3,75,413.7,Karachi,13,0,1005
1/8/2027,27.6,81,411.8,Karachi,13,0.2,1009
1/9/2027,31.3,83,420.8,Karachi,19,0,1011
1/10/2027,24.9,71,417.4,Karachi,14,0.1,1012
1/11/2027,29.8,83,418.6,Karachi,8,0.1,1008
1/12/2027,24.8,77,411.3,Karachi,8,0.1,1004
1/13/2027,26.1,79,415.5,Karachi,18,0,1006
1/14/2027,33.7,73,416.6,Karachi,18,0.2,1011
1/15/2027,27.4,76,415.8,Karachi,14,0.1,1016
1/16/2027,28.7,85,411.5,Karachi,11,0,1010
1/17/2027,30.6,80,418.2,Karachi,17,0.1,1014
1/18/2027,29.5,78,415.4,Karachi,7,0,1007
1/19/2027,28.5,79,412.1,Karachi,14,0,1008
1/20/2027,29.1,82,409.4,Karachi,7,0.1,1003
1/21/2027,35.2,82,416.8,Karachi,8,0,1011
1/22/2027,27.8,80,422.4,Karachi,15,0.1,1007
1/23/2027,28.6,85,412,Karachi,10,0.3,1012
1/24/2027,31.2,85,415.5,Karachi,5,0,1008
1/25/2027,31.3,82,418.3,Karachi,15,0,1016
1/26/2027,31.6,80,411.2,Karachi,18,0.1,1015
1/27/2027,29.9,83,413.6,Karachi,7,0.1,1003
1/28/2027,24.6,82,412.4,Karachi,16,0.1,1012
1/29/2027,32.9,85,418,Karachi,19,0.2,1008
1/30/2027,24.6,84,419,Karachi,19,0.2,1012
1/31/2027,28.9,75,415.5,Karachi,9,0.1,1006
2/1/2027,25.7,75,412.5,Karachi,15,0,1014
2/2/2027,27.8,76,413.7,Karachi,19,0.1,1013
2/3/2027,29,85,413.1,Karachi,8,0.1,1006
2/4/2027,29,72,412.1,Karachi,12,0.1,1009
2/5/2027,29.3,82,414.7,Karachi,13,0,1010
2/6/2027,32.8,82,416.7,Karachi,12,0.1,1012
2/7/2027,29.4,86,416.5,Karachi,15,0.1,1010
2/8/2027,27.3,81,415,Karachi,15,0,1012
2/9/2027,30.9,73,415.2,Karachi,13,0.2,1010
2/10/2027,31.6,75,414.8,Karachi,18,0.2,1012
2/11/2027,24.3,74,411.1,Karachi,19,0.1,1006
2/12/2027,29.8,77,415.5,Karachi,18,0.1,1010
2/13/2027,30.1,79,413.2,Karachi,18,0,1013
2/14/2027,27.1,74,411,Karachi,12,0.1,1014
2/15/2027,32.1,87,416.1,Karachi,14,0.1,1011
2/16/2027,27.5,73,413.2,Karachi,17,0.1,1010
2/17/2027,28.4,87,415.7,Karachi,5,0,1014
2/18/2027,27.5,86,417.5,Karachi,11,0.1,1010
2/19/2027,28,84,412.1,Karachi,18,0.2,1013
2/20/2027,24.7,77,415.3,Karachi,13,0,1010
2/21/2027,23.7,82,409.6,Karachi,5,0,1010
2/22/2027,32.8,74,419.6,Karachi,14,0.1,1007
2/23/2027,25.5,85,410.9,Karachi,5,0.1,1006
2/24/2027,25,80,413.5,Karachi,14,0,1013
2/25/2027,21.5,78,419,Karachi,17,0.2,1015
2/26/2027,26.1,74,414.3,Karachi,6,0,1010
2/27/2027,24,68,411.4,Karachi,17,0.2,1010
2/28/2027,32.9,75,417.1,Karachi,9,0,1013
3/1/2027,31,86,417.1,Karachi,17,0,1011
3/2/2027,25.9,78,413.1,Karachi,16,0.2,1003
3/3/2027,34.8,79,413.4,Karachi,12,0.2,1013
3/4/2027,30.9,83,413.7,Karachi,17,0.4,1006
3/5/2027,27,89,414.4,Karachi,12,0,1010
3/6/2027,20.5,87,409.3,Karachi,14,0.1,1009
3/7/2027,34.9,75,414.5,Karachi,8,0,1008
3/8/2027,23.8,70,420.4,Karachi,11,0,1010
3/9/2027,23.1,92,412.3,Karachi,11,0,1013
3/10/2027,31.1,91,413.2,Karachi,13,0,1010
3/11/2027,35.3,81,411.4,Karachi,19,0.2,1014
3/12/2027,32.2,74,416.8,Karachi,13,0,1015
3/13/2027,29.7,85,418.6,Karachi,7,0.1,1015
3/14/2027,29.8,79,418.5,Karachi,17,0.1,1010
3/15/2027,30.6,79,411.3,Karachi,19,0,1009
3/16/2027,30.3,84,416.5,Karachi,15,0.6,1010
3/17/2027,28.8,82,419.3,Karachi,12,0,1013
3/18/2027,28.3,74,416.5,Karachi,9,0.2,1013
3/19/2027,27.8,78,416.4,Karachi,19,0.3,1002
3/20/2027,25.7,83,413.6,Karachi,9,0.3,1011
3/21/2027,27.2,83,415.7,Karachi,12,0.1,1003
3/22/2027,22.9,81,418.7,Karachi,19,0,1010
3/23/2027,27.7,85,416,Karachi,10,0,1008
3/24/2027,25,78,411.3,Karachi,14,0.1,1007
3/25/2027,24.7,81,413.6,Karachi,14,0,1013
3/26/2027,28.5,63,418.6,Karachi,5,0.2,1008
3/27/2027,32.2,78,416,Karachi,8,0.1,1010
3/28/2027,30.8,84,415.4,Karachi,13,0,1007
3/29/2027,23.3,78,413.3,Karachi,9,0,1010
3/30/2027,25,78,418.6,Karachi,18,0,1013
3/31/2027,30.8,75,420,Karachi,8,0.1,1007
4/1/2027,25.1,85,418.8,Karachi,15,0,1012
4/2/2027,27.3,83,419.3,Karachi,17,0.1,1010
4/3/2027,29.7,84,413.9,Karachi,14,0.1,1010
4/4/2027,25.1,71,413.5,Karachi,5,0,1009
4/5/2027,28.3,79,414.5,Karachi,13,0.1,1012
4/6/2027,24,79,415.1,Karachi,12,0.1,1012
4/7/2027,26.2,79,419.3,Karachi,7,0.1,1010
4/8/2027,29,77,418.5,Karachi,13,0.3,1011
4/9/2027,23.2,78,416.6,Karachi,5,0,1012
4/10/2027,29.3,84,410.7,Karachi,19,0.1,1012
4/11/2027,27.9,70,409.9,Karachi,8,0.2,1009
4/12/2027,29.7,89,415.7,Karachi,9,0,1013
4/13/2027,28.7,82,417.6,Karachi,8,0.1,1013
4/14/2027,32.1,80,414.8,Karachi,8,0.1,1016
4/15/2027,28.4,85,420.7,Karachi,13,0.1,1005
4/16/2027,26.7,73,411.8,Karachi,19,0,1012
4/17/2027,28.4,77,411.4,Karachi,9,0.1,1013
4/18/2027,29.6,79,413,Karachi,5,0,1013
4/19/2027,28.1,87,412.9,Karachi,18,0.1,1009
4/20/2027,28.1,80,416.6,Karachi,11,0.1,1006
4/21/2027,25.9,82,413.7,Karachi,10,0.1,1015
4/22/2027,26,77,410.4,Karachi,19,0.1,1009
4/23/2027,23.8,82,417.7,Karachi,13,0,1009
4/24/2027,33.2,88,409.7,Karachi,8,0,1016
4/25/2027,24.3,85,411.8,Karachi,18,0,1006
4/26/2027,25.9,80,410.1,Karachi,14,0,1012
4/27/2027,25.8,83,415.6,Karachi,10,0.1,1008
4/28/2027,30.7,83,415.6,Karachi,14,0.1,1008
4/29/2027,27.1,83,420.7,Karachi,11,0,1011
4/30/2027,31.7,86,417.7,Karachi,8,0.2,1012
5/1/2027,26,86,419.3,Karachi,16,0.1,1013
5/2/2027,28.8,79,415.9,Karachi,13,0,1013
5/3/2027,25.5,83,412.1,Karachi,17,0,1008
5/4/2027,34.4,78,415.4,Karachi,18,0.1,1007
5/5/2027,24.4,75,416.8,Karachi,5,0,1009
5/6/2027,28.9,79,417.1,Karachi,5,0.2,1011
5/7/2027,29.9,80,413.6,Karachi,7,0.1,1009
5/8/2027,29.2,72,416.5,Karachi,13,0.2,999
5/9/2027,27.4,84,412.2,Karachi,9,0,1005
5/10/2027,27.6,66,411.9,Karachi,5,0.1,1009
5/11/2027,28.1,94,411.7,Karachi,16,0.2,1013
5/12/2027,27.6,88,415.1,Karachi,9,0,1007
5/13/2027,30.9,79,411.5,Karachi,10,0,1012
5/14/2027,34.6,80,413.7,Karachi,8,0.1,1006
5/15/2027,26.3,82,417.7,Karachi,11,0.3,1011
5/16/2027,23.9,77,411.9,Karachi,15,0.1,1011
5/17/2027,27.7,81,413.5,Karachi,7,0.1,1011
5/18/2027,35.7,79,415.2,Karachi,9,0.1,1007
5/19/2027,25.6,80,415.7,Karachi,10,0,1005
5/20/2027,32.9,81,413.5,Karachi,11,0.1,1012
5/21/2027,33,73,417.4,Karachi,14,0,1005
5/22/2027,26.3,80,416.8,Karachi,19,0,1008
5/23/2027,29.7,81,418.4,Karachi,6,0.2,1014
5/24/2027,32.9,81,414.8,Karachi,9,0.1,1011
5/25/2027,26.9,79,413.5,Karachi,17,0.5,1011
5/26/2027,27.4,86,413,Karachi,11,0,1012
5/27/2027,26.3,78,415.9,Karachi,11,0.1,1012
5/28/2027,25,81,413.9,Karachi,16,0.2,1010
5/29/2027,26.1,86,413.3,Karachi,7,0,1007
5/30/2027,24.3,80,413.7,Karachi,12,0,1018
5/31/2027,28.1,81,412.9,Karachi,17,0.1,1009
6/1/2027,25.7,80,415.6,Karachi,5,0,1011
6/2/2027,28.7,86,410.8,Karachi,8,0.4,1011
6/3/2027,23.3,79,415.9,Karachi,7,0.1,1008
6/4/2027,29,86,417,Karachi,8,0.2,1009
6/5/2027,30.5,79,413.3,Karachi,15,0.2,1014
6/6/2027,22,76,420.8,Karachi,13,0,1008
6/7/2027,29.1,83,415.1,Karachi,15,0.1,1011
6/8/2027,31.7,78,410.3,Karachi,16,0,1013
6/9/2027,24.4,83,414.2,Karachi,19,0,1009
6/10/2027,33,66,415.2,Karachi,12,0.2,1010
6/11/2027,29.3,80,416.3,Karachi,15,0,1013
6/12/2027,25.9,78,414.2,Karachi,8,0,1010
6/13/2027,27.8,75,412,Karachi,17,0,1004
6/14/2027,29.7,77,411.7,Karachi,12,0,1015
6/15/2027,28.2,77,413,Karachi,5,0.1,1007
6/16/2027,29.6,80,413.3,Karachi,16,0.1,1011
6/17/2027,25.2,73,411.6,Karachi,12,0.1,1006
6/18/2027,28.5,82,412.8,Karachi,14,0.2,1008
6/19/2027,23.8,87,417,Karachi,6,0,1009
6/20/2027,27.7,81,419.9,Karachi,10,0,1011
6/21/2027,25.3,84,417.3,Karachi,10,0,1007
6/22/2027,25.8,85,418.9,Karachi,7,0.1,1016
6/23/2027,31.7,86,417.9,Karachi,17,0.1,1010
6/24/2027,31.3,89,417.5,Karachi,9,0.3,1013
6/25/2027,29.8,78,414,Karachi,6,0.1,1010
6/26/2027,24.7,76,415.4,Karachi,15,0,1013
6/27/2027,27.1,84,413.7,Karachi,12,0,1004
6/28/2027,31.6,84,414.3,Karachi,12,0.1,1008
6/29/2027,28.4,84,415.2,Karachi,17,0.1,1008
6/30/2027,35,89,417.1,Karachi,9,0,1008
7/1/2027,29.2,80,416.3,Karachi,11,0.1,1012
7/2/2027,28.6,82,414.5,Karachi,12,0.2,1012
7/3/2027,27.1,75,415.2,Karachi,15,0.1,1010
7/4/2027,28.4,91,416.3,Karachi,8,0.1,1010
7/5/2027,27.5,78,417,Karachi,6,0.2,1017
7/6/2027,30.1,78,410.4,Karachi,18,0,1011
7/7/2027,30.9,78,411.8,Karachi,19,0,1003
7/8/2027,25.6,77,418.3,Karachi,9,0,1012
7/9/2027,24,76,414.8,Karachi,11,0,1012
7/10/2027,22.5,77,413.7,Karachi,19,0.2,1013
7/11/2027,29.5,73,414.2,Karachi,16,0,1012
7/12/2027,24.7,76,414.2,Karachi,8,0.1,1007
7/13/2027,21.5,90,416.7,Karachi,8,0.1,1013
7/14/2027,29.2,84,411.7,Karachi,8,0.1,1010
7/15/2027,35.5,85,415.1,Karachi,13,0.1,1013
7/16/2027,28,86,415.7,Karachi,13,0.1,1015
7/17/2027,30.5,89,416.2,Karachi,18,0.1,1010
7/18/2027,28.2,71,415.7,Karachi,15,0.2,1013
7/19/2027,27.7,74,416.5,Karachi,14,0,1013
7/20/2027,30.8,76,413.3,Karachi,12,0,1010
7/21/2027,27.1,78,412.2,Karachi,15,0.1,1016
7/22/2027,28.8,78,422.4,Karachi,12,0,1013
7/23/2027,29,78,414.1,Karachi,11,0.1,1008
7/24/2027,26,81,414.4,Karachi,5,0.6,1011
7/25/2027,31,80,417,Karachi,12,0.1,1013
7/26/2027,27.5,76,419.8,Karachi,15,0.2,1016
7/27/2027,25.7,69,413.4,Karachi,15,0,1012
7/28/2027,29.6,75,412,Karachi,8,0,1011
7/29/2027,25.3,77,411.3,Karachi,17,0.1,1014
7/30/2027,28.1,79,419.8,Karachi,5,0.2,1009
7/31/2027,28,74,411.9,Karachi,5,0.1,1007
8/1/2027,31.3,78,414.9,Karachi,7,0.2,1012
8/2/2027,29.4,74,412.1,Karachi,17,0.3,1009
8/3/2027,27.9,79,410.7,Karachi,7,0.1,1018
8/4/2027,30.5,75,414.1,Karachi,14,0,1011
8/5/2027,32.2,76,412.2,Karachi,5,0.1,1012
8/6/2027,29.7,73,412.9,Karachi,12,0.5,1008
8/7/2027,28,79,421,Karachi,8,0,1014
8/8/2027,24.1,76,416.3,Karachi,16,0.1,1010
8/9/2027,24.8,85,417.8,Karachi,8,0.1,1010
8/10/2027,27.1,82,417.5,Karachi,18,0,1010
8/11/2027,26.2,80,414.7,Karachi,10,0.1,1006
8/12/2027,27.4,76,413.7,Karachi,13,0,1009
8/13/2027,28.2,82,415.7,Karachi,13,0.2,1012
8/14/2027,29.6,83,415.5,Karachi,16,0.1,1005
8/15/2027,27.8,81,413.3,Karachi,12,0.2,1013
8/16/2027,29.5,88,415.4,Karachi,19,0,1009
8/17/2027,28.2,82,412.9,Karachi,5,0,1011
8/18/2027,22.1,85,414.5,Karachi,16,0.2,1003
8/19/2027,25.2,81,414,Karachi,14,0,1011
8/20/2027,27.6,83,411.2,Karachi,14,0,1007
8/21/2027,24.4,76,407.9,Karachi,6,0,1009
8/22/2027,29.8,78,412.2,Karachi,7,0.1,1005
8/23/2027,32.6,82,420.4,Karachi,15,0,1007
8/24/2027,31.7,82,414.1,Karachi,9,0.1,1010
8/25/2027,27.4,83,417.3,Karachi,9,0.1,1009
8/26/2027,32.5,86,408.6,Karachi,17,0.1,1013
8/27/2027,28.4,73,412,Karachi,14,0.2,1004
8/28/2027,27,75,410.9,Karachi,12,0,1010
8/29/2027,26.2,81,414.4,Karachi,6,0.1,1010
8/30/2027,27.1,76,422.3,Karachi,6,0,1009
8/31/2027,26.8,97,416.4,Karachi,12,0.2,1007
9/1/2027,28.5,83,420.1,Karachi,5,0.3,1013
9/2/2027,28.5,80,414.2,Karachi,13,0.1,1016
9/3/2027,28,77,419.1,Karachi,6,0,1005
9/4/2027,29.3,78,421.2,Karachi,16,0,1007
9/5/2027,31.6,80,414.7,Karachi,9,0.2,1007
9/6/2027,30.8,81,413.4,Karachi,7,0.1,1009
9/7/2027,23.5,78,411,Karachi,9,0.2,1014
9/8/2027,20.3,79,414.1,Karachi,16,0,1012
9/9/2027,30.8,87,415.2,Karachi,12,0.1,1010
9/10/2027,23.9,87,421.1,Karachi,12,0.1,1010
9/11/2027,27.3,81,411.1,Karachi,10,0.2,1009
9/12/2027,24.5,73,415.2,Karachi,13,0,1012
9/13/2027,22.6,83,409.6,Karachi,11,0,1013
9/14/2027,29.6,88,413.7,Karachi,6,0.2,1012
9/15/2027,30.3,87,415.9,Karachi,5,0,1003
9/16/2027,26.3,84,416.5,Karachi,12,0.1,1010
9/17/2027,20.2,87,416.8,Karachi,5,0.1,1009
9/18/2027,26.4,80,416.2,Karachi,12,0,1013
9/19/2027,29.2,83,416.7,Karachi,16,0.1,1011
9/20/2027,23.6,77,415.1,Karachi,13,0.1,1012
9/21/2027,28.6,81,411.9,Karachi,5,0,1009
9/22/2027,28,87,409.4,Karachi,11,0,1013
9/23/2027,29.7,77,413.4,Karachi,9,0.2,1014
9/24/2027,28.4,76,414.6,Karachi,17,0.4,1005
9/25/2027,25.1,80,418.8,Karachi,18,0.2,1006
9/26/2027,31.6,79,414.7,Karachi,12,0.2,1012
9/27/2027,27.5,83,414.4,Karachi,8,0.3,1009
9/28/2027,27.9,78,416.2,Karachi,19,0.2,1013
9/29/2027,25.2,89,414.2,Karachi,6,0.4,1011
9/30/2027,26.7,74,417.4,Karachi,11,0.1,1012
10/1/2027,25.3,86,420.9,Karachi,17,0.1,1008
10/2/2027,27.5,76,421.6,Karachi,11,0.1,1011
10/3/2027,33.1,71,415.3,Karachi,12,0.2,1011
10/4/2027,23.9,81,416,Karachi,18,0.1,1008
10/5/2027,23.2,79,419.7,Karachi,13,0.1,1013
10/6/2027,32.4,74,414.6,Karachi,18,0,1004
10/7/2027,27.4,72,417,Karachi,10,0.2,1011
10/8/2027,26,80,411.6,Karachi,7,0.1,1006
10/9/2027,31.1,85,414.1,Karachi,9,0,1007
10/10/2027,26.2,83,418.5,Karachi,18,0.2,1013
10/11/2027,33.5,80,412.8,Karachi,18,0,1007
10/12/2027,30,82,414.6,Karachi,7,0,1007
10/13/2027,26.5,80,410.3,Karachi,14,0,1012
10/14/2027,34.5,73,421,Karachi,13,0,1007
10/15/2027,26.2,73,418.8,Karachi,9,0,1013
10/16/2027,30.2,79,415.6,Karachi,11,0.1,1012
10/17/2027,28.9,79,416.5,Karachi,14,0.2,1008
10/18/2027,31.9,84,416.2,Karachi,11,0.1,1013
10/19/2027,32.7,84,419.2,Karachi,11,0.1,1004
10/20/2027,28.1,83,413.4,Karachi,16,0.2,1011
10/21/2027,25.7,79,417.2,Karachi,14,0,1006
10/22/2027,29.4,73,418.2,Karachi,8,0.1,1008
10/23/2027,26,82,418.6,Karachi,8,0,1009
10/24/2027,34,83,408.2,Karachi,17,0.1,1014
10/25/2027,28.4,68,413.2,Karachi,7,0,1008
10/26/2027,26.9,76,411.9,Karachi,8,0.4,1010
10/27/2027,28.6,77,415.4,Karachi,13,0,1009
10/28/2027,24,81,409,Karachi,9,0.1,1007
10/29/2027,25.1,76,408.9,Karachi,18,0,1007
10/30/2027,31.6,80,421.5,Karachi,10,0.1,1011
10/31/2027,26,79,416.9,Karachi,8,0.1,1010
11/1/2027,24.9,79,415.4,Karachi,17,0,1012
11/2/2027,29.6,76,416.1,Karachi,5,0,1009
11/3/2027,31.6,77,415.4,Karachi,17,0,1009
11/4/2027,30.2,75,418,Karachi,11,0.2,1012
11/5/2027,31,82,413.1,Karachi,17,0,1009
11/6/2027,25.7,83,415.6,Karachi,11,0.1,1006
11/7/2027,23.7,76,415.7,Karachi,10,0.1,1013
11/8/2027,32.5,88,411.9,Karachi,8,0,1008
11/9/2027,27,78,418.8,Karachi,14,0,1010
11/10/2027,27.2,88,413.7,Karachi,17,0.2,1008
11/11/2027,32,77,418.1,Karachi,12,0.1,1007
11/12/2027,29.7,70,415.3,Karachi,16,0,1004
11/13/2027,29.4,82,419.9,Karachi,18,0.1,1011
11/14/2027,34.5,81,411.9,Karachi,12,0.2,1000
11/15/2027,26.1,80,411.7,Karachi,5,0,1014
11/16/2027,30.8,77,412.3,Karachi,19,0.1,1013
11/17/2027,28.2,80,415.4,Karachi,13,0,1007
11/18/2027,28.8,77,419.6,Karachi,12,0,1015
11/19/2027,32.6,78,419.8,Karachi,6,0.1,1016
11/20/2027,29.5,84,408.1,Karachi,13,0.1,1009
11/21/2027,29.6,81,415.7,Karachi,8,0.1,1011
11/22/2027,31.2,83,405.4,Karachi,14,0.1,1010
11/23/2027,26.9,79,417.4,Karachi,19,0,1015
11/24/2027,25.5,78,418.4,Karachi,18,0.1,1006
11/25/2027,24.9,74,414.9,Karachi,16,0,1009
11/26/2027,22.1,78,415.3,Karachi,10,0.1,1013
11/27/2027,34.2,63,415.2,Karachi,18,0,1012
11/28/2027,24.7,77,412.6,Karachi,6,0.2,1010
11/29/2027,27.3,80,416.3,Karachi,14,0,1014
11/30/2027,27.2,83,414.3,Karachi,8,0.1,1011
12/1/2027,28.9,79,417.8,Karachi,6,0.1,1010
12/2/2027,30.4,82,414.7,Karachi,16,0.1,1012
12/3/2027,30.6,69,412.4,Karachi,13,0.2,1010
12/4/2027,26.3,80,410.4,Karachi,19,0,1010
12/5/2027,27.5,72,409.4,Karachi,13,0.1,1008
12/6/2027,28.8,74,418.9,Karachi,19,0,1019
12/7/2027,27.3,79,413.6,Karachi,9,0,1009
12/8/2027,32.8,86,416,Karachi,7,0.3,1012
12/9/2027,29.5,82,420.3,Karachi,7,0,1016
12/10/2027,30.2,80,413.3,Karachi,5,0,1006
12/11/2027,30,80,413.1,Karachi,17,0,1012
12/12/2027,31.5,76,414.6,Karachi,12,0.1,1010
12/13/2027,28.5,77,415.1,Karachi,7,0.3,1015
12/14/2027,24.1,82,420.7,Karachi,16,0,1007
12/15/2027,29.2,73,419.7,Karachi,8,0.1,1008
12/16/2027,26,83,416.9,Karachi,6,0.1,1010
12/17/2027,26.4,78,419.3,Karachi,12,0,1009
12/18/2027,29.8,84,414.5,Karachi,7,0.1,1009
12/19/2027,31.7,85,415.9,Karachi,18,0.1,1016
12/20/2027,28.1,72,414.1,Karachi,16,0,1010
12/21/2027,28.9,77,411.1,Karachi,15,0.2,1008
12/22/2027,33.1,76,418.6,Karachi,6,0,1009
12/23/2027,28.7,71,416.6,Karachi,5,0,1011
12/24/2027,35.8,75,415.1,Karachi,17,0.5,1011
12/25/2027,29.7,92,415,Karachi,18,0.1,1008
12/26/2027,22.7,83,410.5,Karachi,14,0.2,1005
12/27/2027,30.3,90,412.1,Karachi,6,0.1,1010
12/28/2027,29.1,84,416,Karachi,6,0.1,1010
12/29/2027,31.9,76,413.4,Karachi,17,0.1,1008
12/30/2027,30,78,414.3,Karachi,8,0,1014
12/31/2027,27.6,83,414.7,Karachi,15,0.1,1012
1/1/2028,24.3,82,413,Karachi,5,0.1,1010
1/2/2028,27.4,77,412.1,Karachi,19,0.3,1009
1/3/2028,25.4,72,410.2,Karachi,5,0.1,1015
1/4/2028,26.3,96,414.6,Karachi,10,0,1007
1/5/2028,29.8,79,416.9,Karachi,9,0.1,1009
1/6/2028,33,78,410.1,Karachi,5,0,1009
1/7/2028,29.2,81,414.9,Karachi,10,0.1,1011
1/8/2028,24.4,79,415.8,Karachi,18,0.1,1012
1/9/2028,29.3,81,412,Karachi,12,0,1006
1/10/2028,31.6,86,419.3,Karachi,17,0.3,1008
1/11/2028,26.2,79,413.8,Karachi,9,0.3,1011
1/12/2028,27.6,74,414.7,Karachi,7,0.3,1008
1/13/2028,28,79,414.5,Karachi,7,0,1009
1/14/2028,25.6,78,409.7,Karachi,17,0.1,1011
1/15/2028,29.9,87,418,Karachi,15,0.3,1007
1/16/2028,27.6,86,412.1,Karachi,16,0.1,1011
1/17/2028,29.3,81,414.3,Karachi,6,0,1012
1/18/2028,25.3,74,416.8,Karachi,13,0.2,1010
1/19/2028,26.7,74,419.4,Karachi,13,0.2,1014
1/20/2028,30.2,80,411.8,Karachi,11,0.1,1012
1/21/2028,26.9,82,413.7,Karachi,5,0,1010
1/22/2028,33.2,78,419.1,Karachi,5,0,1009
1/23/2028,26.8,78,416.4,Karachi,8,0.1,1015
1/24/2028,28.7,77,417,Karachi,16,0.1,1008
1/25/2028,30.8,80,411.8,Karachi,6,0.1,1009
1/26/2028,23.7,68,413.9,Karachi,17,0,1009
1/27/2028,22.7,74,414.5,Karachi,7,0,1011
1/28/2028,23.4,77,412.4,Karachi,6,0,1017
1/29/2028,31.8,86,410,Karachi,19,0,1011
1/30/2028,26.3,76,413.5,Karachi,5,0.1,1009
1/31/2028,35.7,81,419.1,Karachi,7,0,1011
2/1/2028,26.3,81,415.2,Karachi,11,0.1,1006
2/2/2028,28.6,86,419.1,Karachi,14,0.1,1009
2/3/2028,32.6,86,415.5,Karachi,13,0,1015
2/4/2028,34,80,412.7,Karachi,14,0.3,1012
2/5/2028,34.2,78,418.8,Karachi,13,0.2,1014
2/6/2028,31.6,77,415.6,Karachi,12,0.1,1013
2/7/2028,31.1,79,417.9,Karachi,10,0.2,1008
2/8/2028,29.8,78,411.8,Karachi,5,0,1016
2/9/2028,30.3,83,418.1,Karachi,12,0.1,1005
2/10/2028,26.3,82,418.2,Karachi,12,0,1011
2/11/2028,25.5,83,415.9,Karachi,18,0.1,1004
2/12/2028,28,86,412.6,Karachi,16,0.1,1005
2/13/2028,27.5,89,414.9,Karachi,13,0.1,1013
2/14/2028,26.6,81,416.8,Karachi,14,0,1008
2/15/2028,30.1,85,415.7,Karachi,15,0,1014
2/16/2028,30.9,78,416.8,Karachi,16,0.1,1003
2/17/2028,28.3,86,418,Karachi,10,0,1010
2/18/2028,32.4,85,413.1,Karachi,7,0.1,1006
2/19/2028,24.6,85,411.5,Karachi,10,0.1,1009
2/20/2028,27.4,80,414.9,Karachi,12,0,1015
2/21/2028,25.8,77,414,Karachi,11,0,1015
2/22/2028,22.4,73,417.4,Karachi,17,0,1012
2/23/2028,27.8,80,411.8,Karachi,12,0.1,1005
2/24/2028,27.6,88,418.1,Karachi,7,0.5,1006
2/25/2028,32.5,78,419.1,Karachi,12,0,1010
2/26/2028,29.9,84,415,Karachi,9,0.2,1008
2/27/2028,24.9,84,415.2,Karachi,11,0.2,1012
2/28/2028,33.6,79,412.7,Karachi,17,0,1015
2/29/2028,31.7,87,413.4,Karachi,8,0.2,1007
3/1/2028,29.7,65,413.8,Karachi,7,0.1,1007
3/2/2028,27.3,74,419.3,Karachi,10,0.3,1006
3/3/2028,25.1,75,414.8,Karachi,13,0.1,1009
3/4/2028,26.9,76,411,Karachi,8,0,1010
3/5/2028,31.3,82,415.8,Karachi,16,0.4,1010
3/6/2028,33.7,81,417.5,Karachi,13,0,1013
3/7/2028,32.6,82,414.9,Karachi,7,0.2,1011
3/8/2028,26.5,83,419.4,Karachi,10,0,1010
3/9/2028,24.6,75,417.3,Karachi,16,0.1,1010
3/10/2028,28.4,74,411.9,Karachi,9,0.1,1010
3/11/2028,22.7,82,413.3,Karachi,13,0.4,1010
3/12/2028,29,77,415.7,Karachi,10,0,1008
3/13/2028,27.6,72,410,Karachi,6,0.1,1006
3/14/2028,26.6,85,416,Karachi,8,0.1,1010
3/15/2028,23.2,87,409.7,Karachi,18,0.4,1009
3/16/2028,29.5,88,418.1,Karachi,9,0,1012
3/17/2028,26.4,81,417.7,Karachi,15,0.1,1010
3/18/2028,24.5,83,416.5,Karachi,15,0.1,1010
3/19/2028,19.4,87,413,Karachi,13,0,1013
3/20/2028,27.9,77,415.5,Karachi,17,0.2,1006
3/21/2028,33.3,86,413.5,Karachi,5,0,1015
3/22/2028,33,81,411.9,Karachi,16,0.1,1003
3/23/2028,26.6,85,414,Karachi,13,0.1,1014
3/24/2028,26.2,81,417.1,Karachi,14,0,1011
3/25/2028,29.4,86,415.1,Karachi,5,0.1,1008
3/26/2028,25,81,419.4,Karachi,5,0.2,1006
3/27/2028,28.9,73,417.3,Karachi,8,0.1,1008
3/28/2028,30.3,87,417,Karachi,17,0,1010
3/29/2028,31.7,75,410.2,Karachi,10,0,1011
3/30/2028,27.7,86,414.1,Karachi,18,0.2,1014
3/31/2028,27.4,80,411.8,Karachi,6,0,1010
4/1/2028,25.4,86,414.5,Karachi,5,0.3,1011
4/2/2028,25.5,86,412.9,Karachi,16,0.1,1011
4/3/2028,27.3,82,413.9,Karachi,8,0.1,1009
4/4/2028,29.1,83,418.2,Karachi,12,0.1,1009
4/5/2028,30.7,82,416.4,Karachi,10,0.1,1010
4/6/2028,25.6,70,418,Karachi,16,0.2,1012
4/7/2028,32.5,81,410.2,Karachi,9,0.1,1007
4/8/2028,27.2,74,415.2,Karachi,5,0,1008
4/9/2028,27.9,81,417.9,Karachi,7,0.1,1011
4/10/2028,25.8,74,419.5,Karachi,18,0.1,1007
4/11/2028,20.7,74,410.4,Karachi,11,0.1,1010
4/12/2028,30.7,88,413.9,Karachi,19,0.3,1008
4/13/2028,30.2,85,418.1,Karachi,18,0.1,1012
4/14/2028,27.2,80,414.4,Karachi,14,0,1014
4/15/2028,28.2,81,412.3,Karachi,7,0.1,1008
4/16/2028,29.5,79,410.4,Karachi,9,0.2,1012
4/17/2028,23.3,83,412.2,Karachi,19,0.4,1011
4/18/2028,26.4,77,409.9,Karachi,10,0.4,1009
4/19/2028,30.4,85,415.2,Karachi,13,0,1010
4/20/2028,24.2,79,417.7,Karachi,15,0.1,1014
4/21/2028,28.9,78,411.2,Karachi,7,0,1009
4/22/2028,23.9,80,415.8,Karachi,19,0,1014
4/23/2028,29.4,77,417.5,Karachi,10,0,1010
4/24/2028,27.9,82,415,Karachi,15,0,1006
4/25/2028,23.2,77,410.2,Karachi,6,0.1,1010
4/26/2028,31.5,82,416.2,Karachi,13,0,1006
4/27/2028,25.8,86,414.8,Karachi,16,0,1009
4/28/2028,25.6,76,414.5,Karachi,13,0,1009
4/29/2028,28.6,79,413.4,Karachi,11,0.1,1015
4/30/2028,31.4,82,415.3,Karachi,18,0,1015
5/1/2028,25,78,416.5,Karachi,15,0.1,1010
5/2/2028,28.2,82,422.2,Karachi,13,0,1014
5/3/2028,29.3,83,415.3,Karachi,8,0.2,1009
5/4/2028,30.1,85,419.5,Karachi,14,0,1006
5/5/2028,28.5,77,416.1,Karachi,5,0,1012
5/6/2028,26.9,75,414.7,Karachi,5,0.1,1011
5/7/2028,25.5,78,415.4,Karachi,6,0.2,1007
5/8/2028,28.3,75,411.3,Karachi,14,0,1007
5/9/2028,24.8,83,415.9,Karachi,18,0,1013
5/10/2028,19.2,74,409,Karachi,15,0.3,1005
5/11/2028,29.3,92,412.4,Karachi,7,0,1012
5/12/2028,30.7,86,415.3,Karachi,18,0,1009
5/13/2028,20.9,80,418.6,Karachi,6,0.3,1012
5/14/2028,25,84,419.3,Karachi,8,0.2,1013
5/15/2028,29.9,72,414.3,Karachi,12,0,1007
5/16/2028,34.2,93,415.5,Karachi,7,0.3,1007
5/17/2028,28.1,77,418,Karachi,8,0.1,1014
5/18/2028,25.8,79,411,Karachi,6,0,1010
5/19/2028,27.5,71,416.2,Karachi,5,0.1,1011
5/20/2028,32.1,82,412.5,Karachi,18,0.1,1013
5/21/2028,26.1,74,414.5,Karachi,12,0.1,1007
5/22/2028,25.6,81,413.6,Karachi,11,0.5,1013
5/23/2028,26.6,77,416.3,Karachi,14,0,1012
5/24/2028,25.1,75,416.7,Karachi,6,0.1,1014
5/25/2028,28.4,76,417.7,Karachi,12,0.1,1014
5/26/2028,32.9,81,416,Karachi,17,0,1010
5/27/2028,29,74,415.5,Karachi,14,0.1,1012
5/28/2028,27.2,76,420.6,Karachi,7,0.1,1010
5/29/2028,27.1,83,410.4,Karachi,11,0.2,1010
5/30/2028,23.3,93,420.1,Karachi,5,0.2,1007
5/31/2028,30.6,82,414.1,Karachi,16,0.1,1009
6/1/2028,27.8,75,416.7,Karachi,17,0,1005
6/2/2028,27.5,78,414,Karachi,19,0.1,1010
6/3/2028,37.6,80,412.9,Karachi,18,0,1014
6/4/2028,28.9,78,416.5,Karachi,7,0,1012
6/5/2028,25.7,85,418.1,Karachi,13,0.1,1010
6/6/2028,26.7,81,416.4,Karachi,19,0.1,1009
6/7/2028,31.4,85,413.4,Karachi,8,0.1,1008
6/8/2028,28.3,78,425.8,Karachi,5,0.3,1007
6/9/2028,23.7,87,418.6,Karachi,15,0,1012
6/10/2028,30.8,79,417.8,Karachi,18,0,1005
6/11/2028,26,75,413.9,Karachi,10,0.1,1005
6/12/2028,33.6,91,413.1,Karachi,5,0.1,1013
6/13/2028,31.2,71,414.2,Karachi,14,0,1011
6/14/2028,26.7,76,418.2,Karachi,5,0,1010
6/15/2028,31.8,77,412,Karachi,6,0,1011
6/16/2028,28.2,93,411.8,Karachi,19,0.2,1016
6/17/2028,30.6,89,416.6,Karachi,18,0.2,1010
6/18/2028,29.5,87,416,Karachi,7,0,1011
6/19/2028,25.5,78,412.7,Karachi,17,0,1016
6/20/2028,26.1,92,411.7,Karachi,6,0,1010
6/21/2028,31.1,82,419.3,Karachi,12,0,1015
6/22/2028,27,85,416.1,Karachi,10,0,1004
6/23/2028,26.8,81,410.9,Karachi,19,0,1007
6/24/2028,25.1,80,411.1,Karachi,5,0.1,1008
6/25/2028,29.3,79,413.9,Karachi,10,0,1012
6/26/2028,34.2,79,417.2,Karachi,5,0.1,1015
6/27/2028,24.8,83,416.8,Karachi,13,0,1008
6/28/2028,28.1,82,418.4,Karachi,18,0.2,1013
6/29/2028,32.2,80,410.5,Karachi,7,0.3,1017
6/30/2028,27.8,88,415.7,Karachi,16,0.1,1015
7/1/2028,29.4,65,419.3,Karachi,5,0,1009
7/2/2028,24.8,83,419,Karachi,5,0,1013
7/3/2028,29.3,84,416.1,Karachi,6,0,1011
7/4/2028,27.4,86,422,Karachi,17,0,1008
7/5/2028,31,80,416.8,Karachi,10,0.1,1011
7/6/2028,31.6,81,418.1,Karachi,5,0.1,1009
7/7/2028,35.8,85,415.1,Karachi,11,0,1010
7/8/2028,29.7,87,412.7,Karachi,15,0.1,1006
7/9/2028,29,78,412.4,Karachi,16,0,1005
7/10/2028,28.6,81,415.5,Karachi,8,0,1009
7/11/2028,26.9,88,414.4,Karachi,11,0.1,1011
7/12/2028,29,69,409.7,Karachi,8,0,1007
7/13/2028,27.1,77,411.9,Karachi,15,0.1,1012
7/14/2028,28.5,87,414,Karachi,8,0.4,1010
7/15/2028,32,85,417.2,Karachi,18,0.2,1012
7/16/2028,25,83,415,Karachi,8,0,1013
7/17/2028,31.4,78,414.8,Karachi,14,0.1,1014
7/18/2028,32,76,412,Karachi,16,0.1,1012
7/19/2028,27.6,77,415.1,Karachi,14,0.5,1009
7/20/2028,21.6,88,419,Karachi,12,0.3,1011
7/21/2028,26.2,77,415.5,Karachi,6,0,1017
7/22/2028,31.9,81,410.5,Karachi,12,0.2,1013
7/23/2028,27.9,76,411.2,Karachi,14,0,1010
7/24/2028,25,84,416.8,Karachi,15,0,1010
7/25/2028,26.5,77,414.3,Karachi,5,0,1008
7/26/2028,30.5,80,414.8,Karachi,17,0,1006
7/27/2028,29.6,72,413.2,Karachi,11,0.2,1015
7/28/2028,27.3,72,416.5,Karachi,11,0,1011
7/29/2028,26.9,80,414.1,Karachi,10,0.2,1006
7/30/2028,26.8,73,414.4,Karachi,18,0.5,1010
7/31/2028,25.2,91,412.4,Karachi,8,0.2,1014
8/1/2028,32.8,70,417.8,Karachi,9,0,1009
8/2/2028,27,76,414.3,Karachi,5,0.1,1008
8/3/2028,31.7,80,416.8,Karachi,6,0.1,1011
8/4/2028,32.6,78,411.4,Karachi,14,0.2,1012
8/5/2028,31,74,420.2,Karachi,11,0,1009
8/6/2028,26.7,75,418.8,Karachi,6,0.1,1008
8/7/2028,29.2,75,409.3,Karachi,12,0.1,1011
8/8/2028,27.9,79,412.6,Karachi,11,0.1,1007
8/9/2028,25.3,90,416.4,Karachi,14,0.3,1008
8/10/2028,29,80,411,Karachi,12,0,1010
8/11/2028,24.5,86,414.6,Karachi,8,0,1012
8/12/2028,31.6,83,416.3,Karachi,5,0.1,1009
8/13/2028,26.6,86,414.4,Karachi,11,0,1012
8/14/2028,28.6,66,416.6,Karachi,5,0,1013
8/15/2028,28.8,78,412.9,Karachi,19,0,1008
8/16/2028,27.2,87,408.3,Karachi,11,0.2,1020
8/17/2028,29.8,77,417.9,Karachi,13,0.2,1014
8/18/2028,26.6,89,417.9,Karachi,9,0,1011
8/19/2028,30.6,87,422.5,Karachi,18,0,1009
8/20/2028,24,78,408.4,Karachi,19,0,1008
8/21/2028,28.4,77,417.3,Karachi,6,0.1,1015
8/22/2028,33.8,75,409.1,Karachi,15,0.2,1011
8/23/2028,25,77,420.3,Karachi,18,0,1006
8/24/2028,26,74,416.5,Karachi,5,0.1,1005
8/25/2028,29.5,82,412.1,Karachi,12,0,1010
8/26/2028,28.5,73,417.3,Karachi,17,0.4,1010
8/27/2028,29.1,83,413.3,Karachi,8,0.2,1007
8/28/2028,29.5,83,415.9,Karachi,12,0.3,1005
8/29/2028,29.9,72,415.6,Karachi,6,0,1004
8/30/2028,31.3,88,420.2,Karachi,17,0.1,1008
8/31/2028,29.2,83,420.4,Karachi,18,0,1009
9/1/2028,27.3,84,413.2,Karachi,7,0.1,1012
9/2/2028,30,76,418.2,Karachi,7,0,1010
9/3/2028,33.7,83,416.1,Karachi,8,0.1,1013
9/4/2028,27.6,86,410.8,Karachi,13,0.1,1012
9/5/2028,25.1,80,412.9,Karachi,13,0.1,1012
9/6/2028,31.3,90,422,Karachi,9,0.2,1013
9/7/2028,27.6,80,416.1,Karachi,11,0.1,1006
9/8/2028,21.5,86,418,Karachi,18,0,1008
9/9/2028,30.5,81,414.4,Karachi,17,0.1,1017
9/10/2028,26.4,83,413.4,Karachi,18,0.3,1004
9/11/2028,27.7,72,415.1,Karachi,13,0.1,1009
9/12/2028,29,82,414.2,Karachi,5,0.1,1011
9/13/2028,28.6,76,410.5,Karachi,17,0.3,1004
9/14/2028,30.1,76,412,Karachi,6,0.1,1008
9/15/2028,26.7,89,417.1,Karachi,18,0.6,1016
9/16/2028,29.5,79,413.9,Karachi,10,0,1011
9/17/2028,27.2,75,415.1,Karachi,7,0.1,1008
9/18/2028,30.2,78,415.7,Karachi,15,0,1011
9/19/2028,29.8,73,415.9,Karachi,16,0.1,1008
9/20/2028,25.2,87,418.4,Karachi,15,0,1015
9/21/2028,31.3,77,411.7,Karachi,18,0,1007
9/22/2028,26.4,83,416.7,Karachi,11,0,1008
9/23/2028,30.4,87,417.3,Karachi,9,0,1006
9/24/2028,29.1,77,418,Karachi,14,0,1009
9/25/2028,33.5,83,410.8,Karachi,12,0.2,1009
9/26/2028,27.3,75,415.8,Karachi,17,0,1014
9/27/2028,27,92,420.1,Karachi,5,0.1,1007
9/28/2028,27.9,85,414.7,Karachi,18,0,1011
9/29/2028,27.1,79,416.5,Karachi,13,0,1010
9/30/2028,30.4,76,417.3,Karachi,18,0.2,1004
10/1/2028,23.2,79,411.9,Karachi,15,0.2,1008
10/2/2028,24.8,78,420.5,Karachi,14,0.2,1008
10/3/2028,24.8,90,416.5,Karachi,10,0.1,1015
10/4/2028,30.9,74,416.6,Karachi,16,0,1012
10/5/2028,33.1,81,410,Karachi,9,0,1010
10/6/2028,27.7,80,417.4,Karachi,12,0.1,997
10/7/2028,27.5,79,416.5,Karachi,16,0.2,1004
10/8/2028,28.2,79,419.9,Karachi,16,0.2,1012
10/9/2028,31.5,79,414.1,Karachi,8,0,1012
10/10/2028,25.2,84,412,Karachi,16,0,1008
10/11/2028,28.7,83,413,Karachi,17,0,1010
10/12/2028,30.9,82,413.5,Karachi,13,0.1,1010
10/13/2028,29.5,65,411.6,Karachi,9,0,1011
10/14/2028,28.6,81,418.9,Karachi,5,0.1,1009
10/15/2028,31,72,419,Karachi,12,0.3,1012
10/16/2028,19.9,83,414.4,Karachi,13,0.1,1013
10/17/2028,30,87,413.8,Karachi,9,0,1007
10/18/2028,26,75,409.6,Karachi,17,0,1006
10/19/2028,22.5,79,417.1,Karachi,9,0.2,1008
10/20/2028,29.5,77,420,Karachi,10,0.1,1010
10/21/2028,32.1,86,413.1,Karachi,13,0.1,1011
10/22/2028,27.6,80,414.6,Karachi,9,0,1012
10/23/2028,30.9,89,416.3,Karachi,6,0.2,1013
10/24/2028,32.8,82,420.2,Karachi,7,0.1,1011
10/25/2028,31.9,81,415.6,Karachi,15,0.2,1011
10/26/2028,32.9,80,415.6,Karachi,14,0,1015
10/27/2028,30.2,84,415.5,Karachi,7,0,1010
10/28/2028,28.2,71,410.7,Karachi,13,0,1012
10/29/2028,23.2,80,410.7,Karachi,12,0.3,1011
10/30/2028,27.3,80,412.6,Karachi,17,0,1009
10/31/2028,25.5,84,418,Karachi,17,0,1010
11/1/2028,34.5,79,414,Karachi,19,0,1014
11/2/2028,27.5,75,413.4,Karachi,10,0.1,1010
11/3/2028,28.4,80,413.4,Karachi,9,0.2,1009
11/4/2028,29.7,75,414.6,Karachi,14,0.2,1008
11/5/2028,28.1,70,420.1,Karachi,6,0.1,1011
11/6/2028,33.1,84,414.5,Karachi,13,0.5,1008
11/7/2028,26.1,83,412.6,Karachi,14,0,1011
11/8/2028,28.6,82,415.1,Karachi,12,0.2,1011
11/9/2028,25.8,87,420.3,Karachi,18,0.1,1009
11/10/2028,24,77,413.5,Karachi,9,0.1,1006
11/11/2028,26.2,73,411.5,Karachi,10,0,1007
11/12/2028,27.9,80,413.5,Karachi,19,0,1007
11/13/2028,26.7,78,415.4,Karachi,13,0,1007
11/14/2028,25.9,76,417.1,Karachi,5,0,1011
11/15/2028,23.8,80,418,Karachi,17,0.1,1016
11/16/2028,27.8,77,411.9,Karachi,8,0,1008
11/17/2028,23.5,71,412.1,Karachi,9,0,1009
11/18/2028,30.3,78,414,Karachi,13,0.2,1008
11/19/2028,28.2,74,417.1,Karachi,16,0.3,1013
11/20/2028,23.6,81,411.2,Karachi,9,0.3,1011
11/21/2028,27.1,77,413.2,Karachi,9,0.1,1010
11/22/2028,25.7,86,413.2,Karachi,16,0.1,1006
11/23/2028,29,88,417.8,Karachi,16,0.2,1007
11/24/2028,32,83,416.6,Karachi,7,0.1,1011
11/25/2028,22.4,72,417.7,Karachi,12,0,1011
11/26/2028,28.3,88,419,Karachi,18,0,1010
11/27/2028,27.5,88,414.1,Karachi,11,0,1012
11/28/2028,30,80,411.4,Karachi,12,0.2,1006
11/29/2028,28.6,87,411.5,Karachi,8,0.1,1011
11/30/2028,25.7,77,409.5,Karachi,12,0.1,1011
12/1/2028,27,71,413.6,Karachi,14,0,1007
12/2/2028,25.6,76,413.8,Karachi,8,0,1008
12/3/2028,31.2,89,417.4,Karachi,5,0.1,1012
12/4/2028,28.1,73,415.1,Karachi,19,0.1,1007
12/5/2028,33.7,80,413.5,Karachi,8,0.1,1017
12/6/2028,27.8,80,414.7,Karachi,9,0,1012
12/7/2028,25.9,77,411.9,Karachi,14,0.1,1010
12/8/2028,23.5,78,418.1,Karachi,19,0.3,1009
12/9/2028,22.6,80,412.6,Karachi,12,0.2,1012
12/10/2028,23.2,77,411.6,Karachi,19,0,1009
12/11/2028,28.8,73,417.5,Karachi,16,0.1,1009
12/12/2028,29.5,81,416.7,Karachi,14,0,1014
12/13/2028,23.3,85,409.8,Karachi,10,0.1,1009
12/14/2028,30.7,84,417.6,Karachi,19,0.1,1010
12/15/2028,26.6,76,412.8,Karachi,19,0,1008
12/16/2028,28.4,74,413.9,Karachi,15,0.2,1011
12/17/2028,32.8,79,415.6,Karachi,14,0.1,1012
12/18/2028,30.7,88,416.8,Karachi,9,0.5,1015
12/19/2028,27.2,83,416.3,Karachi,7,0,1007
12/20/2028,25.3,84,414.9,Karachi,8,0,1006
12/21/2028,21.5,84,413.7,Karachi,10,0.1,1009
12/22/2028,25.8,82,416.2,Karachi,19,0.1,1008
12/23/2028,27.4,81,414.6,Karachi,10,0.1,1010
12/24/2028,25,83,420.4,Karachi,19,0.4,1012
12/25/2028,27.6,77,416.8,Karachi,10,0.1,1017
12/26/2028,28.2,73,412.2,Karachi,6,0.1,1009
12/27/2028,27.3,84,413.6,Karachi,15,0.2,1003
12/28/2028,26,86,415.1,Karachi,16,0.1,1009
12/29/2028,28.5,74,418.9,Karachi,18,0,1011
12/30/2028,29.3,84,419.2,Karachi,12,0.1,1007
12/31/2028,24.7,88,413.8,Karachi,12,0.1,1011
1/1/2029,32.2,80,412.2,Karachi,10,0,1010
1/2/2029,27.7,76,411.8,Karachi,18,0,1011
1/3/2029,28.1,81,415.8,Karachi,18,0.1,1012
1/4/2029,30.1,77,421.9,Karachi,8,0,1010
1/5/2029,28.7,77,416.6,Karachi,6,0.3,1012
1/6/2029,30.9,82,410.2,Karachi,10,0,1005
1/7/2029,28.9,72,412.8,Karachi,10,0,1007
1/8/2029,26.2,73,413.1,Karachi,14,0.1,1009
1/9/2029,29.1,80,412.5,Karachi,7,0.1,1007
1/10/2029,24.6,80,413.8,Karachi,6,0.1,1010
1/11/2029,28.3,82,416.1,Karachi,8,0,1009
1/12/2029,27.9,89,417,Karachi,12,0.2,1009
1/13/2029,27.4,81,418.3,Karachi,9,0.1,1013
1/14/2029,27.6,83,416.6,Karachi,19,0.1,1010
1/15/2029,22.4,75,409.1,Karachi,7,0.2,1007
1/16/2029,26.4,84,411.8,Karachi,17,0,1008
1/17/2029,28.3,77,414.5,Karachi,18,0.2,1012
1/18/2029,28.5,80,415.4,Karachi,17,0.1,1011
1/19/2029,24.9,79,417.6,Karachi,16,0.2,1014
1/20/2029,31.8,85,415.1,Karachi,9,0,1013
1/21/2029,25.4,73,415.2,Karachi,13,0.3,1009
1/22/2029,30.9,69,415.7,Karachi,15,0.1,1014
1/23/2029,29.3,79,414.2,Karachi,12,0.1,1015
1/24/2029,26.1,82,415.3,Karachi,16,0.1,1005
1/25/2029,33.3,81,418.4,Karachi,14,0.3,1010
1/26/2029,24.4,86,414.7,Karachi,11,0.1,1008
1/27/2029,30.8,82,414.9,Karachi,8,0.1,1009
1/28/2029,31,77,414.9,Karachi,6,0.2,1008
1/29/2029,26,68,418.9,Karachi,16,0,1007
1/30/2029,32.2,79,411.7,Karachi,13,0,1013
1/31/2029,27.2,85,420.3,Karachi,7,0.1,1006
2/1/2029,28.9,78,411.5,Karachi,10,0,1010
2/2/2029,28.8,80,413,Karachi,18,0.2,1006
2/3/2029,27.6,82,417.2,Karachi,17,0.1,1014
2/4/2029,30.4,75,418.1,Karachi,11,0.1,1010
2/5/2029,30.4,83,410.8,Karachi,16,0,1012
2/6/2029,22.8,88,411.7,Karachi,7,0.2,1011
2/7/2029,31.9,79,415.8,Karachi,7,0.2,1009
2/8/2029,23,74,422,Karachi,7,0.1,1010
2/9/2029,31.1,80,418.7,Karachi,7,0,1015
2/10/2029,31.4,69,414.3,Karachi,7,0,1007
2/11/2029,24.7,82,407.7,Karachi,11,0.1,1002
2/12/2029,26.8,82,415.2,Karachi,17,0.1,1008
2/13/2029,24.7,88,416.1,Karachi,18,0,1006
2/14/2029,27.4,79,413.9,Karachi,9,0.2,1013
2/15/2029,27.1,82,412.4,Karachi,8,0.2,1009
2/16/2029,30.3,76,415.5,Karachi,10,0,1012
2/17/2029,31.9,78,412.2,Karachi,18,0.1,1010
2/18/2029,32.2,72,420.6,Karachi,12,0.2,1010
2/19/2029,26.3,79,419.6,Karachi,6,0.5,1010
2/20/2029,27.4,78,417,Karachi,16,0,1014
2/21/2029,22.9,81,415.3,Karachi,19,0,1011
2/22/2029,25.6,77,413,Karachi,7,0.3,1013
2/23/2029,30.9,80,414.9,Karachi,6,0,1013
2/24/2029,32.8,78,419.9,Karachi,18,0.1,1010
2/25/2029,24.3,78,417.6,Karachi,19,0.1,1010
2/26/2029,26.2,80,415.6,Karachi,11,0.1,1009
2/27/2029,27.9,80,417.8,Karachi,16,0,1014
2/28/2029,28.8,84,416.6,Karachi,6,0.3,1007
3/1/2029,25.6,79,416.2,Karachi,18,0,1008
3/2/2029,29.3,78,417.9,Karachi,9,0.1,1009
3/3/2029,26.6,79,416.6,Karachi,15,0.1,1007
3/4/2029,28,76,417.6,Karachi,19,0,1008
3/5/2029,29.6,78,415.5,Karachi,14,0,1013
3/6/2029,28,90,414.2,Karachi,13,0.3,1012
3/7/2029,26.7,75,413.4,Karachi,12,0.1,1009
3/8/2029,27.7,79,413,Karachi,12,0.1,1012
3/9/2029,27.7,78,410.2,Karachi,7,0.2,1016
3/10/2029,26.9,79,412.3,Karachi,17,0,1011
3/11/2029,27.2,78,412.2,Karachi,17,0.1,1014
3/12/2029,32.8,81,413.5,Karachi,16,0,1013
3/13/2029,29.7,71,419.7,Karachi,19,0.1,1009
3/14/2029,27.1,85,414.5,Karachi,18,0,1011
3/15/2029,30.1,83,415.7,Karachi,5,0.2,1012
3/16/2029,27,74,415.8,Karachi,6,0.1,1008
3/17/2029,31.5,69,419.8,Karachi,11,0,1002
3/18/2029,29.1,75,413.3,Karachi,8,0,1007
3/19/2029,27.7,79,414.3,Karachi,17,0,1004
3/20/2029,29.3,93,414.7,Karachi,14,0.2,1008
3/21/2029,23.3,83,418.4,Karachi,9,0,1005
3/22/2029,24.6,71,419,Karachi,17,0.1,1013
3/23/2029,24.4,77,416.4,Karachi,5,0,1006
3/24/2029,28.4,80,418.7,Karachi,15,0.6,1012
3/25/2029,33.2,81,415.5,Karachi,6,0.1,1012
3/26/2029,34.7,73,414.5,Karachi,13,0,1012
3/27/2029,29.9,79,418.5,Karachi,10,0.1,1004
3/28/2029,29.5,76,416.5,Karachi,11,0.5,1013
3/29/2029,22.6,74,412.8,Karachi,17,0.1,1011
3/30/2029,26.4,81,418,Karachi,9,0.1,1012
3/31/2029,25.6,84,414.4,Karachi,13,0,1015
4/1/2029,26.1,84,414,Karachi,18,0,1012
4/2/2029,27.5,83,417.7,Karachi,14,0,1006
4/3/2029,26.6,78,414.7,Karachi,9,0.1,1012
4/4/2029,22.1,84,416.2,Karachi,10,0.1,1005
4/5/2029,30.2,82,417,Karachi,14,0.2,1010
4/6/2029,24.8,81,412.7,Karachi,13,0.2,1008
4/7/2029,28.7,77,416.2,Karachi,9,0,1010
4/8/2029,34.2,78,419,Karachi,8,0.1,1005
4/9/2029,25.2,80,412.1,Karachi,16,0.1,1006
4/10/2029,20.4,92,416.3,Karachi,9,0.1,1009
4/11/2029,27.1,82,412.5,Karachi,15,0.1,1009
4/12/2029,31.3,77,418.1,Karachi,17,0,1009
4/13/2029,33.9,76,418,Karachi,9,0,1014
4/14/2029,24.3,78,413.9,Karachi,9,0.1,1011
4/15/2029,29.5,91,421.6,Karachi,5,0,1011
4/16/2029,26.6,78,418.3,Karachi,9,0.1,1009
4/17/2029,27.7,85,417.1,Karachi,9,0,1006
4/18/2029,35.9,78,417,Karachi,5,0.2,1010
4/19/2029,23.5,81,418,Karachi,17,0.3,1015
4/20/2029,28.8,84,412,Karachi,8,0.4,1011
4/21/2029,29.4,77,415.6,Karachi,12,0.2,1013
4/22/2029,31.3,77,416.1,Karachi,8,0.4,1014
4/23/2029,28.3,88,413.8,Karachi,11,0.1,1012
4/24/2029,28.9,85,416.4,Karachi,10,0.3,1011
4/25/2029,26.8,84,418.7,Karachi,19,0.1,1007
4/26/2029,28.8,84,413.7,Karachi,19,0.2,1009
4/27/2029,27,82,414.8,Karachi,9,0,1009
4/28/2029,29.9,90,412.5,Karachi,13,0.1,1011
4/29/2029,26.9,80,409.6,Karachi,17,0.3,1006
4/30/2029,29.1,83,417.3,Karachi,12,0.1,1008
5/1/2029,27.9,73,414.9,Karachi,9,0,1011
5/2/2029,31.4,76,415.1,Karachi,18,0.1,1008
5/3/2029,27.8,74,412,Karachi,14,0.1,1007
5/4/2029,22.7,86,414.4,Karachi,11,0.1,1008
5/5/2029,31.8,67,418.3,Karachi,18,0.1,1009
5/6/2029,25.3,78,415,Karachi,15,0,1003
5/7/2029,26,65,415.1,Karachi,13,0.3,1008
5/8/2029,26.2,76,415.6,Karachi,11,0.1,1013
5/9/2029,32.1,78,411.3,Karachi,7,0,1011
5/10/2029,21.6,87,416.9,Karachi,14,0.2,1011
5/11/2029,37.4,82,411.2,Karachi,15,0,1005
5/12/2029,31.2,76,412.2,Karachi,9,0,1009
5/13/2029,28.7,85,411.9,Karachi,16,0.2,1010
5/14/2029,27.8,80,414.5,Karachi,13,0.2,1011
5/15/2029,28.9,80,413.9,Karachi,13,0.1,1013
5/16/2029,29.6,74,415,Karachi,12,0,1013
5/17/2029,29.9,75,412.3,Karachi,17,0,1008
5/18/2029,29.7,76,418,Karachi,10,0.2,1008
5/19/2029,28.3,80,417.5,Karachi,19,0.2,1014
5/20/2029,27.4,80,414.5,Karachi,11,0.1,1009
5/21/2029,27.5,88,413.6,Karachi,11,0,1007
5/22/2029,27.4,82,413.3,Karachi,15,0,1009
5/23/2029,31.4,66,414.1,Karachi,5,0.2,1014
5/24/2029,29.8,81,410.8,Karachi,12,0,1007
5/25/2029,19.2,73,412.1,Karachi,10,0.1,1009
5/26/2029,30,75,417.6,Karachi,11,0.1,1007
5/27/2029,28.6,76,415.9,Karachi,19,0,1013
5/28/2029,27.9,77,419.9,Karachi,14,0,1011
5/29/2029,26.8,73,414.1,Karachi,19,0,1013
5/30/2029,31.4,81,413.9,Karachi,14,0.1,1015
5/31/2029,30.8,73,413.8,Karachi,15,0.2,1005
6/1/2029,25.7,82,414,Karachi,6,0.1,1008
6/2/2029,29.2,91,413,Karachi,11,0,1009
6/3/2029,25.1,73,415.8,Karachi,12,0.1,1010
6/4/2029,23.9,79,415.1,Karachi,16,0,1012
6/5/2029,26.1,67,413.5,Karachi,9,0,1009
6/6/2029,30.6,78,418.8,Karachi,19,0.1,1008
6/7/2029,30.9,83,420.7,Karachi,5,0.3,1013
6/8/2029,29.5,84,418.5,Karachi,10,0.2,1012
6/9/2029,30.2,80,416.7,Karachi,17,0.1,1011
6/10/2029,29.5,84,417.3,Karachi,7,0.1,1004
6/11/2029,26.1,93,420.6,Karachi,9,0.2,1014
6/12/2029,29.3,89,417.3,Karachi,13,0.1,1011
6/13/2029,30.4,77,413.2,Karachi,11,0.1,1010
6/14/2029,30.3,73,416.2,Karachi,12,0,1008
6/15/2029,31.6,78,416.9,Karachi,10,0,1008
6/16/2029,30.1,75,412,Karachi,13,0.1,1007
6/17/2029,29.1,82,414.1,Karachi,7,0.3,1004
6/18/2029,31.2,74,418.3,Karachi,5,0.1,1008
6/19/2029,27.9,80,409.5,Karachi,14,0,1005
6/20/2029,25.4,84,411.2,Karachi,18,0.1,1010
6/21/2029,27.5,79,414.5,Karachi,18,0.1,1007
6/22/2029,25.8,75,416.1,Karachi,17,0.3,1012
6/23/2029,26,86,410.9,Karachi,16,0,1005
6/24/2029,27.6,71,414.6,Karachi,16,0.1,1014
6/25/2029,25.6,78,418.5,Karachi,16,0.1,1013
6/26/2029,27.1,80,415.2,Karachi,15,0.4,1007
6/27/2029,22.3,80,417.8,Karachi,8,0.1,1010
6/28/2029,28.6,81,413.2,Karachi,12,0.2,1007
6/29/2029,28,83,412.6,Karachi,10,0,1012
6/30/2029,25.5,80,417.5,Karachi,11,0,1015
7/1/2029,30,78,416.1,Karachi,18,0,1014
7/2/2029,30.8,78,411.4,Karachi,17,0.1,1008
7/3/2029,23.2,77,412.6,Karachi,13,0.1,1010
7/4/2029,25.7,84,419.7,Karachi,6,0,1015
7/5/2029,25.7,77,412.2,Karachi,11,0.1,1012
7/6/2029,25.2,84,417.8,Karachi,16,0.1,1013
7/7/2029,30.5,80,413.6,Karachi,8,0.1,1012
7/8/2029,27.4,77,415,Karachi,11,0,1010
7/9/2029,27.2,83,415.9,Karachi,12,0.3,1010
7/10/2029,22,76,408.7,Karachi,16,0.1,1006
7/11/2029,29.9,83,410.6,Karachi,6,0,1008
7/12/2029,24.3,81,415.3,Karachi,17,0.1,1007
7/13/2029,28.2,77,412.8,Karachi,19,0,1009
7/14/2029,28.8,83,418,Karachi,11,0.1,1010
7/15/2029,32.1,83,410.2,Karachi,12,0,1010
7/16/2029,24.1,86,416.7,Karachi,16,0.2,1011
7/17/2029,18.9,85,410.9,Karachi,5,0.5,1012
7/18/2029,28.6,82,413.9,Karachi,15,0,1009
7/19/2029,33.4,74,411.8,Karachi,14,0,1012
7/20/2029,31.7,92,420.7,Karachi,9,0,1013
7/21/2029,28.6,73,411,Karachi,18,0.1,1011
7/22/2029,26.5,85,414.6,Karachi,13,0,1008
7/23/2029,30.4,82,409.8,Karachi,6,0.2,1013
7/24/2029,25.1,74,419.8,Karachi,10,0.1,1011
7/25/2029,29.4,79,416.2,Karachi,6,0.1,1012
7/26/2029,29.5,80,415.4,Karachi,7,0.1,1015
7/27/2029,31.2,87,419.4,Karachi,15,0.2,1012
7/28/2029,36.3,76,415.4,Karachi,18,0,1015
7/29/2029,29.2,79,415.7,Karachi,10,0.1,1010
7/30/2029,26.5,68,415.4,Karachi,9,0.1,1009
7/31/2029,27.9,89,416.7,Karachi,8,0.1,1013
8/1/2029,22.7,75,413.5,Karachi,11,0.1,1007
8/2/2029,25.9,82,414.4,Karachi,18,0,1016
8/3/2029,26.8,79,417.4,Karachi,7,0.1,1014
8/4/2029,26.4,80,415.8,Karachi,17,0.2,1010
8/5/2029,28.5,84,414.7,Karachi,14,0,1014
8/6/2029,25.5,88,410.8,Karachi,11,0.1,1012
8/7/2029,31.4,81,419.5,Karachi,16,0,1006
8/8/2029,28,83,413,Karachi,13,0.1,1008
8/9/2029,28,82,418,Karachi,6,0.2,1011
8/10/2029,27,85,415.5,Karachi,19,0.1,1010
8/11/2029,28.5,78,411.1,Karachi,9,0,1014
8/12/2029,30.5,85,418.8,Karachi,5,0,1011
8/13/2029,25.4,86,415.8,Karachi,11,0.2,1006
8/14/2029,26,85,419,Karachi,6,0,1008
8/15/2029,27.1,77,414.5,Karachi,15,0,1012
8/16/2029,24,79,417.1,Karachi,9,0.1,1005
8/17/2029,25.5,81,409.7,Karachi,5,0,1006
8/18/2029,26.6,73,413.5,Karachi,18,0.2,1009
8/19/2029,30.6,88,411.2,Karachi,15,0,1013
8/20/2029,28.8,80,413.9,Karachi,18,0.1,1009
8/21/2029,28.6,81,416.4,Karachi,18,0,1011
8/22/2029,30.6,77,413.2,Karachi,5,0.1,1010
8/23/2029,27.6,73,417.6,Karachi,8,0.1,1010
8/24/2029,29.2,77,412.4,Karachi,11,0.2,1008
8/25/2029,27.7,81,417.7,Karachi,11,0.1,1013
8/26/2029,28.8,83,418.9,Karachi,12,0,1006
8/27/2029,26.3,81,418,Karachi,16,0,1009
8/28/2029,20.7,82,414,Karachi,17,0.7,1013
8/29/2029,27.6,78,408.6,Karachi,13,0.1,1008
8/30/2029,32.3,82,416.7,Karachi,19,0.1,1005
8/31/2029,30.8,87,414.6,Karachi,8,0.2,1004
9/1/2029,30.9,84,412.1,Karachi,6,0,1012
9/2/2029,31.7,84,413.3,Karachi,14,0.1,1012
9/3/2029,28.3,81,419.3,Karachi,16,0,1009
9/4/2029,28.6,72,411.6,Karachi,19,0,1006
9/5/2029,26.1,75,416.4,Karachi,18,0,1010
9/6/2029,27.1,82,415.7,Karachi,18,0.2,1014
9/7/2029,29.8,80,413.9,Karachi,16,0,1006
9/8/2029,31.6,82,416.9,Karachi,17,0,1013
9/9/2029,27.6,88,419.9,Karachi,18,0,1005
9/10/2029,26.6,84,414.1,Karachi,17,0,1007
9/11/2029,28,86,414.3,Karachi,14,0.2,1010
9/12/2029,29.8,80,416.9,Karachi,7,0.1,1013
9/13/2029,23.7,76,417.8,Karachi,13,0.2,1014
9/14/2029,21.1,80,414.6,Karachi,15,0.2,1013
9/15/2029,26.3,76,414.1,Karachi,17,0.2,1015
9/16/2029,24.3,88,408.3,Karachi,12,0,1011
9/17/2029,26.5,84,412.7,Karachi,10,0,1008
9/18/2029,27.6,83,411.6,Karachi,15,0.1,1014
9/19/2029,26.6,86,417.1,Karachi,17,0.1,1014
9/20/2029,32.4,70,414.3,Karachi,19,0.1,1013
9/21/2029,29,83,414.2,Karachi,7,0,1012
9/22/2029,28.9,73,415,Karachi,14,0.4,1014
9/23/2029,29.9,80,412.4,Karachi,12,0,1011
9/24/2029,24.6,78,419.7,Karachi,17,0,1010
9/25/2029,31.1,83,418.9,Karachi,6,0.1,1012
9/26/2029,27.8,81,419.9,Karachi,15,0,1011
9/27/2029,30,87,417.1,Karachi,8,0,1013
9/28/2029,24.8,77,414.9,Karachi,8,0,1010
9/29/2029,23.3,84,419.8,Karachi,13,0,1013
9/30/2029,30.5,81,413,Karachi,12,0,1013
10/1/2029,29.1,72,412.4,Karachi,11,0,1011
10/2/2029,25.3,75,413.2,Karachi,8,0.1,1008
10/3/2029,25.4,79,416.6,Karachi,11,0.1,1014
10/4/2029,31.4,86,412.7,Karachi,5,0.1,1006
10/5/2029,24.4,82,414.5,Karachi,15,0.1,1007
10/6/2029,32.9,74,410.2,Karachi,12,0,1011
10/7/2029,25.3,79,416.4,Karachi,12,0,1002
10/8/2029,29.9,90,410.4,Karachi,13,0.2,1015
10/9/2029,27,81,412.2,Karachi,13,0.1,1010
10/10/2029,29.8,78,418.7,Karachi,5,0,1015
10/11/2029,26.4,82,418.5,Karachi,19,0.3,1015
10/12/2029,27.5,84,416.1,Karachi,14,0.1,1010
10/13/2029,28.1,78,415.8,Karachi,11,0,1014
10/14/2029,25,83,413.4,Karachi,19,0.3,1007
10/15/2029,30.2,78,412.7,Karachi,5,0,1011
10/16/2029,26.5,84,413.9,Karachi,10,0.4,1009
10/17/2029,27.3,81,410.5,Karachi,9,0,1012
10/18/2029,25,82,415.8,Karachi,15,0,1013
10/19/2029,20.3,76,415.1,Karachi,6,0.1,1010
10/20/2029,27.4,76,412.2,Karachi,17,0,1012
10/21/2029,35.2,85,419.7,Karachi,7,0,1013
10/22/2029,30.4,80,416.8,Karachi,19,0.2,1011
10/23/2029,27.9,81,417.1,Karachi,12,0,1018
10/24/2029,27.2,78,413.5,Karachi,6,0.3,1010
10/25/2029,28.1,84,415,Karachi,19,0.1,1015
10/26/2029,29.6,77,416.9,Karachi,15,0.2,1013
10/27/2029,24.5,79,415.5,Karachi,8,0.1,1004
10/28/2029,31.3,84,419.8,Karachi,7,0.1,1014
10/29/2029,30.1,86,414.4,Karachi,16,0,1013
10/30/2029,30.2,77,413.5,Karachi,11,0.1,1010
10/31/2029,29.3,90,416.9,Karachi,12,0,1011
11/1/2029,28.1,82,411.2,Karachi,8,0,1011
11/2/2029,30,75,417.8,Karachi,10,0,1014
11/3/2029,29.8,82,411.1,Karachi,7,0,1009
11/4/2029,26.9,78,416.9,Karachi,11,0,1015
11/5/2029,26.3,82,413.1,Karachi,12,0.1,1007
11/6/2029,28.3,80,416.4,Karachi,11,0,1005
11/7/2029,32.6,80,417.7,Karachi,8,0,1012
11/8/2029,24.3,75,415.5,Karachi,18,0.2,1014
11/9/2029,23.6,85,411.4,Karachi,14,0.1,1009
11/10/2029,28.5,74,412.3,Karachi,16,0.3,1003
11/11/2029,28.2,74,412.8,Karachi,13,0.2,1006
11/12/2029,28.5,82,409.3,Karachi,14,0,1011
11/13/2029,28.7,88,418.4,Karachi,19,0.3,1010
11/14/2029,27.3,78,415.3,Karachi,12,0,1014
11/15/2029,32.5,84,411.6,Karachi,10,0.3,1010
11/16/2029,23.2,85,419.4,Karachi,6,0.1,1008
11/17/2029,25.5,84,412.9,Karachi,14,0.1,1011
11/18/2029,27.7,78,415.8,Karachi,11,0.1,1013
11/19/2029,23.1,75,412.5,Karachi,13,0.2,1014
11/20/2029,27.5,69,408.9,Karachi,13,0.1,1010
11/21/2029,33,79,410.9,Karachi,13,0.1,1010
11/22/2029,28.1,86,413.7,Karachi,13,0,1012
11/23/2029,28.7,74,417.7,Karachi,10,0.2,1008
11/24/2029,24.2,84,416,Karachi,5,0,1012
11/25/2029,26.2,75,415.4,Karachi,18,0.1,1009
11/26/2029,26.9,81,409,Karachi,10,0.1,1010
11/27/2029,27,84,418.8,Karachi,9,0,1010
11/28/2029,31.8,77,415.7,Karachi,11,0.1,1010
11/29/2029,29.7,81,414.6,Karachi,17,0.1,1016
11/30/2029,24.7,78,418.4,Karachi,12,0.3,1009
12/1/2029,28.7,84,418.7,Karachi,5,0,1009
12/2/2029,29.5,81,418.5,Karachi,18,0.3,1014
12/3/2029,31.4,80,414.3,Karachi,14,0.3,1011
12/4/2029,32.7,88,412,Karachi,8,0.2,1012
12/5/2029,25,83,418,Karachi,8,0.2,1007
12/6/2029,25.6,77,410.9,Karachi,17,0.1,1011
12/7/2029,24.2,80,420.8,Karachi,5,0,1012
12/8/2029,27.3,80,415.1,Karachi,15,0.1,1008
12/9/2029,29.4,80,411.8,Karachi,8,0.1,1012
12/10/2029,31,93,411.3,Karachi,11,0.3,1009
12/11/2029,27.8,82,411.2,Karachi,19,0.1,1008
12/12/2029,27,70,415.4,Karachi,18,0.2,1013
12/13/2029,28.5,77,415,Karachi,19,0.1,1013
12/14/2029,25.5,70,411.3,Karachi,10,0,1010
12/15/2029,34.3,78,413.9,Karachi,8,0,1011
12/16/2029,23.2,70,410.9,Karachi,6,0.1,1014
12/17/2029,28.6,76,416.8,Karachi,16,0,1009
12/18/2029,34.1,72,414.8,Karachi,17,0,1011
12/19/2029,28,82,413.9,Karachi,11,0.1,1009
12/20/2029,27.4,80,411.1,Karachi,12,0.2,1007
12/21/2029,26.9,82,414.1,Karachi,13,0.1,1009
12/22/2029,27.5,79,413.8,Karachi,13,0.2,1007
12/23/2029,32.1,73,416,Karachi,18,0,1011
12/24/2029,21.4,83,415.5,Karachi,8,0,1008
12/25/2029,32.6,90,417.4,Karachi,7,0.1,1006
12/26/2029,23.7,82,413.5,Karachi,9,0.2,1012
12/27/2029,27.2,78,409.4,Karachi,10,0.1,1012
12/28/2029,26.7,73,418,Karachi,16,0,1009
12/29/2029,29.8,75,412.2,Karachi,17,0.1,1012
12/30/2029,23.2,82,411.7,Karachi,12,0.2,1008
12/31/2029,29.4,85,414.9,Karachi,7,0,1009
1/1/2030,34.1,81,415.9,Karachi,18,0,1011
1/2/2030,23.9,84,413.4,Karachi,19,0.1,1013
1/3/2030,28.6,84,413.4,Karachi,17,0,1009
1/4/2030,26,83,413.8,Karachi,10,0.1,1008
1/5/2030,29.3,77,419.2,Karachi,9,0,1013
1/6/2030,28.1,81,415,Karachi,17,0,1012
1/7/2030,26.1,76,412.1,Karachi,11,0,1010
1/8/2030,29.5,80,412.1,Karachi,18,0,1014
1/9/2030,33.4,82,414.2,Karachi,13,0,1016
1/10/2030,27.4,88,415.7,Karachi,11,0.2,1011
1/11/2030,30.2,73,416.5,Karachi,15,0,1008
1/12/2030,24.1,82,415.4,Karachi,10,0.1,1011
1/13/2030,25.1,87,412.5,Karachi,13,0.2,1008
1/14/2030,29.4,84,413.7,Karachi,14,0,1014
1/15/2030,32.5,84,417.2,Karachi,8,0,1008
1/16/2030,29.1,83,411.6,Karachi,18,0.1,1009
1/17/2030,27.1,86,413.6,Karachi,5,0,1007
1/18/2030,28,75,416.8,Karachi,12,0.1,1011
1/19/2030,24.2,73,417.6,Karachi,10,0.2,1011
1/20/2030,29.8,80,414.4,Karachi,10,0,1012
1/21/2030,30.6,69,413.8,Karachi,18,0.1,1010
1/22/2030,26.6,86,411,Karachi,19,0.3,1010
1/23/2030,26.6,86,416.6,Karachi,9,0,1008
1/24/2030,28.8,78,419,Karachi,14,0,1009
1/25/2030,26.7,78,422.7,Karachi,15,0.1,1006
1/26/2030,27.8,80,416.2,Karachi,7,0.3,1014
1/27/2030,34.3,80,414.8,Karachi,10,0,1010
1/28/2030,27.3,81,412.2,Karachi,5,0,1015
1/29/2030,26.9,83,409.4,Karachi,11,0,1010
1/30/2030,26.1,79,415.5,Karachi,10,0,1004
1/31/2030,30.2,85,422.1,Karachi,9,0,1009
2/1/2030,27.5,82,418.8,Karachi,17,0,1010
2/2/2030,26.1,77,418.3,Karachi,18,0.1,1010
2/3/2030,32,87,415.7,Karachi,7,0.4,1012
2/4/2030,32.3,73,416.1,Karachi,12,0.2,1011
2/5/2030,26.2,80,407.7,Karachi,17,0.2,1009
2/6/2030,22.4,85,417.3,Karachi,8,0,1007
2/7/2030,31,76,413.3,Karachi,13,0,1009
2/8/2030,25.9,82,412.9,Karachi,13,0.1,1012
2/9/2030,30.4,83,414,Karachi,9,0.1,1013
2/10/2030,22.1,76,413.9,Karachi,15,0.1,1008
2/11/2030,30.7,80,412.8,Karachi,11,0,1013
2/12/2030,24.4,79,415,Karachi,10,0.1,1012
2/13/2030,30.2,77,413.3,Karachi,16,0,1007
2/14/2030,28,92,415.3,Karachi,16,0.1,1011
2/15/2030,25.1,76,410.5,Karachi,10,0,1011
2/16/2030,26.8,85,414.4,Karachi,19,0.2,1007
2/17/2030,30.1,78,411.7,Karachi,8,0,1006
2/18/2030,28.3,75,413.1,Karachi,14,0.3,1011
2/19/2030,29.8,81,415.4,Karachi,17,0.2,1009
2/20/2030,33.9,83,410.2,Karachi,16,0.1,1015
2/21/2030,23.3,85,412.5,Karachi,19,0.4,1015
2/22/2030,32.9,88,416.7,Karachi,12,0,1011
2/23/2030,28.3,95,410.8,Karachi,17,0.1,1013
2/24/2030,25.3,81,420.3,Karachi,15,0.2,1007
2/25/2030,24,77,418.6,Karachi,15,0,1006
2/26/2030,27.4,82,413.5,Karachi,18,0.1,1010
2/27/2030,30.8,79,412.6,Karachi,15,0.1,1006
2/28/2030,27.6,85,415.6,Karachi,14,0.1,1011
3/1/2030,32.5,74,410.7,Karachi,7,0.2,1008
3/2/2030,23.6,92,409,Karachi,9,0.1,1011
3/3/2030,28,84,413.6,Karachi,5,0,1009
3/4/2030,24.2,72,414.6,Karachi,5,0.3,1012
3/5/2030,29.1,76,415.3,Karachi,17,0,1011
3/6/2030,30.7,84,413.2,Karachi,13,0.2,1009
3/7/2030,26.7,86,418.8,Karachi,8,0.4,1006
3/8/2030,20.2,74,410.5,Karachi,13,0.2,1010
3/9/2030,28.6,84,411.6,Karachi,11,0.1,1005
3/10/2030,29.3,70,416.5,Karachi,14,0.1,1014
3/11/2030,29.2,80,411.5,Karachi,12,0.1,1012
3/12/2030,31.7,86,411.4,Karachi,15,0.1,1013
3/13/2030,24.8,77,415.4,Karachi,13,0,1007
3/14/2030,30,72,411.8,Karachi,5,0,1011
3/15/2030,31.6,81,414.6,Karachi,11,0.1,1008
3/16/2030,22.7,77,412.9,Karachi,12,0.1,1010
3/17/2030,29,83,412.4,Karachi,18,0.1,1007
3/18/2030,26.5,76,408.7,Karachi,6,0.1,1010
3/19/2030,27.8,76,415.4,Karachi,18,0.1,1006
3/20/2030,29,70,411.3,Karachi,14,0.1,1010
3/21/2030,26.5,81,414.5,Karachi,13,0,1005
3/22/2030,26,79,413.5,Karachi,16,0,1015
3/23/2030,28.1,74,414.4,Karachi,5,0,1010
3/24/2030,24.7,81,414.6,Karachi,16,0.1,1010
3/25/2030,24.7,85,415.6,Karachi,18,0,1012
3/26/2030,30,79,412.8,Karachi,19,0.1,1006
3/27/2030,24.6,81,418.7,Karachi,7,0,1008
3/28/2030,30,81,409.5,Karachi,17,0,1012
3/29/2030,29.4,74,414.3,Karachi,15,0.2,1010
3/30/2030,22.8,90,417.5,Karachi,13,0,1008
3/31/2030,26,78,416.4,Karachi,5,0.1,1012
4/1/2030,31.6,83,412.1,Karachi,8,0.3,1011
4/2/2030,25.1,84,412.6,Karachi,14,0.1,1012
4/3/2030,26.6,79,412,Karachi,10,0.1,1011
4/4/2030,29.4,83,416.8,Karachi,10,0.2,1008
4/5/2030,30.4,81,412.8,Karachi,18,0,1010
4/6/2030,27.2,73,415.8,Karachi,8,0.1,1004
4/7/2030,26.2,78,415.8,Karachi,14,0,1008
4/8/2030,32.3,77,422.1,Karachi,14,0,1009
4/9/2030,33.2,78,415.9,Karachi,19,0,1012
4/10/2030,30.9,73,412.6,Karachi,14,0.1,1012
4/11/2030,28.3,86,410.6,Karachi,14,0.2,1008
4/12/2030,25.6,88,414.2,Karachi,5,0.2,1008
4/13/2030,25.5,85,414.6,Karachi,9,0.1,1014
4/14/2030,29.6,86,408.4,Karachi,18,0,1009
4/15/2030,29.3,78,412.9,Karachi,9,0.1,1010
4/16/2030,32.2,77,415.9,Karachi,7,0.2,1012
4/17/2030,30,76,413.4,Karachi,15,0,1010
4/18/2030,23.5,83,417.9,Karachi,7,0,1010
4/19/2030,31.2,81,410.3,Karachi,8,0.1,1009
4/20/2030,25,80,417,Karachi,7,0.1,1008
4/21/2030,26.8,86,417.7,Karachi,18,0.1,1010
4/22/2030,28.8,82,417.9,Karachi,19,0.1,1005
4/23/2030,34,76,410.3,Karachi,7,0,1009
4/24/2030,37.3,77,415.9,Karachi,7,0,1012
4/25/2030,29.8,83,413,Karachi,11,0.2,1011
4/26/2030,27.5,85,410.8,Karachi,13,0,1014
4/27/2030,29.6,83,413.8,Karachi,15,0,1013
4/28/2030,30.7,89,412.3,Karachi,19,0.1,1011
4/29/2030,27,88,417.8,Karachi,17,0.1,1010
4/30/2030,33.4,82,416.5,Karachi,5,0.1,1009
5/1/2030,28.7,76,411.5,Karachi,12,0.1,1012
5/2/2030,29.5,73,412.8,Karachi,14,0.3,1011
5/3/2030,30,78,413.9,Karachi,16,0,1009
5/4/2030,29.3,84,414.8,Karachi,5,0.1,1007
5/5/2030,30.5,89,418,Karachi,13,0.1,1010
5/6/2030,26.1,82,417.1,Karachi,17,0,1013
5/7/2030,26.3,86,415.2,Karachi,12,0.1,1010
5/8/2030,24.7,79,414.2,Karachi,19,0.2,1010
5/9/2030,29.3,83,409.7,Karachi,10,0.1,1011
5/10/2030,30.3,84,418.9,Karachi,10,0.2,1011
5/11/2030,29.4,70,413.7,Karachi,15,0.1,1011
5/12/2030,33,78,419.7,Karachi,14,0.1,1010
5/13/2030,28,85,415.6,Karachi,11,0.2,1008
5/14/2030,30,81,421.1,Karachi,12,0.1,1013
5/15/2030,24.7,74,416.8,Karachi,17,0.1,1009
5/16/2030,26.8,68,410.7,Karachi,11,0.1,1015
5/17/2030,30.1,78,413.2,Karachi,19,0.1,1010
5/18/2030,30.5,80,414.5,Karachi,17,0.1,1010
5/19/2030,27.1,76,412.4,Karachi,5,0,1012
5/20/2030,27.8,81,413.9,Karachi,14,0.2,1008
5/21/2030,23.4,83,410.9,Karachi,19,0,1012
5/22/2030,26.9,83,415,Karachi,17,0.1,1010
5/23/2030,30.7,68,415.7,Karachi,18,0,1011
5/24/2030,29.7,73,412,Karachi,8,0.1,1008
5/25/2030,29.5,78,420.8,Karachi,19,0.4,1008
5/26/2030,28.1,83,415.2,Karachi,8,0.2,1005
5/27/2030,28,82,412.5,Karachi,17,0.1,1009
5/28/2030,26,82,410.1,Karachi,13,0.1,1008
5/29/2030,30.1,78,415.2,Karachi,19,0.1,1008
5/30/2030,29.3,78,414.2,Karachi,16,0,1010
5/31/2030,29.5,76,417.3,Karachi,13,0,1010
6/1/2030,26.4,84,414.6,Karachi,7,0.1,1011
6/2/2030,21.5,75,411.4,Karachi,15,0.3,1012
6/3/2030,31.3,84,420,Karachi,19,0.1,1012
6/4/2030,26.6,81,416.3,Karachi,13,0.1,1012
6/5/2030,25.4,80,414.2,Karachi,9,0.3,1011
6/6/2030,30.1,77,415.5,Karachi,15,0.1,1010
6/7/2030,26.8,73,416.4,Karachi,10,0,1013
6/8/2030,31.2,77,410.7,Karachi,19,0,1012
6/9/2030,29.9,78,415.5,Karachi,11,0,1006
6/10/2030,30.1,68,413.6,Karachi,7,0.1,1009
6/11/2030,23.9,79,416.5,Karachi,18,0,1005
6/12/2030,31.6,85,412.8,Karachi,8,0.1,1005
6/13/2030,28.8,83,413.2,Karachi,9,0.2,1008
6/14/2030,26.9,78,420,Karachi,5,0,1010
6/15/2030,28.4,80,418.7,Karachi,12,0,1009
6/16/2030,22.7,77,405.1,Karachi,15,0.1,1005
6/17/2030,29.2,81,418.5,Karachi,11,0,1012
6/18/2030,24.9,88,414.8,Karachi,17,0.1,1008
6/19/2030,23.9,85,412.9,Karachi,15,0.1,1011
6/20/2030,23.4,83,412,Karachi,16,0.1,1008
6/21/2030,31.3,78,412.2,Karachi,17,0.3,1009
6/22/2030,26.1,84,413,Karachi,6,0.1,1011
6/23/2030,32.6,72,411.6,Karachi,11,0,1009
6/24/2030,26.4,79,410.9,Karachi,16,0.2,1011
6/25/2030,22.9,83,411.9,Karachi,13,0,1011
6/26/2030,24.7,84,416,Karachi,9,0,1006
6/27/2030,31.7,83,415.2,Karachi,18,0.3,1011
6/28/2030,27.5,81,416.7,Karachi,15,0,1007
6/29/2030,26.4,79,414.8,Karachi,10,0,1007
6/30/2030,28.5,83,411.1,Karachi,9,0.1,1008
7/1/2030,29.5,75,416.5,Karachi,5,0,1012
7/2/2030,31.4,76,412,Karachi,10,0.1,1005
7/3/2030,32.3,80,416.9,Karachi,18,0.1,1012
7/4/2030,26.9,81,411.5,Karachi,18,0.1,1011
7/5/2030,24,71,412.9,Karachi,11,0,1010
7/6/2030,26.8,82,413.9,Karachi,9,0.2,1011
7/7/2030,28.8,84,417,Karachi,7,0,1009
7/8/2030,25.1,80,415.5,Karachi,19,0.1,1012
7/9/2030,25.1,92,415.1,Karachi,10,0.3,1009
7/10/2030,29,77,420.7,Karachi,16,0.1,1005
7/11/2030,27.9,78,409.5,Karachi,16,0,1010
7/12/2030,28.1,78,411.9,Karachi,15,0,1012
7/13/2030,25.7,80,411.8,Karachi,11,0.3,1011
7/14/2030,27.3,78,409.7,Karachi,14,0.1,1015
7/15/2030,25.2,73,412.8,Karachi,14,0.3,1009
7/16/2030,30.7,77,417.1,Karachi,16,0.1,1010
7/17/2030,31.1,80,413.2,Karachi,18,0,1009
7/18/2030,22.5,86,414,Karachi,13,0,1008
7/19/2030,25.2,91,409.8,Karachi,17,0.3,1009
7/20/2030,23.5,87,412.6,Karachi,11,0.1,1007
7/21/2030,26,76,413.6,Karachi,7,0.1,1003
7/22/2030,27.7,77,416.9,Karachi,5,0.1,1008
7/23/2030,23.7,79,410,Karachi,19,0,1010
7/24/2030,25.2,89,413.6,Karachi,18,0,1012
7/25/2030,25,79,418.3,Karachi,17,0.1,1008
7/26/2030,28.6,73,413.7,Karachi,11,0,1008
7/27/2030,28.2,77,408.7,Karachi,16,0,1013
7/28/2030,25.8,84,418.8,Karachi,12,0.1,1006
7/29/2030,28.5,83,417.2,Karachi,19,0.1,1010
7/30/2030,26.4,79,417.6,Karachi,15,0,1013
7/31/2030,27.2,83,409.8,Karachi,5,0,1008
8/1/2030,33,69,419.5,Karachi,9,0.3,1005
8/2/2030,32,81,412.7,Karachi,16,0,1015
8/3/2030,24.1,84,413.5,Karachi,16,0,1012
8/4/2030,30.5,76,412.9,Karachi,17,0,1012
8/5/2030,30.4,76,417.8,Karachi,12,0,1010
8/6/2030,24.6,71,414.5,Karachi,14,0.1,1012
8/7/2030,30.5,88,416.4,Karachi,11,0.2,1003
8/8/2030,32.6,76,415.2,Karachi,19,0.1,1009
8/9/2030,24.6,81,414.7,Karachi,6,0.1,1013
8/10/2030,25.2,83,412.2,Karachi,17,0.2,1006
8/11/2030,31.1,88,420.4,Karachi,17,0,1009
8/12/2030,28.8,79,410.6,Karachi,17,0.1,1011
8/13/2030,29.7,77,416.2,Karachi,8,0.1,1008
8/14/2030,29,81,416.1,Karachi,10,0,1010
8/15/2030,29.2,86,418.5,Karachi,11,0.1,1011
8/16/2030,24,79,419.2,Karachi,18,0.1,1011
8/17/2030,31.1,75,414.6,Karachi,11,0.1,1009
8/18/2030,31.5,72,416.6,Karachi,7,0,1008
8/19/2030,27.3,74,420.3,Karachi,16,0,1011
8/20/2030,27.9,84,414.8,Karachi,12,0,1011
8/21/2030,23.4,78,411.8,Karachi,11,0,1011
8/22/2030,29.5,77,413.8,Karachi,8,0.2,1010
8/23/2030,29.7,76,411.1,Karachi,14,0,1011
8/24/2030,27.8,80,416.1,Karachi,17,0.1,1013
8/25/2030,31.4,79,418.2,Karachi,8,0,1011
8/26/2030,27,79,414.6,Karachi,8,0.2,1010
8/27/2030,29.7,87,410.1,Karachi,9,0.2,1008
8/28/2030,24.9,88,418.1,Karachi,18,0.2,1014
8/29/2030,27.9,72,409.7,Karachi,15,0.1,1007
8/30/2030,27.5,82,410.4,Karachi,6,0,1009
8/31/2030,28.7,76,414.5,Karachi,13,0,1008
9/1/2030,26.9,79,415.8,Karachi,10,0.1,1005
9/2/2030,27.6,82,416.3,Karachi,16,0.3,1011
9/3/2030,30.5,79,414.8,Karachi,12,0.1,1009
9/4/2030,26.7,81,420.3,Karachi,15,0.1,1010
9/5/2030,23.2,83,415.2,Karachi,5,0.2,1009
9/6/2030,33.2,81,418.1,Karachi,19,0.1,1012
9/7/2030,32.1,77,417.4,Karachi,10,0.1,1013
9/8/2030,24.1,77,411.1,Karachi,19,0,1007
9/9/2030,30.1,73,414.5,Karachi,10,0,1015
9/10/2030,26.5,76,421.4,Karachi,12,0.1,1009
9/11/2030,28.8,90,413.5,Karachi,17,0.2,1012
9/12/2030,28.9,76,413,Karachi,5,0.1,1011
9/13/2030,27.3,74,415.5,Karachi,9,0.1,1010
9/14/2030,25.6,82,413.6,Karachi,19,0,1012
9/15/2030,25.9,79,412.6,Karachi,18,0.1,1014
9/16/2030,25.3,79,413.6,Karachi,18,0,1012
9/17/2030,25.5,87,419.3,Karachi,18,0.1,1009
9/18/2030,27.8,83,414.6,Karachi,7,0.1,1010
9/19/2030,25.9,77,411,Karachi,10,0.1,1008
9/20/2030,30,78,410.5,Karachi,13,0,1012
9/21/2030,32.5,77,421.6,Karachi,14,0.1,1012
9/22/2030,26.3,84,414.3,Karachi,7,0,1009
9/23/2030,28.7,78,416.3,Karachi,13,0,1014
9/24/2030,29.5,71,412.7,Karachi,16,0.1,1013
9/25/2030,29.4,80,416,Karachi,13,0.1,1015
9/26/2030,28.2,72,419.4,Karachi,19,0,1008
9/27/2030,30.2,91,413,Karachi,5,0.2,1010
9/28/2030,29.4,75,416.4,Karachi,6,0.1,1009
9/29/2030,24.3,79,410.8,Karachi,15,0.1,1018
9/30/2030,30.6,81,421.1,Karachi,8,0.1,1010
10/1/2030,30.7,79,415.8,Karachi,18,0.1,1014
10/2/2030,25.7,79,413.8,Karachi,15,0.1,1013
10/3/2030,28.1,82,414.1,Karachi,15,0.2,1010
10/4/2030,30,88,413.5,Karachi,16,0.2,1010
10/5/2030,27.4,84,413.6,Karachi,11,0.1,1012
10/6/2030,31.2,87,407.7,Karachi,16,0.1,1014
10/7/2030,35.1,75,414.7,Karachi,6,0,1009
10/8/2030,25.6,82,414.6,Karachi,11,0,1008
10/9/2030,23.9,81,416.5,Karachi,9,0.1,1013
10/10/2030,28.9,82,413.4,Karachi,14,0.2,1007
10/11/2030,30.2,87,412.7,Karachi,19,0.1,1011
10/12/2030,27.3,79,415,Karachi,11,0.1,1013
10/13/2030,32.4,78,410.2,Karachi,18,0,1011
10/14/2030,24,83,415.4,Karachi,16,0.1,1008
10/15/2030,30.1,71,409.4,Karachi,13,0.1,1007
10/16/2030,26.2,79,418.4,Karachi,13,0.2,1014
10/17/2030,33.2,79,417.1,Karachi,7,0,1009
10/18/2030,34,75,412.2,Karachi,7,0.1,1007
10/19/2030,25.7,85,417,Karachi,17,0.2,1013
10/20/2030,26.4,75,415.3,Karachi,11,0.2,1012
10/21/2030,30.6,79,412,Karachi,9,0.2,1007
10/22/2030,26.8,81,408.9,Karachi,9,0,1018
10/23/2030,27.9,87,415.9,Karachi,9,0.3,1008
10/24/2030,28.1,80,412.6,Karachi,13,0.2,1012
10/25/2030,22.2,85,418.3,Karachi,19,0.2,1016
10/26/2030,28,84,415,Karachi,8,0.3,1013
10/27/2030,25.9,81,412.9,Karachi,10,0.3,1011
10/28/2030,26.5,75,420.4,Karachi,10,0,1006
10/29/2030,32.3,73,416.7,Karachi,17,0,1016
10/30/2030,24.2,81,404,Karachi,11,0.1,1013
10/31/2030,30.4,77,413.5,Karachi,6,0.1,1006
11/1/2030,27.2,85,410.8,Karachi,10,0,1015
11/2/2030,27.2,84,412.6,Karachi,17,0.1,1010
11/3/2030,30.4,79,414.6,Karachi,13,0,1009
11/4/2030,29,74,416.1,Karachi,7,0,1008
11/5/2030,29.7,83,415.8,Karachi,6,0,1011
11/6/2030,30.9,75,418.2,Karachi,17,0,1012
11/7/2030,27,76,416.9,Karachi,12,0.1,1009
11/8/2030,26.2,75,416.7,Karachi,5,0.3,1010
11/9/2030,24.7,79,415.6,Karachi,15,0.1,1020
11/10/2030,25.5,86,418.9,Karachi,12,0.1,1011
11/11/2030,36.8,80,414.1,Karachi,9,0,1013
11/12/2030,31.7,78,414.1,Karachi,13,0.1,1007
11/13/2030,23.9,72,409.3,Karachi,13,0.2,1006
11/14/2030,24,83,418.2,Karachi,8,0.1,1014
11/15/2030,29.4,76,414.8,Karachi,5,0,1014
11/16/2030,29.6,81,423.8,Karachi,9,0.2,1015
11/17/2030,29.6,78,413.8,Karachi,11,0.3,1010
11/18/2030,27.2,84,415.3,Karachi,13,0,1014
11/19/2030,27.6,79,416.6,Karachi,14,0,1002
11/20/2030,29,80,411.7,Karachi,13,0,1012
11/21/2030,28.3,82,416.1,Karachi,13,0,1013
11/22/2030,21.3,91,415.1,Karachi,10,0.2,1008
11/23/2030,27.3,84,414.1,Karachi,6,0.3,1013
11/24/2030,25.4,80,418.5,Karachi,9,0.1,1009
11/25/2030,28.5,80,412.3,Karachi,7,0.1,1010
11/26/2030,37,77,415.8,Karachi,16,0.1,1009
11/27/2030,29.1,75,419.4,Karachi,10,0,1015
11/28/2030,27.1,77,412.9,Karachi,15,0.1,1009
11/29/2030,30.8,76,414.1,Karachi,9,0.2,1008
11/30/2030,29.4,83,422,Karachi,17,0.2,1007
12/1/2030,29.3,75,416.4,Karachi,18,0,1009
12/2/2030,29.8,87,413.5,Karachi,14,0.1,1011
12/3/2030,34.2,84,417.4,Karachi,15,0.1,1012
12/4/2030,24.6,80,413.3,Karachi,5,0.1,1008
12/5/2030,29.4,80,410.3,Karachi,14,0.1,1011
12/6/2030,25.2,77,419.1,Karachi,14,0,1012
12/7/2030,29.7,81,411.7,Karachi,16,0.1,1007
12/8/2030,25.2,85,422.4,Karachi,6,0.1,1010
12/9/2030,26.7,76,413.5,Karachi,15,0,1010
12/10/2030,27.1,72,421.4,Karachi,9,0.2,1010
12/11/2030,30.9,84,410.9,Karachi,18,0,1008
12/12/2030,30.8,82,418.1,Karachi,16,0,1010
12/13/2030,24.3,74,416.5,Karachi,10,0,1010
12/14/2030,28.2,76,417.5,Karachi,18,0,1016
12/15/2030,25.9,76,417.9,Karachi,5,0.1,1010
12/16/2030,24.2,76,413.5,Karachi,11,0.1,1014
12/17/2030,27.3,78,411.1,Karachi,7,0.1,1014
12/18/2030,27.1,79,414.8,Karachi,5,0,1006
12/19/2030,35.3,77,415.7,Karachi,11,0,1009
12/20/2030,29.3,76,413.6,Karachi,11,0.1,1014
12/21/2030,23.9,79,415.8,Karachi,14,0.1,1011
12/22/2030,26.3,81,416,Karachi,7,0,1010
12/23/2030,31.1,78,412.3,Karachi,10,0,1012
12/24/2030,34.3,86,416.2,Karachi,19,0,1013
12/25/2030,23.2,83,414.2,Karachi,8,0,1010
12/26/2030,22.4,72,412.9,Karachi,18,0,1009
12/27/2030,33.6,83,417.4,Karachi,8,0.1,1003
12/28/2030,29.2,83,412.7,Karachi,13,0,1010
12/29/2030,25.4,78,413.6,Karachi,17,0,1009
12/30/2030,29.6,73,415.2,Karachi,11,0.1,1007
12/31/2030,20.1,80,419.1,Karachi,10,0.1,1009
1/1/2031,28,80,415.6,Karachi,16,0.1,1009
1/2/2031,29,74,416.6,Karachi,13,0,1011
1/3/2031,30.8,73,414.1,Karachi,17,0.1,1009
1/4/2031,25,80,414.8,Karachi,7,0.1,1011
1/5/2031,28.3,79,414.9,Karachi,16,0.1,1011
1/6/2031,25.2,78,415.9,Karachi,8,0,1014
1/7/2031,28.8,80,414.1,Karachi,18,0,1008
1/8/2031,25.3,74,419,Karachi,18,0.1,1015
1/9/2031,26.8,78,413.9,Karachi,13,0.1,1013
1/10/2031,25,83,409.9,Karachi,8,0,1014
1/11/2031,30,78,423.2,Karachi,11,0,1011
1/12/2031,30.6,72,414,Karachi,13,0.2,1009
1/13/2031,27.3,78,418.9,Karachi,8,0.1,1008
1/14/2031,28.1,75,419.2,Karachi,13,0,1015
1/15/2031,23.7,81,417.8,Karachi,19,0.1,1013
1/16/2031,27.1,82,414.4,Karachi,11,0,1007
1/17/2031,27.8,72,415.9,Karachi,8,0.1,1013
1/18/2031,35.9,84,411.2,Karachi,7,0.1,1008
1/19/2031,24.7,74,421,Karachi,10,0.2,1011
1/20/2031,32.4,88,412.4,Karachi,7,0.1,1012
1/21/2031,31,80,414.2,Karachi,11,0,1014
1/22/2031,28.8,74,415.3,Karachi,5,0.1,1011
1/23/2031,33.3,74,414.7,Karachi,11,0.2,1010
1/24/2031,29.1,82,413,Karachi,7,0.1,1010
1/25/2031,29.2,78,419.2,Karachi,13,0,1013
1/26/2031,27.8,80,417.9,Karachi,10,0.2,1012
1/27/2031,31.7,88,416,Karachi,11,0,1010
1/28/2031,31.3,77,413.8,Karachi,13,0,1004
1/29/2031,26.1,80,418.2,Karachi,10,0,1003
1/30/2031,24,87,413.6,Karachi,14,0,1011
1/31/2031,27.4,81,419.7,Karachi,15,0.2,1006
2/1/2031,25.6,72,415.3,Karachi,6,0,1008
2/2/2031,27.8,83,418.7,Karachi,19,0,1009
2/3/2031,31.7,74,414.7,Karachi,10,0.1,1016
2/4/2031,26.6,87,415.2,Karachi,10,0.1,1010
2/5/2031,27.9,76,418.7,Karachi,6,0.2,1012
2/6/2031,28.2,95,421.6,Karachi,11,0.1,1012
2/7/2031,30.5,87,419.7,Karachi,18,0,1003
2/8/2031,21.3,76,417.6,Karachi,16,0.1,1009
2/9/2031,26.2,80,416.8,Karachi,13,0,1006
2/10/2031,28.6,84,413.5,Karachi,17,0,1015
2/11/2031,31.6,84,415.9,Karachi,14,0.2,1005
2/12/2031,26.5,82,412.3,Karachi,8,0.1,1009
2/13/2031,22.4,86,416.1,Karachi,15,0.1,1009
2/14/2031,29.9,79,416.3,Karachi,9,0.1,1007
2/15/2031,26.1,78,409.1,Karachi,10,0.1,1010
2/16/2031,24.4,78,415.1,Karachi,5,0,1010
2/17/2031,26.1,84,416.2,Karachi,12,0,1010
2/18/2031,27.4,82,414.7,Karachi,16,0,1012
2/19/2031,26.2,81,416.1,Karachi,17,0.4,1011
2/20/2031,21.4,84,411,Karachi,13,0.1,1011
2/21/2031,30.7,70,412.7,Karachi,5,0.1,1013
2/22/2031,31.8,82,418.1,Karachi,17,0,1005
2/23/2031,30,81,415,Karachi,8,0,1012
2/24/2031,24.6,88,416,Karachi,10,0.2,1007
2/25/2031,27.4,72,413.4,Karachi,17,0.3,1008
2/26/2031,28,88,415.1,Karachi,14,0,1010
2/27/2031,29.8,80,408.1,Karachi,5,0.2,1011
2/28/2031,30,82,417.5,Karachi,7,0,1012
3/1/2031,25.8,88,420.4,Karachi,18,0,1007
3/2/2031,28.2,83,411.8,Karachi,11,0,1015
3/3/2031,29.4,82,412.2,Karachi,19,0.1,1009
3/4/2031,32.4,81,416.3,Karachi,12,0.1,1008
3/5/2031,30.1,78,419.4,Karachi,17,0.2,1006
3/6/2031,30.4,80,415,Karachi,12,0,1006
3/7/2031,28.3,76,411.3,Karachi,9,0.1,1006
3/8/2031,32.2,80,414.4,Karachi,5,0,1011
3/9/2031,29.2,68,411.9,Karachi,5,0,1012
3/10/2031,25.4,82,413,Karachi,12,0,1007
3/11/2031,32.2,79,414.1,Karachi,9,0.2,1007
3/12/2031,30.1,78,412.2,Karachi,19,0.1,1009
3/13/2031,26.7,81,412.7,Karachi,15,0,1010
3/14/2031,26.6,73,415.2,Karachi,13,0,1011
3/15/2031,28.9,90,415.6,Karachi,5,0.1,1007
3/16/2031,29.4,79,410.7,Karachi,6,0,1009
3/17/2031,28.6,79,416.2,Karachi,8,0.3,1015
3/18/2031,28.9,75,413.9,Karachi,14,0.2,1006
3/19/2031,33.1,80,417.2,Karachi,15,0.1,1010
3/20/2031,31.2,87,417.3,Karachi,11,0.1,1011
3/21/2031,28.6,85,413.4,Karachi,8,0.1,1007
3/22/2031,30.8,84,416.8,Karachi,12,0,1012
3/23/2031,24.9,83,412.5,Karachi,11,0,1006
3/24/2031,29.2,78,419,Karachi,9,0,1012
3/25/2031,33.4,73,412.6,Karachi,11,0.3,1010
3/26/2031,27.3,79,416.1,Karachi,12,0.1,1006
3/27/2031,25.5,79,414.4,Karachi,7,0,1012
3/28/2031,26,85,411.9,Karachi,7,0.1,1007
3/29/2031,24.7,82,417.7,Karachi,6,0,1010
3/30/2031,25.6,88,413.2,Karachi,8,0.2,1012
3/31/2031,26.9,86,409.9,Karachi,15,0,1007
4/1/2031,23.8,78,406.4,Karachi,8,0.1,1008
4/2/2031,28,71,412.4,Karachi,19,0,1013
4/3/2031,30.7,87,419.1,Karachi,18,0.1,1004
4/4/2031,25.3,87,418.8,Karachi,19,0,1014
4/5/2031,32.6,73,412.8,Karachi,17,0,1006
4/6/2031,29.5,88,413.9,Karachi,8,0.1,1008
4/7/2031,31.1,82,413.6,Karachi,6,0.1,1011
4/8/2031,26,81,411,Karachi,11,0.4,1012
4/9/2031,30.6,88,412.2,Karachi,14,0.1,1011
4/10/2031,24.7,87,417.9,Karachi,7,0.1,1010
4/11/2031,30.7,83,416.5,Karachi,16,0.2,1009
4/12/2031,28.5,82,415.8,Karachi,19,0.2,1015
4/13/2031,29.7,83,411,Karachi,14,0.1,1012
4/14/2031,24.5,78,415.3,Karachi,5,0.1,1014
4/15/2031,25.3,80,408.1,Karachi,6,0.3,1009
4/16/2031,29.8,75,417.5,Karachi,9,0.1,1003
4/17/2031,25.2,78,415.8,Karachi,13,0.1,1013
4/18/2031,29.4,78,411,Karachi,8,0,1011
4/19/2031,23.9,77,419.8,Karachi,10,0.1,1011
4/20/2031,30.5,81,409.6,Karachi,7,0,1008
4/21/2031,24.3,78,416.6,Karachi,13,0,1009
4/22/2031,29.7,83,416.7,Karachi,6,0.2,1008
4/23/2031,29.9,72,411.3,Karachi,12,0.1,1010
4/24/2031,25.9,79,414.9,Karachi,19,0.1,1007
4/25/2031,29.7,81,410.1,Karachi,19,0.1,1012
4/26/2031,28.8,78,406.5,Karachi,15,0,1016
4/27/2031,26.4,79,411.8,Karachi,18,0,1008
4/28/2031,25,72,413.2,Karachi,18,0,1005
4/29/2031,22.1,82,416.9,Karachi,7,0,1010
4/30/2031,29,83,415.2,Karachi,12,0.1,1011
5/1/2031,23.3,82,415.3,Karachi,7,0.2,1011
5/2/2031,28.3,85,412,Karachi,15,0,1015
5/3/2031,27.2,81,413.4,Karachi,16,0,1012
5/4/2031,30,82,412.2,Karachi,16,0.2,1005
5/5/2031,27.1,81,411.3,Karachi,8,0.1,1006
5/6/2031,27,83,413.2,Karachi,19,0,1011
5/7/2031,30.2,72,415.2,Karachi,12,0,1009
5/8/2031,29,76,413.3,Karachi,14,0.1,1015
5/9/2031,28.9,88,414,Karachi,8,0,1007
5/10/2031,29.4,68,417.1,Karachi,15,0.1,1013
5/11/2031,23.4,79,413.5,Karachi,13,0.1,1008
5/12/2031,30.3,86,411,Karachi,13,0.3,1011
5/13/2031,29.8,80,416.7,Karachi,10,0.1,1008
5/14/2031,24.9,78,415.8,Karachi,5,0,1012
5/15/2031,27.3,81,416,Karachi,13,0,1013
5/16/2031,27.9,78,416.9,Karachi,13,0.1,1011
5/17/2031,27.6,80,416.4,Karachi,18,0,1016
5/18/2031,29,77,415.1,Karachi,17,0,1008
5/19/2031,32.3,86,422.2,Karachi,11,0,1010
5/20/2031,31.2,87,411.1,Karachi,13,0.1,1013
5/21/2031,24.1,79,413.2,Karachi,12,0.1,1007
5/22/2031,29.9,73,417.9,Karachi,13,0,1010
5/23/2031,32,77,415.4,Karachi,13,0.1,1012
5/24/2031,29.2,79,417.3,Karachi,11,0.1,1013
5/25/2031,31.3,83,415.5,Karachi,10,0.3,1013
5/26/2031,34,75,419.1,Karachi,6,0.2,1007
5/27/2031,31.1,76,412,Karachi,17,0.3,1011
5/28/2031,28.7,83,419,Karachi,11,0.3,1006
5/29/2031,31.1,85,418.5,Karachi,5,0.1,1008
5/30/2031,28.4,77,411.4,Karachi,10,0.1,1009
5/31/2031,28.1,73,416.9,Karachi,10,0,1013
6/1/2031,26.9,96,414.9,Karachi,16,0.1,1012
6/2/2031,32.7,84,413.2,Karachi,19,0,1010
6/3/2031,25.5,79,409.3,Karachi,11,0.1,1011
6/4/2031,32.6,84,412,Karachi,6,0,1012
6/5/2031,29.5,79,417.1,Karachi,18,0,1011
6/6/2031,23.8,84,417.4,Karachi,18,0,1008
6/7/2031,29.1,81,414.4,Karachi,17,0.3,1007
6/8/2031,21.7,80,417.5,Karachi,16,0,1009
6/9/2031,29.9,79,417.8,Karachi,8,0.2,1008
6/10/2031,30.7,73,415.5,Karachi,6,0,1012
6/11/2031,26.2,90,412.8,Karachi,18,0.1,1015
6/12/2031,28.4,75,416.3,Karachi,8,0,1012
6/13/2031,33.9,73,416.5,Karachi,7,0,1005
6/14/2031,26.5,79,417,Karachi,6,0.6,1008
6/15/2031,24.8,75,417.6,Karachi,6,0,1010
6/16/2031,32.4,80,410.9,Karachi,7,0,1006
6/17/2031,33.9,83,413.5,Karachi,14,0.1,1010
6/18/2031,28,85,409.3,Karachi,16,0.1,1011
6/19/2031,31,84,417.2,Karachi,8,0.4,1014
6/20/2031,32,78,414.4,Karachi,11,0.1,1015
6/21/2031,25.8,80,416.3,Karachi,8,0.1,1006
6/22/2031,26.5,82,410.6,Karachi,15,0.1,1010
6/23/2031,31.7,71,419.2,Karachi,11,0.1,1010
6/24/2031,33.1,83,411.4,Karachi,8,0.1,1008
6/25/2031,29.7,73,417.3,Karachi,7,0,1010
6/26/2031,25.4,90,415.4,Karachi,12,0.1,1010
6/27/2031,34,78,414.4,Karachi,7,0,1012
6/28/2031,26.4,79,414.2,Karachi,15,0.1,1014
6/29/2031,27,76,413.1,Karachi,19,0,1010
6/30/2031,29,77,418.9,Karachi,12,0,1009
7/1/2031,32.7,91,415,Karachi,6,0.1,1007
7/2/2031,30.6,85,411.2,Karachi,17,0,1016
7/3/2031,29.2,72,413.8,Karachi,18,0,1013
7/4/2031,29.4,88,415.4,Karachi,7,0,1011
7/5/2031,28.1,86,417.7,Karachi,8,0,1010
7/6/2031,29.7,79,413.2,Karachi,7,0,1015
7/7/2031,20.4,82,413.4,Karachi,10,0.1,1010
7/8/2031,27.1,80,415.1,Karachi,13,0.1,1005
7/9/2031,28.7,90,417.6,Karachi,14,0.1,1011
7/10/2031,24.5,76,410.9,Karachi,12,0.1,1006
7/11/2031,29.2,81,416.5,Karachi,8,0.1,1011
7/12/2031,27.4,78,413.6,Karachi,6,0,1014
7/13/2031,33.3,73,414,Karachi,14,0.2,1005
7/14/2031,32.7,91,421,Karachi,5,0.4,1007
7/15/2031,26.6,74,414.4,Karachi,15,0,1013
7/16/2031,27.5,81,417.3,Karachi,8,0.1,1009
7/17/2031,27.8,71,417.2,Karachi,9,0,1011
7/18/2031,26.6,78,411.5,Karachi,6,0,1011
7/19/2031,28.6,82,409.5,Karachi,18,0,1013
7/20/2031,25.7,76,417.5,Karachi,17,0.2,1008
7/21/2031,24.6,83,411.7,Karachi,17,0.1,1002
7/22/2031,29.9,79,410,Karachi,19,0.1,1011
7/23/2031,29.9,86,418.1,Karachi,7,0.1,1005
7/24/2031,25.6,87,411.9,Karachi,17,0.1,1013
7/25/2031,30.7,77,412.7,Karachi,8,0,1010
7/26/2031,26.1,80,420.9,Karachi,7,0.2,1009
7/27/2031,28.8,81,410,Karachi,12,0.1,1012
7/28/2031,30.5,83,411.2,Karachi,18,0.1,1005
7/29/2031,27.9,80,413.6,Karachi,17,0.1,1009
7/30/2031,29.4,81,414.3,Karachi,15,0.3,1011
7/31/2031,26.5,79,412.3,Karachi,16,0.1,1011
8/1/2031,27.4,81,411.5,Karachi,6,0,1009
8/2/2031,27.4,86,419.5,Karachi,13,0.1,1009
8/3/2031,25.8,83,415.8,Karachi,15,0,1015
8/4/2031,27.5,84,416.8,Karachi,10,0.4,1013
8/5/2031,23.4,84,414.6,Karachi,5,0.1,1008
8/6/2031,26.5,79,415.9,Karachi,19,0,1014
8/7/2031,27.1,82,417.8,Karachi,12,0.1,1012
8/8/2031,27.2,75,412,Karachi,14,0,1011
8/9/2031,27.3,86,415.8,Karachi,10,0.1,1012
8/10/2031,27.8,66,417.1,Karachi,8,0,1007
8/11/2031,29.4,80,419.6,Karachi,10,0,1015
8/12/2031,30.6,86,420.8,Karachi,6,0,1013
8/13/2031,26.1,73,415.2,Karachi,5,0,1011
8/14/2031,24.4,82,418.4,Karachi,16,0,1011
8/15/2031,24.9,77,407,Karachi,10,0.2,1010
8/16/2031,26.5,78,419.7,Karachi,12,0,1008
8/17/2031,26.9,85,412.8,Karachi,17,0,1012
8/18/2031,25.7,81,414.3,Karachi,9,0.2,1008
8/19/2031,24.1,70,416.3,Karachi,12,0.2,1010
8/20/2031,26.6,75,414.5,Karachi,7,0.1,1010
8/21/2031,28.5,85,415.6,Karachi,17,0,1011
8/22/2031,29.8,82,419.8,Karachi,10,0.1,1013
8/23/2031,26.3,89,413.8,Karachi,5,0,1011
8/24/2031,26.8,88,411.7,Karachi,17,0.3,1012
8/25/2031,25.2,78,420.4,Karachi,7,0.2,1004
8/26/2031,27.9,93,416.6,Karachi,8,0.1,1011
8/27/2031,25.5,80,420.8,Karachi,9,0,1010
8/28/2031,29.7,75,417.6,Karachi,7,0,1011
8/29/2031,22.6,77,411,Karachi,12,0.9,1008
8/30/2031,26.9,69,416.9,Karachi,9,0.1,1013
8/31/2031,28.9,88,412,Karachi,11,0,1011
9/1/2031,28.6,88,415,Karachi,9,0,1008
9/2/2031,36.1,75,414.8,Karachi,18,0.1,1008
9/3/2031,29,79,410.1,Karachi,12,0.4,1013
9/4/2031,25,80,412.6,Karachi,5,0.1,1010
9/5/2031,27.7,75,421.6,Karachi,7,0,1010
9/6/2031,22.7,71,415.7,Karachi,7,0.1,1009
9/7/2031,27.8,79,414.5,Karachi,14,0,1013
9/8/2031,25.5,78,420.4,Karachi,14,0.2,1011
9/9/2031,30.7,78,413.8,Karachi,7,0,1006
9/10/2031,26.4,81,414.7,Karachi,10,0.1,1007
9/11/2031,27.6,87,418,Karachi,13,0,1010
9/12/2031,26.1,78,413.8,Karachi,17,0,1008
9/13/2031,33.2,81,412.8,Karachi,16,0.1,1004
9/14/2031,27,84,408.2,Karachi,10,0.2,1008
9/15/2031,33.5,83,412.2,Karachi,9,0,1009
9/16/2031,30.4,77,412.2,Karachi,16,0.1,1009
9/17/2031,29.4,80,415.5,Karachi,5,0.1,1012
9/18/2031,29.1,83,413.2,Karachi,6,0.2,1003
9/19/2031,29.2,74,421.5,Karachi,15,0.1,1008
9/20/2031,22.2,86,411.8,Karachi,5,0,1012
9/21/2031,27.2,87,419.2,Karachi,16,0.1,1008
9/22/2031,30.5,76,415.7,Karachi,10,0.2,1006
9/23/2031,27.9,81,417.4,Karachi,7,0.2,1008
9/24/2031,23.8,83,417.2,Karachi,16,0.1,1011
9/25/2031,27.8,77,408.3,Karachi,17,0.5,1009
9/26/2031,33.1,82,415,Karachi,9,0,1008
9/27/2031,31.7,81,414.2,Karachi,10,0.1,1011
9/28/2031,27.8,73,411.6,Karachi,9,0.1,1011
9/29/2031,30.9,82,416.4,Karachi,7,0,1006
9/30/2031,26.9,74,420.1,Karachi,6,0.4,1010
10/1/2031,22.9,85,407,Karachi,6,0,1006
10/2/2031,25.2,77,413.4,Karachi,16,0,1014
10/3/2031,32.7,79,411.3,Karachi,6,0,1014
10/4/2031,27.2,87,415.2,Karachi,14,0,1009
10/5/2031,27.3,82,414,Karachi,8,0.1,1013
10/6/2031,27.1,75,413.2,Karachi,8,0.1,1008
10/7/2031,33.7,75,417.1,Karachi,16,0,1010
10/8/2031,32.9,77,419.9,Karachi,7,0.2,1008
10/9/2031,34.7,82,423,Karachi,12,0,1010
10/10/2031,27.5,82,412.8,Karachi,19,0.2,1010
10/11/2031,28.9,76,409.5,Karachi,8,0,1010
10/12/2031,23.5,74,416.7,Karachi,12,0.1,1010
10/13/2031,32.4,81,419.8,Karachi,15,0,1010
10/14/2031,24.5,79,417.4,Karachi,7,0.1,1014
10/15/2031,28.7,91,419.8,Karachi,15,0.2,1004
10/16/2031,24.7,80,414.3,Karachi,19,0.5,1016
10/17/2031,26.2,89,413.2,Karachi,16,0,1009
10/18/2031,25.5,74,415.3,Karachi,6,0.1,1010
10/19/2031,26.2,72,414,Karachi,18,0.1,1014
10/20/2031,26.4,74,417,Karachi,12,0.7,1012
10/21/2031,26.4,86,417.9,Karachi,10,0.2,1012
10/22/2031,30.5,89,418.1,Karachi,19,0.1,1014
10/23/2031,24.7,76,416.5,Karachi,6,0.1,1010
10/24/2031,28.7,78,415.7,Karachi,11,0,1013
10/25/2031,31.7,74,417.4,Karachi,16,0.1,1006
10/26/2031,26.5,71,409.1,Karachi,14,0.2,1011
10/27/2031,25.8,84,415.6,Karachi,11,0.3,1012
10/28/2031,27.3,81,415.2,Karachi,8,0.1,1013
10/29/2031,31.5,80,415.6,Karachi,12,0.1,1012
10/30/2031,28.6,73,414.7,Karachi,19,0.1,1011
10/31/2031,26.4,88,416.3,Karachi,7,0.1,1009
11/1/2031,29.5,77,413.3,Karachi,17,0,1009
11/2/2031,24.7,83,418.4,Karachi,13,0.1,1009
11/3/2031,30,73,416.4,Karachi,19,0,1006
11/4/2031,29.2,79,415.5,Karachi,18,0,1015
11/5/2031,27.1,81,412.9,Karachi,19,0.1,1013
11/6/2031,25.5,82,417.4,Karachi,16,0.3,1011
11/7/2031,25.3,81,415.6,Karachi,15,0.1,1012
11/8/2031,29.6,82,412.7,Karachi,9,0.1,1012
11/9/2031,31.7,74,414.8,Karachi,7,0.2,1007
11/10/2031,26.1,81,416.9,Karachi,13,0,1012
11/11/2031,29.4,81,416.7,Karachi,18,0,1014
11/12/2031,21.7,81,416.5,Karachi,6,0.3,1008
11/13/2031,26.2,80,415.3,Karachi,6,0.3,1005
11/14/2031,27.9,74,418.1,Karachi,7,0.1,1007
11/15/2031,25.3,73,418.7,Karachi,13,0,1010
11/16/2031,25.2,69,417.2,Karachi,15,0.2,1006
11/17/2031,26,84,413.2,Karachi,14,0.1,1009
11/18/2031,28.9,84,411.8,Karachi,7,0,1008
11/19/2031,27.4,84,413.4,Karachi,9,0,1010
11/20/2031,21.3,82,420.9,Karachi,13,0.4,1008
11/21/2031,21.6,69,415.8,Karachi,14,0,1010
11/22/2031,26.2,75,421.4,Karachi,10,0,1012
11/23/2031,29.4,81,414.6,Karachi,10,0.1,1007
11/24/2031,19.8,81,414.2,Karachi,15,0,1011
11/25/2031,26.5,79,414.8,Karachi,5,0,1007
11/26/2031,26.4,82,414.7,Karachi,15,0,1010
11/27/2031,32.2,80,412.7,Karachi,6,0,1010
11/28/2031,26.8,81,411.6,Karachi,13,0.2,1011
11/29/2031,29.1,77,416.5,Karachi,12,0.1,1011
11/30/2031,28.4,85,418.2,Karachi,6,0,1014
12/1/2031,21.6,78,422.3,Karachi,9,0,1010
12/2/2031,30.3,73,413.7,Karachi,9,0,1008
12/3/2031,28.6,76,413.9,Karachi,10,0,1013
12/4/2031,29.5,78,412.7,Karachi,8,0.1,1011
12/5/2031,39.8,85,418.4,Karachi,13,0,1013
12/6/2031,21.7,80,417.4,Karachi,9,0.1,1010
12/7/2031,33.2,79,412.4,Karachi,8,0.2,1006
12/8/2031,27.1,74,412.3,Karachi,18,0,1017
12/9/2031,28.9,84,417.9,Karachi,13,0,1008
12/10/2031,27.9,77,416.1,Karachi,6,0.2,1007
12/11/2031,26.7,79,417.3,Karachi,15,0.2,1012
12/12/2031,26.3,87,412.4,Karachi,15,0.2,1007
12/13/2031,29,83,409.4,Karachi,6,0.1,1009
12/14/2031,23.4,72,412.4,Karachi,17,0.3,1010
12/15/2031,30.3,71,417.1,Karachi,7,0.2,1010
12/16/2031,26.8,80,421.3,Karachi,14,0.1,1009
12/17/2031,24.6,74,413.7,Karachi,8,0.1,1015
12/18/2031,26.6,83,421.8,Karachi,16,0,1010
12/19/2031,31.8,80,417.5,Karachi,14,0.1,1007
12/20/2031,26.4,81,410.8,Karachi,13,0,1013
12/21/2031,29.1,76,415.6,Karachi,17,0,1008
12/22/2031,25.8,89,417.6,Karachi,9,0,1010
12/23/2031,30.3,94,407.7,Karachi,6,0,1007
12/24/2031,30.1,79,416.9,Karachi,7,0.1,1011
12/25/2031,33.5,82,418.5,Karachi,12,0.1,1010
12/26/2031,27.5,80,416.2,Karachi,10,0,1010
12/27/2031,30,79,414.8,Karachi,17,0.2,1010
12/28/2031,28.3,76,414.5,Karachi,9,0.1,1012
12/29/2031,31.9,75,414.3,Karachi,8,0.1,1012
12/30/2031,25.8,74,411.5,Karachi,8,0,1007
12/31/2031,30.2,82,412.9,Karachi,12,0.2,1008
1/1/2032,27.4,77,413.8,Karachi,16,0.1,1013
1/2/2032,27.8,67,415.3,Karachi,10,0.2,1008
1/3/2032,28.3,82,413.3,Karachi,9,0,1011
1/4/2032,28.8,80,412.4,Karachi,9,0,1013
1/5/2032,27.7,87,417.3,Karachi,10,0,1005
1/6/2032,28.6,82,416.1,Karachi,19,0,1009
1/7/2032,32.7,73,413.4,Karachi,17,0.1,1012
1/8/2032,31,69,416.5,Karachi,15,0.2,1010
1/9/2032,30.6,76,413.6,Karachi,15,0.1,1009
1/10/2032,26.6,77,415.2,Karachi,7,0,1012
1/11/2032,25.3,85,417.9,Karachi,11,0.1,1013
1/12/2032,30.9,80,413.2,Karachi,5,0,1008
1/13/2032,30.6,86,411.5,Karachi,9,0,1015
1/14/2032,32.4,73,414.6,Karachi,10,0.1,1005
1/15/2032,26.2,85,410.9,Karachi,17,0.1,1005
1/16/2032,27.3,84,414.2,Karachi,18,0.1,1009
1/17/2032,23.1,70,414.2,Karachi,19,0,1009
1/18/2032,26.8,87,407.6,Karachi,6,0,1009
1/19/2032,31,80,416.6,Karachi,6,0.3,1008
1/20/2032,26.6,82,414.5,Karachi,13,0.4,1008
1/21/2032,29.9,76,418.5,Karachi,6,0,1009
1/22/2032,27.4,86,415.6,Karachi,7,0.1,1008
1/23/2032,29,74,417.2,Karachi,5,0,1012
1/24/2032,24.6,84,418.6,Karachi,13,0,1010
1/25/2032,28.3,84,414.6,Karachi,5,0.2,1009
1/26/2032,19,75,415,Karachi,8,0.1,1010
1/27/2032,27.4,90,410.3,Karachi,11,0.2,1013
1/28/2032,23.1,81,418.7,Karachi,6,0.1,1009
1/29/2032,31.6,83,414.6,Karachi,12,0.1,1006
1/30/2032,30.3,72,412,Karachi,17,0,1007
1/31/2032,29.4,91,417.2,Karachi,12,0.1,1009
2/1/2032,32.6,74,408.5,Karachi,16,0.4,1011
2/2/2032,25.2,85,413.7,Karachi,18,0.1,1013
2/3/2032,33.2,75,417.7,Karachi,7,0,1015
2/4/2032,30.8,77,413.7,Karachi,8,0.4,1012
2/5/2032,27.3,84,412.8,Karachi,15,0,1007
2/6/2032,31.4,85,413.8,Karachi,11,0.1,1009
2/7/2032,24.7,74,409,Karachi,9,0,1004
2/8/2032,25.5,85,417.1,Karachi,9,0,1009
2/9/2032,26.2,85,414.6,Karachi,6,0,1008
2/10/2032,26.4,75,414.2,Karachi,10,0.1,1003
2/11/2032,24.8,88,414.2,Karachi,8,0.1,1016
2/12/2032,31.7,73,415,Karachi,9,0.1,1009
2/13/2032,27.2,77,417,Karachi,19,0.1,1004
2/14/2032,29.1,82,414.8,Karachi,15,0.1,1009
2/15/2032,26.3,76,410.9,Karachi,9,0.2,1015
2/16/2032,22.5,81,416.7,Karachi,6,0.3,1016
2/17/2032,28.8,81,416.5,Karachi,12,0,1010
2/18/2032,22.3,79,415.6,Karachi,15,0,1010
2/19/2032,27.8,84,418.2,Karachi,5,0.1,1014
2/20/2032,23.9,79,415.1,Karachi,18,0,1010
2/21/2032,34,81,418.3,Karachi,6,0.2,1011
2/22/2032,30.7,86,419.2,Karachi,11,0,1013
2/23/2032,28.3,84,416.7,Karachi,19,0.1,1007
2/24/2032,31.8,84,412.8,Karachi,19,0,1015
2/25/2032,25.5,74,414.6,Karachi,11,0.1,1007
2/26/2032,29.6,83,418.7,Karachi,6,0,1008
2/27/2032,28.6,76,410.5,Karachi,5,0.1,1010
2/28/2032,28.8,74,413.8,Karachi,18,0.3,1013
2/29/2032,31.8,80,414,Karachi,19,0,1012
3/1/2032,30.2,75,412.4,Karachi,17,0,1010
3/2/2032,28.9,84,417.6,Karachi,14,0.1,1011
3/3/2032,23,84,416.1,Karachi,5,0.1,1013
3/4/2032,25.1,70,412.9,Karachi,18,0,1010
3/5/2032,27.6,76,416.8,Karachi,5,0.2,1008
3/6/2032,28.3,73,414.5,Karachi,10,0,1008
3/7/2032,24.6,78,412.3,Karachi,14,0,1013
3/8/2032,35.2,82,412.9,Karachi,16,0.1,1008
3/9/2032,32.5,79,416.3,Karachi,11,0,1005
3/10/2032,29.8,77,417.8,Karachi,6,0.1,1009
3/11/2032,28.2,87,413.5,Karachi,19,0,1010
3/12/2032,27.4,68,416.6,Karachi,10,0.2,1013
3/13/2032,25.1,86,419.7,Karachi,8,0.1,1006
3/14/2032,28.2,77,411.2,Karachi,17,0.1,1011
3/15/2032,28.8,80,416.1,Karachi,13,0,1013
3/16/2032,24.3,77,417.5,Karachi,15,0,1008
3/17/2032,29,88,414.7,Karachi,12,0.1,1010
3/18/2032,27.5,74,418.7,Karachi,12,0,1004
3/19/2032,22.3,80,421.6,Karachi,6,0,1013
3/20/2032,25.4,83,416,Karachi,15,0.1,1012
3/21/2032,26.8,72,414.3,Karachi,9,0,1010
3/22/2032,33.7,75,417.9,Karachi,6,0.2,1006
3/23/2032,29.7,79,417.5,Karachi,7,0.3,1012
3/24/2032,24,76,407.4,Karachi,12,0.1,1009
3/25/2032,29.5,76,415,Karachi,9,0.2,1002
3/26/2032,23.4,78,413.8,Karachi,8,0.2,1012
3/27/2032,31.2,83,416.2,Karachi,9,0,1013
3/28/2032,26.6,78,414.4,Karachi,12,0,1014
3/29/2032,27.7,85,414.7,Karachi,14,0.1,1006
3/30/2032,32,75,412.4,Karachi,18,0.1,1004
3/31/2032,24.1,74,417.2,Karachi,18,0,1009
4/1/2032,23.8,90,420,Karachi,11,0,1012
4/2/2032,26.2,77,412.5,Karachi,19,0.1,1007
4/3/2032,31.1,73,410.8,Karachi,10,0.1,1005
4/4/2032,23.4,71,415.1,Karachi,6,0,1012
4/5/2032,19.5,85,414.9,Karachi,14,0.1,1009
4/6/2032,26.6,78,418.5,Karachi,9,0.3,1012
4/7/2032,29.7,79,411.3,Karachi,14,0.1,1010
4/8/2032,31.6,79,413.4,Karachi,19,0,1010
4/9/2032,26.6,85,408.6,Karachi,17,0,1010
4/10/2032,26.8,79,419.1,Karachi,18,0.1,1009
4/11/2032,31.5,92,415.8,Karachi,19,0.3,1009
4/12/2032,22.4,81,413.6,Karachi,13,0.2,1007
4/13/2032,26.8,85,411,Karachi,13,0.1,1011
4/14/2032,28.6,84,411.3,Karachi,19,0,1014
4/15/2032,29.3,80,416.2,Karachi,19,0.1,1008
4/16/2032,26.5,77,411.7,Karachi,13,0.2,1016
4/17/2032,28.1,82,415.3,Karachi,7,0.3,1011
4/18/2032,20.5,83,421.1,Karachi,13,0.1,1011
4/19/2032,26,77,414,Karachi,13,0.1,1012
4/20/2032,29.4,81,412.1,Karachi,9,0.1,1013
4/21/2032,25.1,86,416.1,Karachi,17,0.3,1009
4/22/2032,28.2,90,411.3,Karachi,10,0.1,1012
4/23/2032,29.3,84,420.2,Karachi,11,0,1013
4/24/2032,27,89,419.2,Karachi,14,0.1,1009
4/25/2032,28.5,77,414.5,Karachi,14,0.2,1010
4/26/2032,25.1,84,412.3,Karachi,14,0.1,1008
4/27/2032,27.4,87,413.7,Karachi,10,0.1,1009
4/28/2032,29.8,76,414.1,Karachi,9,0.1,1009
4/29/2032,28.5,78,416.2,Karachi,17,0.1,1007
4/30/2032,26.2,89,418.1,Karachi,5,0,1010
5/1/2032,28.7,75,411.9,Karachi,8,0.1,1011
5/2/2032,30.1,73,418,Karachi,17,0.1,1011
5/3/2032,21.9,88,416.9,Karachi,18,0.3,1008
5/4/2032,31.5,86,413.5,Karachi,12,0.4,1008
5/5/2032,27,82,411.7,Karachi,12,0.1,1013
5/6/2032,29.3,80,415.3,Karachi,16,0.3,1008
5/7/2032,31.6,78,411.8,Karachi,17,0,1012
5/8/2032,23.9,81,418.1,Karachi,10,0.1,1008
5/9/2032,25.9,88,411.6,Karachi,17,0,1011
5/10/2032,27.1,81,416.6,Karachi,7,0,1012
5/11/2032,25.6,91,414.8,Karachi,16,0.2,1002
5/12/2032,33.2,76,413.3,Karachi,19,0.2,1013
5/13/2032,25.4,80,414.7,Karachi,12,0.1,1014
5/14/2032,26.3,78,418.2,Karachi,11,0,1009
5/15/2032,28.6,75,411.4,Karachi,15,0.1,1011
5/16/2032,24.4,79,413.8,Karachi,13,0.2,1007
5/17/2032,26.8,82,412.7,Karachi,7,0,1011
5/18/2032,29,83,414.9,Karachi,15,0,1017
5/19/2032,27,91,412.9,Karachi,10,0.2,1003
5/20/2032,27.7,82,409.7,Karachi,19,0.3,1008
5/21/2032,26.4,86,411.8,Karachi,5,0,1012
5/22/2032,23.5,80,419.9,Karachi,16,0.2,1014
5/23/2032,29,88,415.7,Karachi,12,0.1,1006
5/24/2032,33.3,92,415.6,Karachi,6,0,1008
5/25/2032,28.1,83,414.2,Karachi,9,0.1,1008
5/26/2032,28.7,75,414.8,Karachi,10,0.1,1008
5/27/2032,30.1,77,413.7,Karachi,8,0,1010
5/28/2032,24.2,81,416.6,Karachi,13,0.1,1006
5/29/2032,33.1,82,415.3,Karachi,7,0.1,1009
5/30/2032,28.6,83,411.5,Karachi,6,0,1007
5/31/2032,32.9,82,415.8,Karachi,7,0.1,1010
6/1/2032,25.8,80,407.6,Karachi,9,0,1008
6/2/2032,33.5,77,416.2,Karachi,5,0,1009
6/3/2032,30.3,82,410.8,Karachi,14,0,1007
6/4/2032,29.7,89,414.7,Karachi,16,0.1,1013
6/5/2032,28.7,85,411.4,Karachi,8,0,1009
6/6/2032,27.3,83,415,Karachi,5,0,1010
6/7/2032,31.6,85,416.7,Karachi,13,0,1010
6/8/2032,28.4,78,419.5,Karachi,18,0.1,1010
6/9/2032,22.1,77,410.4,Karachi,7,0.1,1010
6/10/2032,24.6,76,417.9,Karachi,6,0,1012
6/11/2032,27.4,79,415.4,Karachi,9,0.3,1009
6/12/2032,28.9,78,413.6,Karachi,5,0.1,1008
6/13/2032,27.8,86,417.3,Karachi,14,0.1,1010
6/14/2032,31.7,78,414.3,Karachi,18,0.1,1008
6/15/2032,22.1,76,417.2,Karachi,11,0,1010
6/16/2032,28.4,90,412,Karachi,13,0.3,1007
6/17/2032,22.5,78,413.1,Karachi,5,0,1013
6/18/2032,30.3,81,417.8,Karachi,16,0.1,1008
6/19/2032,27.7,82,419.5,Karachi,12,0.1,1014
6/20/2032,29.3,74,414.9,Karachi,12,0.2,1010
6/21/2032,25.4,86,406.6,Karachi,11,0,1013
6/22/2032,31.8,83,414.4,Karachi,14,0.1,1008
6/23/2032,31.1,88,415.1,Karachi,8,0.1,1004
6/24/2032,29.8,77,414.3,Karachi,18,0,1005
6/25/2032,27.6,80,416,Karachi,16,0,1018
6/26/2032,29.7,80,413.6,Karachi,19,0,1008
6/27/2032,25.9,81,417.5,Karachi,18,0,1013
6/28/2032,30.6,73,411.5,Karachi,11,0,1006
6/29/2032,32.9,81,418.7,Karachi,6,0.1,1011
6/30/2032,31.2,73,419.7,Karachi,10,0.2,1011
7/1/2032,25.8,82,412.3,Karachi,18,0.3,1019
7/2/2032,29.1,69,412.3,Karachi,16,0.1,1009
7/3/2032,24.1,71,416.2,Karachi,19,0,1008
7/4/2032,29.7,84,411.4,Karachi,15,0.2,1011
7/5/2032,29.4,77,413.5,Karachi,19,0.2,1007
7/6/2032,22.4,75,418.3,Karachi,9,0.1,1011
7/7/2032,24.5,86,417.2,Karachi,9,0,1010
7/8/2032,27.2,82,420.9,Karachi,15,0.2,1008
7/9/2032,27.1,84,415.5,Karachi,12,0,1011
7/10/2032,24.4,79,413.2,Karachi,5,0,1010
7/11/2032,29.2,93,415.2,Karachi,12,0.2,1012
7/12/2032,28.8,77,414.5,Karachi,8,0.1,1015
7/13/2032,27.4,89,414.6,Karachi,17,0,1008
7/14/2032,25.7,80,414.9,Karachi,14,0.1,1009
7/15/2032,31.1,72,412.2,Karachi,10,0.1,1006
7/16/2032,33,82,415.8,Karachi,10,0.2,1012
7/17/2032,26.5,82,410.8,Karachi,5,0,1008
7/18/2032,26.2,75,412.8,Karachi,12,0,1011
7/19/2032,29.5,75,414.6,Karachi,17,0.1,1013
7/20/2032,26.9,80,408.2,Karachi,19,0.2,1008
7/21/2032,27.6,82,417.3,Karachi,8,0,1009
7/22/2032,30.2,68,408.8,Karachi,17,0.1,1013
7/23/2032,22.3,85,417,Karachi,16,0,1012
7/24/2032,32,78,411.1,Karachi,13,0,1012
7/25/2032,28.2,73,413.8,Karachi,19,0.2,1009
7/26/2032,26.8,85,416.6,Karachi,11,0,1006
7/27/2032,27.7,80,421.6,Karachi,19,0.1,1008
7/28/2032,27.9,86,415.3,Karachi,18,0,1007
7/29/2032,22.8,82,409.1,Karachi,15,0,1012
7/30/2032,32.5,80,417.9,Karachi,18,0.3,1011
7/31/2032,28.1,79,414.3,Karachi,8,0.1,1008
8/1/2032,29.3,82,415.2,Karachi,16,0.1,1009
8/2/2032,30.9,78,416.7,Karachi,5,0.1,1011
8/3/2032,24.9,76,408.3,Karachi,13,0,1009
8/4/2032,29.4,83,415,Karachi,14,0.1,1008
8/5/2032,27.2,79,413.8,Karachi,10,0,1016
8/6/2032,30.5,80,418.7,Karachi,10,0.2,1008
8/7/2032,21.6,85,417.2,Karachi,5,0.1,1012
8/8/2032,27.7,79,410.1,Karachi,9,0,1011
8/9/2032,26.2,80,418.8,Karachi,8,0.2,1005
8/10/2032,29.3,77,416.3,Karachi,19,0.1,1008
8/11/2032,29.4,82,410.4,Karachi,15,0.1,1012
8/12/2032,25.9,82,415.2,Karachi,5,0,1010
8/13/2032,25.9,85,418.1,Karachi,11,0.2,1006
8/14/2032,27.7,77,411.4,Karachi,8,0.3,1011
8/15/2032,25.3,78,419.1,Karachi,7,0.1,1008
8/16/2032,30.5,84,410.5,Karachi,6,0.1,1011
8/17/2032,26.9,81,412.6,Karachi,12,0,1018
8/18/2032,19.3,75,412.2,Karachi,9,0,1011
8/19/2032,26.9,87,419.1,Karachi,14,0.1,1012
8/20/2032,24.9,72,413.5,Karachi,13,0,1009
8/21/2032,23.1,84,411.5,Karachi,9,0.3,1007
8/22/2032,24.3,74,416.3,Karachi,14,0,1013
8/23/2032,28.3,89,417,Karachi,16,0.1,1008
8/24/2032,32,72,417,Karachi,5,0,1009
8/25/2032,28.9,86,414.2,Karachi,18,0,1015
8/26/2032,26.2,80,415.8,Karachi,14,0.1,1009
8/27/2032,29.4,78,413,Karachi,9,0.1,1014
8/28/2032,26.6,81,420,Karachi,9,0.1,1011
8/29/2032,25.9,83,418.4,Karachi,12,0,1008
8/30/2032,24.5,75,418.2,Karachi,10,0,1011
8/31/2032,22.7,76,417.4,Karachi,19,0.2,1008
9/1/2032,26.8,83,416.6,Karachi,15,0.1,1013
9/2/2032,28.5,71,411.3,Karachi,9,0.1,1014
9/3/2032,27.7,77,416.9,Karachi,17,0,1010
9/4/2032,26.8,95,415.3,Karachi,12,0.2,1014
9/5/2032,25.2,75,418.8,Karachi,19,0,1010
9/6/2032,29.8,86,417.4,Karachi,5,0.1,1013
9/7/2032,24,77,416.7,Karachi,9,0,1019
9/8/2032,30.3,83,409.9,Karachi,7,0,1017
9/9/2032,25,83,414.7,Karachi,9,0.1,1009
9/10/2032,25.7,86,413.3,Karachi,7,0,1011
9/11/2032,23.6,79,415.8,Karachi,19,0.1,1007
9/12/2032,26.5,90,413.8,Karachi,8,0.1,1012
9/13/2032,30.9,77,414.2,Karachi,15,0.3,1011
9/14/2032,29.5,81,416.4,Karachi,13,0,1008
9/15/2032,30.9,81,413.7,Karachi,6,0,1014
9/16/2032,29.6,74,415.4,Karachi,18,0.1,1009
9/17/2032,24.7,79,410.4,Karachi,14,0,1008
9/18/2032,27,81,412.5,Karachi,16,0,1011
9/19/2032,25.7,78,417,Karachi,5,0.1,1009
9/20/2032,32,92,411.3,Karachi,16,0.1,1010
9/21/2032,24.4,76,418.7,Karachi,8,0.2,1015
9/22/2032,30.7,86,417.9,Karachi,12,0.6,1008
9/23/2032,30.7,84,414.2,Karachi,17,0.1,1012
9/24/2032,33.5,80,424,Karachi,9,0,1008
9/25/2032,26.8,76,418.7,Karachi,13,0.1,1007
9/26/2032,30.1,76,412.2,Karachi,14,0.1,1010
9/27/2032,34.8,77,417.2,Karachi,7,0.1,1018
9/28/2032,26.1,71,415.2,Karachi,17,0.3,1012
9/29/2032,23.4,75,412.7,Karachi,13,0.1,1011
9/30/2032,22.4,73,411.8,Karachi,5,0.1,1008
10/1/2032,30.1,87,418,Karachi,19,0,1009
10/2/2032,22.4,83,413.2,Karachi,6,0.2,1006
10/3/2032,26.9,84,414.7,Karachi,13,0.2,1015
10/4/2032,29.3,83,412.2,Karachi,18,0,1011
10/5/2032,28.6,81,412.8,Karachi,13,0,1011
10/6/2032,29.3,87,414.6,Karachi,14,0,1011
10/7/2032,28.7,77,416.2,Karachi,9,0,1016
10/8/2032,31.8,81,407.2,Karachi,14,0.1,1011
10/9/2032,25.1,84,415.1,Karachi,16,0,1009
10/10/2032,26,73,412.8,Karachi,17,0.3,1015
10/11/2032,25.7,95,419.2,Karachi,8,0.2,1010
10/12/2032,30.5,80,423.8,Karachi,13,0,1005
10/13/2032,30.7,81,413.9,Karachi,16,0,1005
10/14/2032,29.4,86,409.8,Karachi,14,0,1009
10/15/2032,31.6,85,415.4,Karachi,6,0,1011
10/16/2032,24.5,80,414.4,Karachi,19,0,1012
10/17/2032,33,81,420.9,Karachi,7,0.1,1007
10/18/2032,32.6,72,420,Karachi,19,0.3,1009
10/19/2032,30.2,77,417.6,Karachi,19,0.2,1008
10/20/2032,33.3,83,413.2,Karachi,18,0.2,1013
10/21/2032,23,82,417,Karachi,19,0.1,1014
10/22/2032,26.4,86,415.8,Karachi,12,0.2,1016
10/23/2032,25.8,79,415.7,Karachi,5,0.1,1011
10/24/2032,30.2,73,410.3,Karachi,6,0,1016
10/25/2032,24.8,85,418.2,Karachi,9,0.1,1008
10/26/2032,30.3,87,415.3,Karachi,19,0.3,1011
10/27/2032,32.1,84,414.7,Karachi,19,0,1007
10/28/2032,30.1,79,413.2,Karachi,11,0,1012
10/29/2032,28.9,85,412.6,Karachi,14,0,1011
10/30/2032,25,97,416,Karachi,17,0,1003
10/31/2032,25.5,81,409.8,Karachi,13,0,1013
11/1/2032,31.7,73,417.4,Karachi,18,0,1013
11/2/2032,30.3,77,411.8,Karachi,7,0.3,1008
11/3/2032,27.9,83,408.8,Karachi,15,0.2,1011
11/4/2032,26.7,72,420.5,Karachi,8,0.3,1006
11/5/2032,21.9,81,412.4,Karachi,14,0,1008
11/6/2032,24.8,82,412.8,Karachi,5,0,1015
11/7/2032,33.7,88,418.4,Karachi,16,0,1007
11/8/2032,24.2,87,420.6,Karachi,5,0.2,1010
11/9/2032,28.6,84,410.4,Karachi,5,0,1006
11/10/2032,31,69,412.1,Karachi,8,0.1,1011
11/11/2032,24.2,85,412.4,Karachi,13,0,1012
11/12/2032,28.6,84,417.8,Karachi,12,0,1012
11/13/2032,30.8,81,419.9,Karachi,8,0,1011
11/14/2032,28,71,411.8,Karachi,12,0.1,1014
11/15/2032,36.6,76,419.2,Karachi,19,0,1008
11/16/2032,23,74,412.9,Karachi,11,0,1007
11/17/2032,31.2,70,416,Karachi,10,0,1008
11/18/2032,27.5,80,411.2,Karachi,14,0.1,1006
11/19/2032,30.3,76,414.6,Karachi,16,0.1,1010
11/20/2032,29.3,93,414.7,Karachi,6,0.3,1010
11/21/2032,25.8,79,414.1,Karachi,19,0.1,1011
11/22/2032,28.7,86,416.2,Karachi,7,0,1005
11/23/2032,22.4,72,412,Karachi,8,0.1,1010
11/24/2032,29.8,77,412.3,Karachi,11,0.1,1014
11/25/2032,28.9,80,416.3,Karachi,12,0.2,1012
11/26/2032,29.9,75,419,Karachi,18,0.3,1004
11/27/2032,31.2,78,414.9,Karachi,15,0.2,1010
11/28/2032,29.1,79,416.5,Karachi,12,0,1008
11/29/2032,28.4,79,417.3,Karachi,8,0,1010
11/30/2032,25.4,89,417.5,Karachi,13,0.2,1009
12/1/2032,25.9,82,412.1,Karachi,12,0,1015
12/2/2032,31.6,82,412.7,Karachi,15,0.1,1010
12/3/2032,32.3,83,412.9,Karachi,17,0.5,1011
12/4/2032,27.3,83,420.8,Karachi,9,0.1,1010
12/5/2032,28.1,80,416.5,Karachi,17,0.1,1011
12/6/2032,25.3,78,416.4,Karachi,7,0.1,1009
12/7/2032,31.5,81,416.1,Karachi,6,0,1012
12/8/2032,30,86,411,Karachi,16,0.1,1009
12/9/2032,33.8,86,420.8,Karachi,13,0,1014
12/10/2032,25.4,79,416.4,Karachi,5,0,1011
12/11/2032,26.9,84,417.2,Karachi,11,0.1,1010
12/12/2032,28.7,79,409.7,Karachi,15,0.1,1013
12/13/2032,29.9,80,417.3,Karachi,17,0.1,1011
12/14/2032,27.4,78,413.9,Karachi,18,0.2,1012
12/15/2032,25.4,79,411,Karachi,11,0,1010
12/16/2032,30.6,87,412.1,Karachi,5,0.2,1009
12/17/2032,30.2,80,411.2,Karachi,18,0,1010
12/18/2032,25.3,81,411.2,Karachi,11,0.1,1008
12/19/2032,32.1,73,415.2,Karachi,18,0.2,1013
12/20/2032,31.5,78,413.8,Karachi,5,0,1014
12/21/2032,28.4,79,416,Karachi,6,0.1,1012
12/22/2032,28.2,76,420,Karachi,13,0.1,1014
12/23/2032,29.7,80,414.6,Karachi,19,0.2,1013
12/24/2032,25.4,78,408.3,Karachi,12,0.1,1009
12/25/2032,28.1,80,414.3,Karachi,13,0.1,1013
12/26/2032,21.5,81,418.6,Karachi,16,0,1006
12/27/2032,30.6,75,414.7,Karachi,13,0.1,1011
12/28/2032,23.3,78,419.6,Karachi,8,0.1,1006
12/29/2032,32.5,80,416.4,Karachi,19,0.1,1010
12/30/2032,27,86,409.5,Karachi,9,0,1006
12/31/2032,27.4,81,415.3,Karachi,14,0,1013
1/1/2033,26.1,77,415.9,Karachi,11,0,1009
1/2/2033,27.1,82,418.2,Karachi,10,0,1013
1/3/2033,32.3,89,420.5,Karachi,19,0,1010
1/4/2033,20.5,85,417.7,Karachi,13,0.2,1004
1/5/2033,31.8,83,416.3,Karachi,6,0.2,1009
1/6/2033,29,84,417,Karachi,19,0.2,1008
1/7/2033,24.4,87,414.5,Karachi,12,0.2,1010
1/8/2033,24.8,85,410.6,Karachi,18,0,1015
1/9/2033,33,83,415.1,Karachi,19,0.1,1015
1/10/2033,25.2,85,416.1,Karachi,19,0.2,1009
1/11/2033,24.5,75,411.4,Karachi,6,0.1,1006
1/12/2033,31.4,72,419,Karachi,18,0,1008
1/13/2033,29,81,418,Karachi,18,0.1,1011
1/14/2033,25.2,80,410.9,Karachi,6,0,1010
1/15/2033,28.6,77,419.1,Karachi,7,0,1005
1/16/2033,24.9,84,414.1,Karachi,8,0.1,1008
1/17/2033,31.3,71,412.7,Karachi,10,0.2,1014
1/18/2033,31.2,77,418.2,Karachi,18,0.1,1011
1/19/2033,29.6,78,414.8,Karachi,10,0,1010
1/20/2033,29.1,72,420.7,Karachi,18,0.1,1009
1/21/2033,33.3,87,412.4,Karachi,6,0.2,1009
1/22/2033,28,73,409.8,Karachi,10,0,1012
1/23/2033,24.5,77,414.2,Karachi,12,0.1,1010
1/24/2033,29.3,85,417.4,Karachi,9,0,1012
1/25/2033,34.3,83,412.2,Karachi,5,0.1,1012
1/26/2033,25,74,411,Karachi,19,0,1010
1/27/2033,26.9,83,415.7,Karachi,12,0.2,1011
1/28/2033,29.2,81,410.6,Karachi,10,0,1008
1/29/2033,27.8,92,415.9,Karachi,6,0,1010
1/30/2033,25.1,82,414,Karachi,11,0,1014
1/31/2033,31.4,79,416.5,Karachi,18,0.1,1010
2/1/2033,35,76,410.8,Karachi,12,0.1,1009
2/2/2033,28.6,76,418.9,Karachi,6,0,1011
2/3/2033,25.3,76,414.5,Karachi,18,0,1007
2/4/2033,23.4,87,417.3,Karachi,5,0.2,1011
2/5/2033,28.8,80,417.9,Karachi,10,0.1,1015
2/6/2033,31.3,83,411.5,Karachi,17,0.2,1008
2/7/2033,29.4,88,417.6,Karachi,10,0.1,1011
2/8/2033,28,68,410.7,Karachi,12,0.1,1010
2/9/2033,26.2,86,410.9,Karachi,18,0,1010
2/10/2033,24.7,80,420.9,Karachi,19,0.1,1010
2/11/2033,30.5,82,418.3,Karachi,11,0.2,1012
2/12/2033,30.7,76,421.2,Karachi,12,0,1007
2/13/2033,23.4,76,413.9,Karachi,14,0.1,1012
2/14/2033,32.8,82,415.3,Karachi,14,0.1,1010
2/15/2033,29.7,92,416.6,Karachi,18,0.1,1005
2/16/2033,32.2,85,415,Karachi,9,0.1,1011
2/17/2033,24,86,412.8,Karachi,6,0,1010
2/18/2033,23.9,79,412.3,Karachi,19,0,1007
2/19/2033,27.6,77,415.6,Karachi,9,0,1010
2/20/2033,29.5,76,411.8,Karachi,6,0.3,1006
2/21/2033,33.4,78,411.7,Karachi,13,0.3,1008
2/22/2033,30.1,70,416.2,Karachi,9,0,1010
2/23/2033,27.3,76,414.7,Karachi,5,0,1005
2/24/2033,24.9,77,417.8,Karachi,13,0,1007
2/25/2033,31.7,79,413.7,Karachi,14,0,1007
2/26/2033,25.1,81,413.3,Karachi,19,0,1010
2/27/2033,32.9,82,416.3,Karachi,9,0,1011
2/28/2033,27.1,80,412.6,Karachi,15,0.2,1007
3/1/2033,32.8,77,413,Karachi,5,0.1,1007
3/2/2033,30,70,413.1,Karachi,19,0,1010
3/3/2033,27.6,77,414.4,Karachi,13,0.1,1010
3/4/2033,26.4,75,420.3,Karachi,13,0.1,1008
3/5/2033,27,82,410.9,Karachi,14,0,1015
3/6/2033,29.3,85,418.9,Karachi,14,0.1,1011
3/7/2033,28.2,85,417.2,Karachi,13,0,1009
3/8/2033,26.2,84,419.7,Karachi,19,0,1009
3/9/2033,27.5,79,424.4,Karachi,10,0,1013
3/10/2033,28.2,77,419.3,Karachi,14,0.3,1012
3/11/2033,21.6,76,417.8,Karachi,14,0.1,1005
3/12/2033,29.4,72,411.1,Karachi,6,0.1,1008
3/13/2033,25.1,85,411.4,Karachi,16,0.2,1009
3/14/2033,24.5,79,416.1,Karachi,17,0,1010
3/15/2033,22.9,74,409.9,Karachi,11,0.3,1012
3/16/2033,22.6,76,416.8,Karachi,6,0.1,1007
3/17/2033,23.9,76,408.6,Karachi,8,0.1,1010
3/18/2033,25.9,80,418.5,Karachi,8,0.2,1015
3/19/2033,33.9,85,414,Karachi,14,0.1,1010
3/20/2033,26.4,78,415.4,Karachi,11,0.2,1008
3/21/2033,28.5,69,412.8,Karachi,10,0.2,1006
3/22/2033,29.2,79,409.3,Karachi,16,0,1009
3/23/2033,28.4,79,418.7,Karachi,15,0,1007
3/24/2033,27.8,79,419,Karachi,16,0,1009
3/25/2033,24.4,77,413.9,Karachi,17,0,1012
3/26/2033,32.4,81,417,Karachi,16,0,1010
3/27/2033,33.4,80,413.8,Karachi,14,0,1009
3/28/2033,23,80,415.9,Karachi,11,0,1005
3/29/2033,24.9,82,417.3,Karachi,10,0.1,1012
3/30/2033,27.2,78,416.7,Karachi,5,0.2,1009
3/31/2033,25.1,78,419,Karachi,19,0,1010
4/1/2033,29.5,87,416.6,Karachi,19,0,1007
4/2/2033,25.8,83,415.1,Karachi,15,0,1009
4/3/2033,34.5,84,412.7,Karachi,8,0.2,1008
4/4/2033,31.6,86,413.6,Karachi,18,0.1,1006
4/5/2033,28.6,83,417.4,Karachi,7,0.4,1007
4/6/2033,31.1,85,410.5,Karachi,19,0.2,1010
4/7/2033,31.3,72,418.3,Karachi,11,0.2,1011
4/8/2033,26.3,81,414.2,Karachi,17,0,1008
4/9/2033,25.6,79,412.5,Karachi,11,0.1,1006
4/10/2033,28.2,88,411.7,Karachi,16,0.5,1009
4/11/2033,30.6,85,417,Karachi,16,0,1012
4/12/2033,28.4,77,415,Karachi,15,0.1,1007
4/13/2033,23.3,82,419.8,Karachi,8,0,1010
4/14/2033,25.6,81,411.2,Karachi,11,0,1008
4/15/2033,27.8,82,413.3,Karachi,8,0.2,1013
4/16/2033,27.8,75,414.7,Karachi,13,0.1,1008
4/17/2033,33.9,82,412.7,Karachi,7,0.1,1012
4/18/2033,23.8,79,415,Karachi,14,0.1,1013
4/19/2033,29.5,81,416,Karachi,19,0.1,1015
4/20/2033,32.5,76,416.5,Karachi,6,0.2,1006
4/21/2033,34.8,77,419.5,Karachi,9,0.4,1006
4/22/2033,26.8,86,411.1,Karachi,13,0.3,1013
4/23/2033,29.5,75,416,Karachi,15,0.2,1013
4/24/2033,29.7,75,413.1,Karachi,7,0.1,1008
4/25/2033,28.6,80,416.3,Karachi,5,0,1000
4/26/2033,27.7,76,416.3,Karachi,13,0,1010
4/27/2033,29.3,76,412,Karachi,9,0,1005
4/28/2033,20.4,81,412.3,Karachi,6,0,1008
4/29/2033,30,72,416.5,Karachi,10,0,1011
4/30/2033,28.4,75,415.1,Karachi,7,0,1011
5/1/2033,27.3,90,414.3,Karachi,18,0,1015
5/2/2033,34.1,82,417,Karachi,13,0.1,1009
5/3/2033,26,76,417.2,Karachi,7,0,1007
5/4/2033,26.8,82,413.4,Karachi,6,0.1,1013
5/5/2033,34,83,412.4,Karachi,7,0,1011
5/6/2033,25.5,85,411.2,Karachi,10,0.1,1009
5/7/2033,26.3,79,415.1,Karachi,7,0.2,1010
5/8/2033,27.6,85,410.7,Karachi,13,0,1009
5/9/2033,30.5,70,415.3,Karachi,13,0.5,1012
5/10/2033,28.6,75,418.7,Karachi,13,0.1,1015
5/11/2033,24.1,81,413.9,Karachi,6,0,1008
5/12/2033,26.4,82,413.4,Karachi,19,0,1011
5/13/2033,26.2,75,421,Karachi,11,0.2,1005
5/14/2033,27.8,81,419.5,Karachi,19,0.1,1007
5/15/2033,29.3,77,412.7,Karachi,16,0,1012
5/16/2033,29.3,79,415.4,Karachi,6,0.3,1010
5/17/2033,22.7,85,416,Karachi,5,0.2,1007
5/18/2033,31.2,85,415.6,Karachi,9,0.1,1010
5/19/2033,28.8,75,420.4,Karachi,15,0.2,1013
5/20/2033,32.2,75,415.3,Karachi,15,0.1,1006
5/21/2033,29.3,78,415.7,Karachi,12,0,1015
5/22/2033,31.3,80,417.1,Karachi,18,0.1,1012
5/23/2033,29.4,77,418.6,Karachi,7,0.2,1012
5/24/2033,32,85,417.8,Karachi,11,0,1010
5/25/2033,29.6,82,416.6,Karachi,10,0,1015
5/26/2033,27.7,82,410.3,Karachi,15,0,1013
5/27/2033,34.8,74,413.5,Karachi,17,0,1009
5/28/2033,30.7,86,417.5,Karachi,18,0,1012
5/29/2033,29.7,66,415.8,Karachi,5,0.2,1008
5/30/2033,24.2,84,417.5,Karachi,16,0.2,1009
5/31/2033,24.1,85,420.7,Karachi,11,0,1014
6/1/2033,28.9,78,411.5,Karachi,7,0.1,1011
6/2/2033,28.4,86,418.4,Karachi,18,0.1,1012
6/3/2033,26.2,80,414,Karachi,8,0,1014
6/4/2033,28.4,80,417.8,Karachi,18,0,1012
6/5/2033,32.8,82,414.9,Karachi,14,0,1008
6/6/2033,30.1,96,421.4,Karachi,6,0.1,1015
6/7/2033,24.6,87,415.4,Karachi,19,0,1012
6/8/2033,27.7,84,413.1,Karachi,15,0,1012
6/9/2033,25.6,75,416.3,Karachi,5,0,1010
6/10/2033,26.8,81,416,Karachi,9,0.2,1013
6/11/2033,26.8,76,418.4,Karachi,10,0.1,1016
6/12/2033,26.6,84,416.3,Karachi,15,0.1,1009
6/13/2033,24.2,81,422.4,Karachi,6,0.3,1013
6/14/2033,27.6,74,414.7,Karachi,14,0,1010
6/15/2033,26.3,80,414.7,Karachi,10,0.1,1004
6/16/2033,19.2,76,413.2,Karachi,10,0,1006
6/17/2033,34.2,81,415.3,Karachi,12,0,1011
6/18/2033,31.3,76,415.7,Karachi,12,0.2,1013
6/19/2033,26.9,80,415.8,Karachi,10,0.2,1012
6/20/2033,28.1,84,415.2,Karachi,11,0,1012
6/21/2033,24.5,80,413.2,Karachi,8,0,1018
6/22/2033,33.1,78,412.4,Karachi,9,0,1012
6/23/2033,33.7,81,413.9,Karachi,10,0.1,1009
6/24/2033,28.5,83,418.4,Karachi,19,0,1010
6/25/2033,31.1,74,419.1,Karachi,10,0.1,1015
6/26/2033,28.5,81,414.8,Karachi,7,0.2,1006
6/27/2033,24,87,412.2,Karachi,13,0,1014
6/28/2033,26.8,83,414.8,Karachi,8,0.2,1010
6/29/2033,28.4,80,421.3,Karachi,12,0,1008
6/30/2033,26.6,83,418,Karachi,17,0.1,1006
7/1/2033,27.3,82,416.7,Karachi,8,0.2,1014
7/2/2033,27.7,84,417.9,Karachi,19,0.1,1007
7/3/2033,27.8,70,419.6,Karachi,10,0,1010
7/4/2033,28.2,72,411.5,Karachi,5,0.3,1007
7/5/2033,24.8,85,413.8,Karachi,18,0,1016
7/6/2033,25.8,72,413.4,Karachi,6,0.1,1010
7/7/2033,24.1,82,416.8,Karachi,19,0,1006
7/8/2033,30.9,78,415.5,Karachi,10,0.1,1009
7/9/2033,21.7,75,417.3,Karachi,7,0.1,1014
7/10/2033,31.5,82,413.5,Karachi,15,0.1,1007
7/11/2033,32.2,81,419.1,Karachi,11,0,1009
7/12/2033,27.1,91,414.8,Karachi,5,0.1,1014
7/13/2033,20.2,77,417.1,Karachi,18,0,1011
7/14/2033,26.9,87,418.6,Karachi,7,0,1006
7/15/2033,27.8,82,418.3,Karachi,7,0.1,1011
7/16/2033,25,77,416.1,Karachi,18,0.1,1010
7/17/2033,26.5,84,417.5,Karachi,16,0,1010
7/18/2033,32.6,83,420.2,Karachi,5,0.1,1013
7/19/2033,30,80,416.5,Karachi,19,0.1,1011
7/20/2033,25.2,81,412.8,Karachi,8,0,1010
7/21/2033,23.2,77,416.7,Karachi,12,0.1,1010
7/22/2033,27,76,414.9,Karachi,15,0.3,1013
7/23/2033,27.4,84,408,Karachi,11,0.1,1008
7/24/2033,29.5,79,416.4,Karachi,11,0.2,1003
7/25/2033,26.4,80,415.3,Karachi,18,0,1009
7/26/2033,29.5,81,418.5,Karachi,19,0.1,1011
7/27/2033,33.8,81,412.7,Karachi,9,0.1,1009
7/28/2033,30.4,73,410.5,Karachi,18,0.1,1008
7/29/2033,27.9,86,415.5,Karachi,17,0.2,1009
7/30/2033,27.5,81,416.1,Karachi,8,0,1010
7/31/2033,26.9,79,415.3,Karachi,14,0,1006
8/1/2033,31.5,82,415.1,Karachi,10,0,1012
8/2/2033,26.1,81,411.8,Karachi,6,0.1,1002
8/3/2033,28.1,84,414.6,Karachi,5,0.2,1012
8/4/2033,28.2,83,414,Karachi,17,0.1,1011
8/5/2033,26.5,84,418.2,Karachi,11,0,1011
8/6/2033,23.9,87,416.1,Karachi,17,0.1,1004
8/7/2033,29,84,414.2,Karachi,8,0,1011
8/8/2033,27.8,79,420.2,Karachi,11,0,1008
8/9/2033,29.5,74,414.2,Karachi,10,0,1015
8/10/2033,26.4,88,416.7,Karachi,15,0.1,1011
8/11/2033,31.7,79,414.5,Karachi,13,0.1,1006
8/12/2033,25.4,78,419.9,Karachi,16,0,1005
8/13/2033,33.1,71,415.3,Karachi,14,0.1,1008
8/14/2033,22.8,82,415.3,Karachi,10,0.3,1012
8/15/2033,29.3,81,414.6,Karachi,7,0,1013
8/16/2033,29.4,72,415.6,Karachi,11,0.1,1011
8/17/2033,25.6,82,418.6,Karachi,13,0.1,1010
8/18/2033,29.3,78,417.5,Karachi,18,0.3,1009
8/19/2033,31.8,93,415.1,Karachi,15,0.1,1010
8/20/2033,21.3,77,420.1,Karachi,14,0.1,1014
8/21/2033,29.5,78,417.6,Karachi,16,0.1,1009
8/22/2033,20.5,76,413.7,Karachi,16,0,1012
8/23/2033,25.1,86,410.9,Karachi,17,0.1,1008
8/24/2033,32.9,78,413.8,Karachi,10,0.1,1013
8/25/2033,26.3,76,416.2,Karachi,11,0.1,1012
8/26/2033,24.5,84,416.8,Karachi,12,0,1013
8/27/2033,27.4,73,419.1,Karachi,8,0,1016
8/28/2033,34.2,83,411.7,Karachi,9,0,1002
8/29/2033,22.5,89,413.7,Karachi,8,0.1,1012
8/30/2033,24.8,83,411.5,Karachi,5,0.3,1011
8/31/2033,32.5,83,411,Karachi,10,0,1011
9/1/2033,33.6,84,413.1,Karachi,11,0,1011
9/2/2033,27.7,89,416.1,Karachi,6,1,1011
9/3/2033,24.3,86,417.3,Karachi,10,0.1,1011
9/4/2033,34.3,82,412.2,Karachi,18,0.2,1013
9/5/2033,32.8,85,412.6,Karachi,15,0,1012
9/6/2033,30,76,409.7,Karachi,6,0.2,1010
9/7/2033,25.6,84,415.6,Karachi,14,0.2,1009
9/8/2033,27.9,75,412.8,Karachi,17,0,1010
9/9/2033,27.5,78,420,Karachi,9,0,1009
9/10/2033,29,65,416.2,Karachi,5,0,1015
9/11/2033,32.4,82,414.5,Karachi,7,0,1006
9/12/2033,30.6,77,413.1,Karachi,8,0.4,1012
9/13/2033,24.8,86,410.5,Karachi,8,0,1012
9/14/2033,32.1,82,410.9,Karachi,6,0.1,1008
9/15/2033,28.9,86,413.1,Karachi,12,0.2,1011
9/16/2033,30.1,75,412.9,Karachi,10,0,1014
9/17/2033,32.4,85,412,Karachi,13,0.1,1009
9/18/2033,24.7,91,416.1,Karachi,10,0,1014
9/19/2033,27.9,84,416.5,Karachi,7,0.1,1013
9/20/2033,26.4,84,413.6,Karachi,16,0.3,1008
9/21/2033,23.3,81,420.8,Karachi,6,0,1007
9/22/2033,29,77,409.8,Karachi,13,0,1010
9/23/2033,35.5,84,415.2,Karachi,7,0.2,1006
9/24/2033,22.5,72,414.3,Karachi,10,0.1,1001
9/25/2033,27.9,78,413.3,Karachi,14,0.1,1009
9/26/2033,29.9,71,412.9,Karachi,6,0.2,1017
9/27/2033,28.4,76,415,Karachi,11,0,1009
9/28/2033,27.7,83,414.3,Karachi,18,0.1,1011
9/29/2033,24.1,83,413.8,Karachi,5,0.2,1012
9/30/2033,28.7,80,411.1,Karachi,13,0,1010
10/1/2033,25.7,81,410.1,Karachi,5,0.1,1009
10/2/2033,21.4,71,414.1,Karachi,13,0,1014
10/3/2033,31.6,78,413.8,Karachi,15,0,1010
10/4/2033,30.9,77,414.4,Karachi,5,0.1,1010
10/5/2033,28.2,77,414.7,Karachi,5,0.1,1012
10/6/2033,28.7,83,413.4,Karachi,12,0.3,1007
10/7/2033,31.2,76,414.4,Karachi,5,0.1,1006
10/8/2033,28.7,77,412.4,Karachi,19,0.2,1005
10/9/2033,30.7,70,419.6,Karachi,12,0,1012
10/10/2033,27.1,79,412.6,Karachi,7,0,1010
10/11/2033,31.9,75,413.9,Karachi,8,0.4,1012
10/12/2033,29,80,412.8,Karachi,6,0.2,1010
10/13/2033,28.6,75,412.8,Karachi,17,0,1006
10/14/2033,24.2,81,415.1,Karachi,10,0.1,1009
10/15/2033,28.9,79,414.7,Karachi,11,0,1013
10/16/2033,25.5,88,413.6,Karachi,14,0.1,1009
10/17/2033,26.1,82,414.1,Karachi,7,0.2,1014
10/18/2033,25.6,71,412.8,Karachi,18,0.1,1009
10/19/2033,24.8,74,416.2,Karachi,13,0,1012
10/20/2033,34.4,80,421.2,Karachi,7,0,1005
10/21/2033,32,75,412.4,Karachi,11,0,1009
10/22/2033,33.8,65,416.2,Karachi,19,0.2,1009
10/23/2033,24.3,87,415.1,Karachi,8,0.1,1006
10/24/2033,28.2,84,417,Karachi,9,0.3,1013
10/25/2033,24.1,83,417.1,Karachi,16,0.2,1008
10/26/2033,25.9,77,415.6,Karachi,13,0,1008
10/27/2033,25.2,82,414.9,Karachi,7,0.2,1014
10/28/2033,31.7,76,413.7,Karachi,7,0.1,1010
10/29/2033,26.8,81,412.7,Karachi,13,0,1012
10/30/2033,31.2,75,414.7,Karachi,13,0,1005
10/31/2033,29.8,88,411.1,Karachi,17,0.4,1008
11/1/2033,34.9,72,413.2,Karachi,8,0.1,1016
11/2/2033,23.6,86,418.3,Karachi,5,0.1,1013
11/3/2033,31.8,80,415.3,Karachi,5,0.1,1007
11/4/2033,31.4,78,417.7,Karachi,16,0,1011
11/5/2033,25.1,81,419.4,Karachi,13,0.2,1007
11/6/2033,31,84,414.5,Karachi,10,0.2,1014
11/7/2033,29,87,415.6,Karachi,9,0,1003
11/8/2033,27.3,82,414.1,Karachi,17,0,1011
11/9/2033,25.5,76,412.6,Karachi,19,0.1,1011
11/10/2033,25.8,80,412.1,Karachi,16,0,1007
11/11/2033,34.1,89,417.5,Karachi,19,0.2,1009
11/12/2033,28,87,415.6,Karachi,14,0,1011
11/13/2033,30.3,85,420.5,Karachi,17,0.2,1005
11/14/2033,25.6,84,417.9,Karachi,7,0.1,1006
11/15/2033,25.7,83,412.8,Karachi,7,0,1010
11/16/2033,31.2,86,417.5,Karachi,6,0,1008
11/17/2033,24,78,414.1,Karachi,17,0,1009
11/18/2033,26.8,73,418.7,Karachi,11,0,1010
11/19/2033,28.1,80,413.5,Karachi,13,0.1,1007
11/20/2033,28.3,76,411.8,Karachi,10,0,1010
11/21/2033,27.5,75,412.6,Karachi,14,0.1,1011
11/22/2033,29.2,76,412.8,Karachi,5,0.1,1012
11/23/2033,30.1,92,412.5,Karachi,10,0,1006
11/24/2033,30.2,81,413.3,Karachi,15,0.1,1008
11/25/2033,25,82,417.6,Karachi,12,0.1,1012
11/26/2033,27.1,74,420.4,Karachi,12,0,1006
11/27/2033,31.6,71,411,Karachi,18,0.1,1010
11/28/2033,30.7,76,418.8,Karachi,14,0,1010
11/29/2033,23.9,87,413.6,Karachi,17,0,1002
11/30/2033,29.1,82,416,Karachi,7,0,1009
12/1/2033,22.1,83,410,Karachi,17,0,1011
12/2/2033,28.1,84,416.6,Karachi,5,0.1,1009
12/3/2033,33.7,77,409,Karachi,9,0.1,1009
12/4/2033,25.2,87,415.9,Karachi,10,0,1010
12/5/2033,25.5,77,415.8,Karachi,14,0.1,1013
12/6/2033,30.3,87,415.6,Karachi,13,0.1,1012
12/7/2033,23.4,82,412.8,Karachi,6,0,1008
12/8/2033,26.1,71,416.6,Karachi,18,0.2,1006
12/9/2033,29.8,76,416.2,Karachi,5,0,1012
12/10/2033,26.1,71,414.4,Karachi,19,0.2,1006
12/11/2033,27.3,86,417,Karachi,11,0,1008
12/12/2033,30.2,80,414.7,Karachi,6,0.1,1011
12/13/2033,29.3,69,416.6,Karachi,15,0.3,1013
12/14/2033,28.8,82,414.6,Karachi,19,0.1,1014
12/15/2033,27,77,415.7,Karachi,6,0,1010
12/16/2033,29.1,73,416.7,Karachi,7,0.1,1008
12/17/2033,27.6,88,413.8,Karachi,18,0,1006
12/18/2033,29.4,81,411.3,Karachi,8,0.1,1016
12/19/2033,26.5,79,415.8,Karachi,17,0.1,1009
12/20/2033,27.5,78,418.6,Karachi,11,0.1,1012
12/21/2033,25,72,415.9,Karachi,5,0,1011
12/22/2033,27.9,73,416,Karachi,17,0.1,1009
12/23/2033,25.6,86,414.9,Karachi,10,0,1008
12/24/2033,24.7,78,417.2,Karachi,15,0,1006
12/25/2033,28.8,80,414.4,Karachi,11,0.1,1013
12/26/2033,28.6,70,413.6,Karachi,7,0.1,1010
12/27/2033,30.3,73,418.3,Karachi,7,0.1,1014
12/28/2033,26.7,83,413.4,Karachi,6,0,1009
12/29/2033,29.2,82,417.7,Karachi,9,0.3,1009
12/30/2033,29.7,89,418.3,Karachi,11,0.1,1007
12/31/2033,29.3,87,416.7,Karachi,15,0,1009
1/1/2034,25.5,79,411.3,Karachi,16,0.3,1006
1/2/2034,28.4,82,415.1,Karachi,18,0.2,1011
1/3/2034,29.1,78,414.4,Karachi,7,0,1010
1/4/2034,28,90,413.5,Karachi,11,0.1,1014
1/5/2034,21.7,86,415.4,Karachi,12,0.1,1006
1/6/2034,28.5,81,417.3,Karachi,17,0,1014
1/7/2034,34.6,81,413.6,Karachi,7,0,1007
1/8/2034,26.9,87,414.5,Karachi,15,0.1,1011
1/9/2034,25.8,83,414.3,Karachi,5,0,1007
1/10/2034,29.1,88,418.5,Karachi,7,0.2,1011
1/11/2034,28.9,69,414.2,Karachi,17,0,1002
1/12/2034,31.6,82,411.3,Karachi,10,0.2,1008
1/13/2034,24.2,77,410.3,Karachi,5,0.2,1010
1/14/2034,30.2,89,416.1,Karachi,13,0.1,1015
1/15/2034,29.8,88,412.7,Karachi,7,0,1004
1/16/2034,27.6,80,417,Karachi,7,0.1,1010
1/17/2034,29,88,411,Karachi,16,0.1,1008
1/18/2034,31.1,89,413.4,Karachi,11,0.1,1004
1/19/2034,30.6,80,411,Karachi,11,0,1007
1/20/2034,24.6,92,416.3,Karachi,17,0.2,1009
1/21/2034,30.5,80,416.9,Karachi,10,0,1011
1/22/2034,27.8,79,416,Karachi,11,0.1,1010
1/23/2034,28.2,84,411.7,Karachi,9,0.2,1006
1/24/2034,28.2,78,412.8,Karachi,12,0.1,1004
1/25/2034,27.5,80,415.7,Karachi,14,0,1011
1/26/2034,31.6,87,409.9,Karachi,18,0,1009
1/27/2034,27.7,80,414.3,Karachi,6,0.1,1015
1/28/2034,24.6,72,419.6,Karachi,9,0,1009
1/29/2034,26.8,82,414.5,Karachi,15,0,1013
1/30/2034,28.5,77,410.5,Karachi,13,0,1012
1/31/2034,31.7,84,413.2,Karachi,8,0.1,1012
2/1/2034,29.8,83,413.1,Karachi,12,0,1011
2/2/2034,25.4,87,421.4,Karachi,7,0.3,1011
2/3/2034,35.5,85,420,Karachi,10,0.1,1003
2/4/2034,28.8,85,417.2,Karachi,12,0.1,1009
2/5/2034,31.8,77,414,Karachi,18,0,1008
2/6/2034,27.5,84,418.6,Karachi,13,0.3,1014
2/7/2034,29.6,90,411.6,Karachi,18,0,1007
2/8/2034,30.5,77,418.2,Karachi,17,0,1009
2/9/2034,31.7,89,417.8,Karachi,11,0,1012
2/10/2034,31.2,77,414.5,Karachi,10,0,1011
2/11/2034,30.6,76,418.4,Karachi,15,0.1,1011
2/12/2034,27.1,81,413.7,Karachi,10,0.2,1013
2/13/2034,26.3,84,411.2,Karachi,16,0,1011
2/14/2034,29,85,417.9,Karachi,19,0.1,1008
2/15/2034,30.8,75,414.7,Karachi,10,0.1,1006
2/16/2034,27.3,82,416.8,Karachi,19,0.2,1011
2/17/2034,31.2,77,420.5,Karachi,14,0,1008
2/18/2034,32.4,73,412.8,Karachi,13,0,1009
2/19/2034,25.3,75,414.6,Karachi,7,0,1013
2/20/2034,25.5,76,419.7,Karachi,8,0,1009
2/21/2034,27.6,83,417,Karachi,7,0.1,1009
2/22/2034,28.9,86,412.9,Karachi,17,0.1,1009
2/23/2034,26.4,73,412.1,Karachi,13,0,1009
2/24/2034,32.1,82,413.4,Karachi,17,0.1,1007
2/25/2034,29.3,74,412.8,Karachi,18,0,1015
2/26/2034,28.1,83,415.7,Karachi,9,0,1008
2/27/2034,23.7,77,415.2,Karachi,18,0,1012
2/28/2034,24.1,75,415.8,Karachi,14,0.1,1007
3/1/2034,28.8,84,412.5,Karachi,17,0.1,1012
3/2/2034,21.6,77,414.8,Karachi,12,0.1,1011
3/3/2034,31,78,408.8,Karachi,16,0.2,1010
3/4/2034,27.5,69,415.4,Karachi,12,0.1,1011
3/5/2034,37.7,85,418.5,Karachi,13,0,1011
3/6/2034,34.9,84,410.7,Karachi,14,0,1009
3/7/2034,27.5,80,416.5,Karachi,11,0.2,1009
3/8/2034,27.7,72,413.2,Karachi,7,0.2,1012
3/9/2034,31,86,417.4,Karachi,9,0.2,1007
3/10/2034,33.1,77,415.5,Karachi,7,0.1,1006
3/11/2034,23.1,78,416.2,Karachi,6,0,1011
3/12/2034,22.6,92,415.2,Karachi,7,0.2,1004
3/13/2034,26.1,76,419,Karachi,16,0,1005
3/14/2034,29.7,84,416,Karachi,14,0,1015
3/15/2034,29.5,83,412.9,Karachi,13,0,1015
3/16/2034,31.2,82,415.3,Karachi,13,0.1,1008
3/17/2034,24.4,81,413.9,Karachi,12,0.1,1013
3/18/2034,21.1,82,415.5,Karachi,11,0.1,1013
3/19/2034,30.6,81,413.7,Karachi,5,0.1,1011
3/20/2034,25.5,80,413,Karachi,13,0.1,1010
3/21/2034,21.9,88,415.6,Karachi,14,0,1012
3/22/2034,28.4,73,415.2,Karachi,6,0.1,1012
3/23/2034,30.4,85,418.2,Karachi,10,0.2,1012
3/24/2034,27.6,84,413.8,Karachi,14,0.1,1005
3/25/2034,26.6,83,409.1,Karachi,9,0.1,1016
3/26/2034,27.5,86,413.9,Karachi,10,0.1,1017
3/27/2034,26.9,80,410.1,Karachi,12,0,1004
3/28/2034,24,71,416.2,Karachi,12,0.1,1012
3/29/2034,25.9,80,410,Karachi,14,0,1016
3/30/2034,29.6,75,412,Karachi,6,0.1,1013
3/31/2034,29,76,413.9,Karachi,11,0.1,1013
4/1/2034,28.5,74,419.6,Karachi,6,0,1006
4/2/2034,25,78,411.8,Karachi,5,0.1,1012
4/3/2034,27.5,77,415,Karachi,16,0.2,1011
4/4/2034,21.5,68,416.7,Karachi,12,0,1012
4/5/2034,28.5,84,419.5,Karachi,13,0.4,1007
4/6/2034,32.3,91,417.3,Karachi,18,0.3,1007
4/7/2034,23.6,83,418.3,Karachi,11,0.2,1010
4/8/2034,26.2,79,417.6,Karachi,8,0.2,1009
4/9/2034,29,80,411.4,Karachi,11,0.1,1010
4/10/2034,31.8,78,416.1,Karachi,8,0.1,1009
4/11/2034,26.7,80,417.5,Karachi,11,0.3,1009
4/12/2034,25.9,80,412.1,Karachi,8,0,1008
4/13/2034,22.1,76,413.3,Karachi,19,0,1010
4/14/2034,28.3,88,412.6,Karachi,18,0,1006
4/15/2034,34.1,73,417.3,Karachi,18,0.1,1012
4/16/2034,28.8,84,414.8,Karachi,13,0,1011
4/17/2034,27.9,79,414,Karachi,9,0,1006
4/18/2034,29,90,411.2,Karachi,11,0.2,1014
4/19/2034,28,82,414.8,Karachi,15,0.1,1008
4/20/2034,25.6,78,413.3,Karachi,12,0.1,1014
4/21/2034,30.5,79,415.7,Karachi,9,0,1011
4/22/2034,28.7,80,411.6,Karachi,5,0,1013
4/23/2034,28.1,74,415.5,Karachi,8,0,1011
4/24/2034,25.1,76,413.7,Karachi,7,0.1,1012
4/25/2034,31.9,71,411.3,Karachi,17,0.1,1013
4/26/2034,30,75,411,Karachi,11,0.1,1016
4/27/2034,26.3,80,411.5,Karachi,10,0,1013
4/28/2034,31,82,414.4,Karachi,19,0.2,1011
4/29/2034,26.5,70,415.4,Karachi,10,0,1006
4/30/2034,25.7,79,415.8,Karachi,6,0,1003
5/1/2034,25.7,83,415.9,Karachi,10,0.2,1010
5/2/2034,22.7,79,412.7,Karachi,12,0,1008
5/3/2034,29.4,77,418.2,Karachi,9,0.1,1008
5/4/2034,22.5,78,413.7,Karachi,13,0,1010
5/5/2034,24.3,77,416.4,Karachi,15,0,1012
5/6/2034,21.8,77,414.5,Karachi,6,0.1,1008
5/7/2034,27.7,81,416.1,Karachi,11,0,1013
5/8/2034,27.5,92,414.4,Karachi,10,0,1010
5/9/2034,27,76,416.2,Karachi,18,0.1,1010
5/10/2034,24.9,78,415,Karachi,19,0,1016
5/11/2034,24.5,80,417.4,Karachi,15,0.2,1011
5/12/2034,29.4,77,412.5,Karachi,15,0.2,1010
5/13/2034,26.3,85,409.7,Karachi,19,0.1,1012
5/14/2034,28.9,68,412.1,Karachi,17,0,1015
5/15/2034,25.3,77,418.2,Karachi,10,0.1,1010
5/16/2034,28.5,84,414.5,Karachi,8,0.1,1011
5/17/2034,31.9,79,415.3,Karachi,18,0,1010
5/18/2034,29.8,76,411.8,Karachi,17,0,1010
5/19/2034,26.8,82,415.2,Karachi,14,0.2,1009
5/20/2034,28.8,85,411.9,Karachi,13,0.1,1008
5/21/2034,27.3,81,412.4,Karachi,10,0.1,1015
5/22/2034,28,76,413.8,Karachi,17,0,1008
5/23/2034,27,82,416.3,Karachi,16,0.2,1005
5/24/2034,27.5,78,416.7,Karachi,12,0,1010
5/25/2034,28.6,84,416.7,Karachi,12,0.2,1013
5/26/2034,25,87,410.2,Karachi,8,0,1014
5/27/2034,25,67,415,Karachi,9,0.2,1006
5/28/2034,23.8,81,414.4,Karachi,6,0,1013
5/29/2034,23.2,71,410.4,Karachi,8,0.1,1016
5/30/2034,24.3,92,415,Karachi,16,0.2,1008
5/31/2034,28.5,78,414.2,Karachi,10,0,1009
6/1/2034,25.3,84,416.5,Karachi,18,0,1006
6/2/2034,29.5,80,415.2,Karachi,19,0.2,1016
6/3/2034,28.1,76,413.4,Karachi,6,0,1006
6/4/2034,22.1,75,417.8,Karachi,6,0.1,1009
6/5/2034,30,88,408.3,Karachi,14,0,1012
6/6/2034,30.4,85,414.8,Karachi,11,0.1,1008
6/7/2034,25,90,409.7,Karachi,14,0,1007
6/8/2034,29.3,80,412.3,Karachi,9,0.1,1010
6/9/2034,25.4,81,416.6,Karachi,17,0,1017
6/10/2034,28.3,79,411.2,Karachi,7,0.1,1009
6/11/2034,24.2,79,410.7,Karachi,19,0,1009
6/12/2034,22.6,75,422.1,Karachi,7,0.1,1007
6/13/2034,26.9,80,410.9,Karachi,11,0,1011
6/14/2034,27.6,76,420,Karachi,7,0,1013
6/15/2034,26.8,82,414.5,Karachi,16,0.1,1008
6/16/2034,24.4,81,413.4,Karachi,14,0,1012
6/17/2034,26.8,81,416.7,Karachi,9,0.2,1008
6/18/2034,28.8,88,419,Karachi,17,0.1,1004
6/19/2034,27.9,80,411.6,Karachi,6,0.1,1011
6/20/2034,28.5,84,413.5,Karachi,7,0,1016
6/21/2034,26,90,417.5,Karachi,18,0.1,1006
6/22/2034,31.5,87,415.9,Karachi,19,0,1011
6/23/2034,24.5,86,418.3,Karachi,8,0.2,1014
6/24/2034,29.5,78,416.5,Karachi,17,0,1010
6/25/2034,31.5,81,420.4,Karachi,5,0,1006
6/26/2034,29.4,73,415.5,Karachi,8,0,1010
6/27/2034,27.4,82,415.7,Karachi,8,0.3,1014
6/28/2034,26.4,81,416,Karachi,7,0.1,1008
6/29/2034,31.1,80,414.6,Karachi,14,0,1011
6/30/2034,23.7,85,417.5,Karachi,19,0.3,1007
7/1/2034,25.1,74,415.7,Karachi,19,0,1010
7/2/2034,26.8,88,417.4,Karachi,13,0.1,1011
7/3/2034,31.7,85,417.8,Karachi,7,0.1,1010
7/4/2034,29.1,80,416.3,Karachi,6,0.2,1009
7/5/2034,25.1,79,416.5,Karachi,11,0,1011
7/6/2034,27.1,82,412,Karachi,13,0.1,1012
7/7/2034,26.2,88,413.3,Karachi,10,0.1,1012
7/8/2034,25.9,81,417.5,Karachi,18,0.1,1009
7/9/2034,30.9,81,419.3,Karachi,9,0,1008
7/10/2034,23.9,80,409.2,Karachi,5,0.1,1016
7/11/2034,32.8,89,413.3,Karachi,7,0.1,1010
7/12/2034,30.5,78,415.1,Karachi,13,0.1,1009
7/13/2034,31.3,80,412.4,Karachi,12,0,1006
7/14/2034,26.6,87,412.5,Karachi,13,0,1007
7/15/2034,27.6,81,416.4,Karachi,12,0.1,1008
7/16/2034,23.7,86,419.7,Karachi,5,0.1,1011
7/17/2034,26.4,75,408.9,Karachi,12,0.2,1009
7/18/2034,29.5,79,414.5,Karachi,12,0.1,1010
7/19/2034,31.9,87,416.4,Karachi,9,0.1,1006
7/20/2034,24.7,77,417.3,Karachi,18,0,1014
7/21/2034,26.9,79,416,Karachi,10,0,1008
7/22/2034,27.5,81,420.3,Karachi,6,0.1,1011
7/23/2034,23.8,75,415.1,Karachi,5,0,1008
7/24/2034,29.8,78,418.9,Karachi,12,0.4,1009
7/25/2034,25.8,81,413.1,Karachi,11,0.2,1008
7/26/2034,27.4,80,415.2,Karachi,8,0.1,1011
7/27/2034,26.6,86,411.4,Karachi,19,0,1007
7/28/2034,25.6,88,417.7,Karachi,15,0.1,1011
7/29/2034,28,76,414.6,Karachi,16,0.1,1010
7/30/2034,27.4,81,416.1,Karachi,11,0.1,1012
7/31/2034,26.9,83,414.1,Karachi,6,0,1012
8/1/2034,25.8,88,416.8,Karachi,15,0.2,1009
8/2/2034,29,84,416.2,Karachi,6,0.1,1011
8/3/2034,33,81,412,Karachi,11,0,1009
8/4/2034,28.4,83,412.2,Karachi,7,0,1014
8/5/2034,31,83,414.9,Karachi,10,0.1,1009
8/6/2034,23.8,75,417,Karachi,18,0,1009
8/7/2034,28.5,81,420.6,Karachi,16,0,1009
8/8/2034,24.7,87,415.9,Karachi,16,0,1008
8/9/2034,23.6,79,418,Karachi,19,0.2,1016
8/10/2034,25.8,81,410.2,Karachi,17,0,1011
8/11/2034,31.6,79,421,Karachi,11,0,1010
8/12/2034,30.9,68,416.8,Karachi,11,0,1009
8/13/2034,28.7,80,414.9,Karachi,19,0.1,1013
8/14/2034,23.4,82,414.5,Karachi,14,0.1,1008
8/15/2034,27.4,77,411.7,Karachi,8,0.2,1010
8/16/2034,28.9,74,412.5,Karachi,7,0.1,1017
8/17/2034,28.5,76,420.7,Karachi,5,0.1,1007
8/18/2034,22.5,84,412,Karachi,11,0.1,1012
8/19/2034,25.3,90,412,Karachi,13,0.1,1011
8/20/2034,27.8,87,412.9,Karachi,5,0,1012
8/21/2034,29.6,73,411.4,Karachi,9,0.1,1009
8/22/2034,21.4,84,415,Karachi,19,0,1008
8/23/2034,27.5,77,418.3,Karachi,8,0.2,1011
8/24/2034,28.4,77,413.2,Karachi,14,0.1,1009
8/25/2034,30.5,78,410.9,Karachi,6,0.1,1003
8/26/2034,30.1,84,415.9,Karachi,11,0.1,1008
8/27/2034,29.7,85,414.8,Karachi,11,0.1,1009
8/28/2034,25.6,80,418,Karachi,17,0.1,1007
8/29/2034,22.3,80,413.6,Karachi,12,0.1,1010
8/30/2034,26.8,82,414.2,Karachi,7,0,1008
8/31/2034,31,83,414.6,Karachi,10,0,1010
9/1/2034,32.2,86,415.3,Karachi,19,0,1017
9/2/2034,30.1,74,413.8,Karachi,8,0,1014
9/3/2034,29.3,80,413.3,Karachi,16,0.2,1012
9/4/2034,29.1,75,409.4,Karachi,15,0.1,1015
9/5/2034,26.3,80,413.3,Karachi,7,0,1010
9/6/2034,27.6,79,417.1,Karachi,8,0,1010
9/7/2034,33,80,417.6,Karachi,16,0.1,1007
9/8/2034,25.2,76,413.6,Karachi,5,0.1,1014
9/9/2034,32.8,73,418.9,Karachi,11,0.1,1016
9/10/2034,27,70,414.9,Karachi,11,0.1,1013
9/11/2034,32,79,411,Karachi,11,0.2,1014
9/12/2034,23.8,78,410,Karachi,6,0,1002
9/13/2034,29.8,77,418.7,Karachi,5,0,1017
9/14/2034,25.8,87,413.9,Karachi,13,0.3,1010
9/15/2034,23.8,76,411.4,Karachi,6,0,1017
9/16/2034,28.7,87,408.2,Karachi,9,0,1015
9/17/2034,31,88,413.8,Karachi,18,0,1012
9/18/2034,25.5,70,416.2,Karachi,9,0.1,1009
9/19/2034,23.5,80,412.9,Karachi,17,0,1010
9/20/2034,27.7,78,411.8,Karachi,17,0.2,1004
9/21/2034,27.7,65,413.4,Karachi,15,0.3,1013
9/22/2034,29.6,73,418.7,Karachi,12,0.2,1002
9/23/2034,30.8,84,410.8,Karachi,5,0.1,1009
9/24/2034,27.8,90,413.1,Karachi,15,0.5,1015
9/25/2034,33.6,85,418.6,Karachi,11,0.1,1012
9/26/2034,28.7,82,416.5,Karachi,7,0,1005
9/27/2034,27,80,415.5,Karachi,6,0,1006
9/28/2034,23.2,88,413.1,Karachi,9,0.1,1008
9/29/2034,27.2,91,415.1,Karachi,8,0.1,1010
9/30/2034,27,77,413.4,Karachi,17,0,1013
10/1/2034,30.9,70,412.4,Karachi,13,0.1,1012
10/2/2034,29.4,70,411.8,Karachi,15,0.4,1007
10/3/2034,24.5,87,417.4,Karachi,5,0,1012
10/4/2034,28.5,80,414.8,Karachi,15,0,1012
10/5/2034,30,81,415.9,Karachi,7,0.2,1011
10/6/2034,32.6,71,415.5,Karachi,7,0,1017
10/7/2034,30.7,76,416.3,Karachi,8,0.3,1012
10/8/2034,30.3,79,414.2,Karachi,11,0.2,1013
10/9/2034,28.2,81,413.6,Karachi,9,0,1016
10/10/2034,29.2,78,412.6,Karachi,15,0,1013
10/11/2034,31.7,75,410.8,Karachi,14,0,1008
10/12/2034,24,76,411.6,Karachi,18,0,1014
10/13/2034,27,86,413.9,Karachi,10,0.1,1009
10/14/2034,25.7,81,410.2,Karachi,7,0.1,1007
10/15/2034,29.1,83,410.9,Karachi,9,0.1,1007
10/16/2034,31.7,76,418.1,Karachi,17,0.1,1014
10/17/2034,26.2,65,415.7,Karachi,19,0.1,1012
10/18/2034,20.8,77,413.6,Karachi,19,0.3,1013
10/19/2034,26.8,76,421.8,Karachi,16,0.1,1012
10/20/2034,30.7,82,410.1,Karachi,15,0.2,1011
10/21/2034,29.6,96,417.9,Karachi,6,0,1011
10/22/2034,29.3,83,414.7,Karachi,8,0.1,1012
10/23/2034,27.2,94,417.4,Karachi,16,0.1,1008
10/24/2034,24.2,83,415.3,Karachi,7,0.3,1006
10/25/2034,29.5,77,409.4,Karachi,7,0.1,1009
10/26/2034,25.5,82,415.3,Karachi,16,0,1012
10/27/2034,34.6,89,416,Karachi,8,0,1008
10/28/2034,29.7,89,408.4,Karachi,12,0,1016
10/29/2034,26.3,77,420.8,Karachi,16,0,1011
10/30/2034,26.2,81,415.9,Karachi,12,0.1,1010
10/31/2034,27.7,73,417,Karachi,5,0.2,1008
11/1/2034,27.3,84,411.5,Karachi,16,0,1013
11/2/2034,31.4,88,417.1,Karachi,9,0,1006
11/3/2034,28.6,80,418.3,Karachi,18,0.2,1011
11/4/2034,25.8,77,415.8,Karachi,6,0,1009
11/5/2034,33.7,82,415,Karachi,14,0.3,1010
11/6/2034,28.1,82,412.3,Karachi,10,0,1011
11/7/2034,30.3,80,414.4,Karachi,7,0.1,1007
11/8/2034,26.2,81,413.5,Karachi,19,0,1005
11/9/2034,29.1,79,416.7,Karachi,16,0.5,1007
11/10/2034,28.9,85,412.5,Karachi,14,0.2,1013
11/11/2034,22.3,84,416.7,Karachi,14,0.2,1011
11/12/2034,34,75,412.5,Karachi,17,0,1009
11/13/2034,31.9,75,414.2,Karachi,17,0.3,1016
11/14/2034,26.8,79,416.8,Karachi,13,0.3,1014
11/15/2034,24.7,84,412.9,Karachi,18,0.1,1013
11/16/2034,29,81,417,Karachi,13,0.1,1008
11/17/2034,28.3,77,416.7,Karachi,12,0.5,1013
11/18/2034,29.1,81,414.2,Karachi,6,0.1,1011
11/19/2034,28.6,78,418.5,Karachi,15,0,1008
11/20/2034,29.5,84,415.2,Karachi,6,0.2,1010
11/21/2034,32.3,82,418.3,Karachi,15,0.1,1007
11/22/2034,29.7,78,420.4,Karachi,19,0.4,1008
11/23/2034,24.9,81,414.3,Karachi,6,0.1,1007
11/24/2034,32.1,87,416.9,Karachi,9,0,1013
11/25/2034,32.9,77,413.1,Karachi,16,0.1,1010
11/26/2034,37.5,82,411.9,Karachi,14,0.1,1007
11/27/2034,24.6,80,414.4,Karachi,13,0,1012
11/28/2034,28.7,82,410.9,Karachi,11,0.1,1010
11/29/2034,21.8,77,412.2,Karachi,11,0,1013
11/30/2034,29.7,81,416.8,Karachi,7,0.1,1010
12/1/2034,26.4,86,413.5,Karachi,7,0.3,1006
12/2/2034,33.8,75,417.1,Karachi,14,0.1,1009
12/3/2034,25.7,73,415.9,Karachi,7,0.1,1007
12/4/2034,22.9,74,420.6,Karachi,5,0.1,1012
12/5/2034,26.6,74,416.6,Karachi,17,0.1,1013
12/6/2034,22.1,83,418.3,Karachi,16,0.1,1005
12/7/2034,30.3,73,416.2,Karachi,12,0.1,1010
12/8/2034,21.8,79,415.9,Karachi,16,0.2,1013
12/9/2034,28.1,83,418.5,Karachi,15,0.1,1005
12/10/2034,21.8,82,417,Karachi,6,0.4,1009
12/11/2034,27,78,415.6,Karachi,15,0.2,1010
12/12/2034,32.9,81,415.6,Karachi,11,0,1013
12/13/2034,29.1,81,416.6,Karachi,13,0.1,1012
12/14/2034,25.4,79,413,Karachi,18,0.2,1012
12/15/2034,27.9,79,412.9,Karachi,6,0.3,1012
12/16/2034,28.1,91,419.3,Karachi,17,0,1009
12/17/2034,29.4,84,420.6,Karachi,5,0.1,1015
12/18/2034,23.9,92,412.2,Karachi,9,0.1,1008
12/19/2034,29.8,78,413,Karachi,14,0,1002
12/20/2034,19.9,80,418.4,Karachi,9,0.2,1005
12/21/2034,26.1,73,416.6,Karachi,5,0.3,1010
12/22/2034,26.5,76,417,Karachi,13,0.1,1009
12/23/2034,29.9,90,417.7,Karachi,7,0,1008
12/24/2034,28.1,77,414.3,Karachi,18,0.2,1010
12/25/2034,23.8,90,416,Karachi,6,0.1,1014
12/26/2034,25,74,415.8,Karachi,16,0,1011
12/27/2034,28.6,75,412.4,Karachi,11,0,1012
12/28/2034,27.8,78,415.9,Karachi,18,0,1007
12/29/2034,26.3,80,418.7,Karachi,16,0.1,1008
12/30/2034,26.6,85,414,Karachi,9,0,1012
12/31/2034,30.1,82,415.5,Karachi,8,0,1010
1/1/2035,26.4,78,415.6,Karachi,8,0.2,1011
1/2/2035,27.7,79,414.1,Karachi,19,0.3,1012
1/3/2035,34.5,78,417,Karachi,13,0,1010
1/4/2035,23.7,75,413,Karachi,13,0,1015
1/5/2035,22.4,76,419,Karachi,5,0.1,1008
1/6/2035,30.4,85,416.9,Karachi,16,0,1008
1/7/2035,26,71,412.2,Karachi,17,0,1005
1/8/2035,27,88,420.1,Karachi,14,0,1012
1/9/2035,25.7,78,415.5,Karachi,11,0.3,1008
1/10/2035,27.2,76,412.8,Karachi,15,0.3,1014
1/11/2035,32.8,84,418.3,Karachi,12,0.2,1011
1/12/2035,30.4,87,416.5,Karachi,9,0.1,1009
1/13/2035,30.6,86,409.7,Karachi,11,0.1,1007
1/14/2035,23.8,83,413.4,Karachi,12,0.1,1013
1/15/2035,24.5,85,415.8,Karachi,12,0.1,1010
1/16/2035,19.5,71,408.5,Karachi,19,0.1,1011
1/17/2035,25.6,77,415.3,Karachi,13,0.1,1012
1/18/2035,30.9,75,415.5,Karachi,9,0,1011
1/19/2035,29.6,86,411.4,Karachi,6,0,1007
1/20/2035,27.3,78,415.8,Karachi,10,0.3,1012
1/21/2035,27.9,84,415,Karachi,5,0,1012
1/22/2035,25.9,83,411.4,Karachi,14,0,1011
1/23/2035,28.6,76,417.8,Karachi,10,0.1,1012
1/24/2035,30.3,77,417.5,Karachi,7,0,1012
1/25/2035,23.2,86,414.1,Karachi,17,0,1009
1/26/2035,28.9,76,414.4,Karachi,7,0,1009
1/27/2035,30.8,81,417.2,Karachi,11,0.1,1017
1/28/2035,26.8,76,414.4,Karachi,8,0,1014
1/29/2035,30.1,78,409.2,Karachi,9,0.1,1010
1/30/2035,36.4,80,416.5,Karachi,19,0,1012
1/31/2035,27.7,76,412.6,Karachi,10,0,1007
2/1/2035,29.2,75,413.8,Karachi,16,0.2,1008
2/2/2035,25.8,81,419.4,Karachi,14,0.1,1006
2/3/2035,28.5,76,414.6,Karachi,16,0.1,1011
2/4/2035,29.4,76,415,Karachi,18,0,1011
2/5/2035,28.6,75,416.5,Karachi,10,0,1013
2/6/2035,24.9,80,416.5,Karachi,6,0.2,1009
2/7/2035,28.6,85,412.2,Karachi,7,0,1013
2/8/2035,32.4,88,414.8,Karachi,5,0.2,1012
2/9/2035,29.3,76,415.1,Karachi,7,0.1,1017
2/10/2035,30.9,91,415.8,Karachi,12,0.1,1015
2/11/2035,27.3,75,415.9,Karachi,19,0.1,1014
2/12/2035,30.2,85,422.8,Karachi,8,0.1,1013
2/13/2035,28.8,76,411.5,Karachi,6,0,1007
2/14/2035,25.1,76,417.9,Karachi,8,0.1,1011
2/15/2035,29,76,418.6,Karachi,18,0.2,1017
2/16/2035,25,80,416.5,Karachi,19,0,1012
2/17/2035,26.1,83,413,Karachi,11,0,1008
2/18/2035,28.6,83,420,Karachi,13,0,1011
2/19/2035,28.9,75,408.4,Karachi,9,0.1,1007
2/20/2035,24.4,75,413,Karachi,17,0,1007
2/21/2035,31.2,75,418.5,Karachi,9,0.3,1011
2/22/2035,29.7,79,413.9,Karachi,16,0.1,1012
2/23/2035,25.9,79,419.8,Karachi,9,0.3,1008
2/24/2035,23.4,75,410.5,Karachi,14,0.2,1008
2/25/2035,27.6,81,411.7,Karachi,13,0,1006
2/26/2035,26.7,91,413.4,Karachi,11,0,1010
2/27/2035,28.3,77,416.3,Karachi,18,0.2,1004
2/28/2035,26.9,78,414.3,Karachi,7,0.1,1009
3/1/2035,22,83,413.5,Karachi,18,0,1010
3/2/2035,26.8,77,419.3,Karachi,6,0.3,1005
3/3/2035,27.1,83,419.5,Karachi,13,0.1,1007
3/4/2035,29.9,76,413.8,Karachi,7,0,1010
3/5/2035,25.9,89,409.9,Karachi,17,0.1,1009
3/6/2035,33,82,408.5,Karachi,15,0.2,1010
3/7/2035,22.3,77,415.7,Karachi,12,0,1011
3/8/2035,31.9,77,417,Karachi,19,0,1005
3/9/2035,27.3,77,415.2,Karachi,16,0,1012
3/10/2035,30.6,87,414.8,Karachi,8,0.2,1009
3/11/2035,28.2,74,412.6,Karachi,9,0.2,1008
3/12/2035,31.4,77,417,Karachi,12,0.1,1004
3/13/2035,26.8,77,420,Karachi,9,0.1,1009
3/14/2035,24.7,80,408.3,Karachi,14,0.1,1012
3/15/2035,32.3,79,414.8,Karachi,6,0.1,1010
3/16/2035,27.7,73,412.1,Karachi,10,0.5,1011
3/17/2035,28.7,78,410.5,Karachi,11,0.1,1009
3/18/2035,31.7,80,411.6,Karachi,16,0.4,1010
3/19/2035,24.9,77,416.1,Karachi,5,0.1,1007
3/20/2035,29.8,83,416.2,Karachi,14,0,1010
3/21/2035,26.2,85,419.4,Karachi,13,0.2,1009
3/22/2035,27.6,80,415,Karachi,10,0,1007
3/23/2035,28.2,81,409.7,Karachi,8,0.1,1012
3/24/2035,23.5,69,414.3,Karachi,6,0.1,1005
3/25/2035,25.7,78,410.8,Karachi,13,0.2,1012
3/26/2035,32.1,85,411.4,Karachi,10,0,1012
3/27/2035,30.7,78,416.7,Karachi,13,0.2,1008
3/28/2035,27.8,76,415.6,Karachi,6,0.3,1013
3/29/2035,28.7,91,416.8,Karachi,9,0,1008
3/30/2035,27.1,89,413.9,Karachi,10,0.2,1008
3/31/2035,32.1,82,417.4,Karachi,18,0,1006
4/1/2035,27.4,86,413.8,Karachi,15,0,1010
4/2/2035,28.7,69,418.4,Karachi,9,0.3,1007
4/3/2035,31.4,76,416,Karachi,10,0,1008
4/4/2035,25.7,78,414.4,Karachi,7,0.1,1010
4/5/2035,32.7,79,415.6,Karachi,13,0.1,1010
4/6/2035,23.4,78,414.9,Karachi,6,0,1014
4/7/2035,32.9,67,419.8,Karachi,18,0.1,1013
4/8/2035,26.9,82,415.7,Karachi,16,0,1012
4/9/2035,27.3,83,415,Karachi,6,0,1010
4/10/2035,22.3,88,414.3,Karachi,9,0.3,1009
4/11/2035,26.6,76,417.5,Karachi,15,0.3,1010
4/12/2035,24.9,76,417.1,Karachi,14,0.1,1008
4/13/2035,26.2,67,414.2,Karachi,7,0,1008
4/14/2035,27.6,79,411.5,Karachi,17,0.1,1010
4/15/2035,30.9,85,412.3,Karachi,17,0.2,1007
4/16/2035,28.6,77,414.4,Karachi,6,0,1008
4/17/2035,28.9,91,419,Karachi,10,0,1013
4/18/2035,24.7,79,414.2,Karachi,16,0.2,1006
4/19/2035,25.4,81,413.2,Karachi,10,0.1,1007
4/20/2035,33.4,73,409.7,Karachi,11,0,1014
4/21/2035,25.8,81,419.5,Karachi,8,0,1009
4/22/2035,33,70,416.7,Karachi,12,0.2,1014
4/23/2035,27.3,83,417.4,Karachi,7,0.1,1006
4/24/2035,28,84,417.9,Karachi,14,0,1010
4/25/2035,31.2,87,414.5,Karachi,5,0.2,1012
4/26/2035,31.8,75,415.3,Karachi,9,0.2,1007
4/27/2035,27.7,81,419.5,Karachi,10,0,1015
4/28/2035,26.8,83,415.5,Karachi,15,0.1,1009
4/29/2035,27.8,82,416.8,Karachi,17,0,1012
4/30/2035,29,76,417.6,Karachi,7,0.1,1008
5/1/2035,30.7,68,416.9,Karachi,6,0,1014
5/2/2035,28,82,414.6,Karachi,7,0,1011
5/3/2035,29.9,79,414.9,Karachi,7,0.1,1016
5/4/2035,32.9,77,417.3,Karachi,11,0.1,1014
5/5/2035,29.1,84,417.3,Karachi,5,0.1,1013
5/6/2035,28.9,80,418.5,Karachi,15,0,1007
5/7/2035,23.4,73,416.7,Karachi,8,0.3,1010
5/8/2035,20.1,70,416.8,Karachi,15,0,1009
5/9/2035,29.2,74,413.7,Karachi,7,0.1,1010
5/10/2035,27.7,92,413.3,Karachi,14,0,1010
5/11/2035,26.5,84,417.3,Karachi,15,0.1,1007
5/12/2035,28.7,81,413.3,Karachi,11,0,1010
5/13/2035,27.8,79,414.9,Karachi,5,0,1010
5/14/2035,31.4,79,419.1,Karachi,12,0.1,1007
5/15/2035,28.3,86,418.7,Karachi,14,0,1012
5/16/2035,25.8,78,415.9,Karachi,11,0.1,1011
5/17/2035,31,83,414.1,Karachi,17,0,1012
5/18/2035,27.3,78,414.6,Karachi,16,0,1011
5/19/2035,29.6,90,417.6,Karachi,16,0.1,1005
5/20/2035,26.6,84,414.9,Karachi,12,0,1008
5/21/2035,26.1,86,413.3,Karachi,12,0,1015
5/22/2035,28.3,77,418.6,Karachi,17,0,1012
5/23/2035,28,85,415.5,Karachi,15,0,1005
5/24/2035,29.4,78,413.3,Karachi,13,0,1011
5/25/2035,27.2,81,416.4,Karachi,5,0,1008
5/26/2035,22.5,88,417.9,Karachi,13,0,1004
5/27/2035,26.7,75,412,Karachi,5,0.2,1015
5/28/2035,30.4,81,414.4,Karachi,19,0,1010
5/29/2035,27.1,82,414.3,Karachi,7,0.2,1011
5/30/2035,27.3,83,416.4,Karachi,17,0.2,1006
5/31/2035,31,78,416.9,Karachi,11,0,1007
6/1/2035,25.9,90,413.3,Karachi,19,0,1005
6/2/2035,23.4,74,410.5,Karachi,17,0,1014
6/3/2035,27.5,87,418.1,Karachi,12,0.1,1005
6/4/2035,26.5,86,411.6,Karachi,16,0.1,1015
6/5/2035,25.1,90,415.8,Karachi,9,0.1,1007
6/6/2035,27.5,72,414.6,Karachi,5,0.1,1006
6/7/2035,29.5,76,415.5,Karachi,7,0,1010
6/8/2035,28,87,420,Karachi,11,0.2,1008
6/9/2035,28.9,71,424.1,Karachi,6,0,1010
6/10/2035,33.4,72,410.1,Karachi,6,0.4,1007
6/11/2035,27,78,418,Karachi,13,0,1009
6/12/2035,28.8,81,414.5,Karachi,10,0,1008
6/13/2035,26.5,88,418.1,Karachi,8,0.2,1013
6/14/2035,25.5,79,417.9,Karachi,19,0.1,1012
6/15/2035,26.2,77,419.2,Karachi,14,0.1,1011
6/16/2035,26.6,82,415.9,Karachi,18,0.1,1013
6/17/2035,29.1,82,412.3,Karachi,13,0.2,1011
6/18/2035,35,82,417.8,Karachi,19,0.2,1011
6/19/2035,25.9,79,415.4,Karachi,11,0.1,1010
6/20/2035,26.8,70,414.3,Karachi,11,0,1008
6/21/2035,27.8,75,413.6,Karachi,12,0.1,1008
6/22/2035,29.2,87,418,Karachi,7,0.3,1010
6/23/2035,28.8,81,419.8,Karachi,6,0.1,1013
6/24/2035,31.9,78,411.4,Karachi,5,0.3,1012
6/25/2035,20.7,86,416.9,Karachi,6,0,1012
6/26/2035,20.8,74,413.9,Karachi,7,0.2,1007
6/27/2035,26.5,79,410.6,Karachi,9,0,1012
6/28/2035,31.3,81,415.4,Karachi,12,0,1009
6/29/2035,23.3,78,412.5,Karachi,17,0.1,1011
6/30/2035,19,81,410.3,Karachi,15,0.1,1012
7/1/2035,29.7,79,412.7,Karachi,15,0,1007
7/2/2035,28.7,73,411.9,Karachi,17,0.3,1010
7/3/2035,24.7,81,413.1,Karachi,7,0.2,1011
7/4/2035,25,73,411,Karachi,11,0.2,1013
7/5/2035,25.1,81,413.8,Karachi,15,0,1008
7/6/2035,28.3,87,412.9,Karachi,15,0,1010
7/7/2035,26.1,79,416.1,Karachi,9,0.1,1011
7/8/2035,29.5,74,416.8,Karachi,9,0.1,1008
7/9/2035,19.4,79,415.8,Karachi,18,0,1008
7/10/2035,25.4,76,414.3,Karachi,12,0.1,1008
7/11/2035,24.6,83,414.2,Karachi,14,0.1,1010
7/12/2035,27.2,79,412.5,Karachi,9,0.1,1015
7/13/2035,26.4,89,412.6,Karachi,14,0.1,1010
7/14/2035,30.4,86,417.1,Karachi,19,0.1,1011
7/15/2035,22.4,79,409.7,Karachi,11,0,1010
7/16/2035,28.1,84,414.8,Karachi,17,0,1009
7/17/2035,29.7,78,414,Karachi,16,0.2,1010
7/18/2035,33.6,80,416.8,Karachi,14,0,1012
7/19/2035,26.6,78,410.7,Karachi,12,0.4,1010
7/20/2035,29,84,415,Karachi,12,0,1010
7/21/2035,22.6,87,416,Karachi,7,0.1,1009
7/22/2035,20.8,84,409.3,Karachi,8,0,1007
7/23/2035,30.5,85,411.8,Karachi,18,0.6,1013
7/24/2035,28,85,414.7,Karachi,17,0.5,1009
7/25/2035,31.5,83,416.5,Karachi,12,0,1014
7/26/2035,23.9,74,415.5,Karachi,9,0,1011
7/27/2035,29.6,89,416.7,Karachi,18,0.1,1014
7/28/2035,33.6,89,411.8,Karachi,16,0.2,1009
7/29/2035,29.3,79,410.2,Karachi,5,0.1,1008
7/30/2035,28.8,78,415.3,Karachi,11,0.2,1013
7/31/2035,28,83,411.3,Karachi,7,0,1008
8/1/2035,23.3,83,412.4,Karachi,6,0.1,1014
8/2/2035,32.1,79,417.8,Karachi,16,0.1,1012
8/3/2035,26.2,74,415.6,Karachi,14,0,1014
8/4/2035,29.5,82,413.3,Karachi,9,0.2,1007
8/5/2035,23.3,83,412.9,Karachi,5,0.3,1013
8/6/2035,24.5,84,416.9,Karachi,18,0.2,1008
8/7/2035,32.3,82,415.6,Karachi,13,0,1003
8/8/2035,27,79,411.4,Karachi,14,0,1013
8/9/2035,32.4,85,409.2,Karachi,18,0.1,1010
8/10/2035,27.8,80,420.6,Karachi,19,0,1013
8/11/2035,22.5,78,411.3,Karachi,9,0.3,1010
8/12/2035,30.7,79,416.6,Karachi,10,0,1010
8/13/2035,26.2,71,419.5,Karachi,11,0.1,1014
8/14/2035,30.1,79,415.4,Karachi,18,0,1010
8/15/2035,28.1,83,413.2,Karachi,13,0.1,1009
8/16/2035,23.4,82,410.7,Karachi,15,0,1010
8/17/2035,28.5,88,410.7,Karachi,9,0,1010
8/18/2035,34.6,79,416.1,Karachi,16,0.1,1001
8/19/2035,29.5,82,419.4,Karachi,8,0.1,1011
8/20/2035,27.8,84,413.8,Karachi,16,0.2,1014
8/21/2035,31.2,92,413.3,Karachi,7,0,1010
8/22/2035,28.6,81,417.1,Karachi,9,0,1009
8/23/2035,28.6,75,412.9,Karachi,18,0.1,1011
8/24/2035,24.7,84,415.8,Karachi,14,0.2,1015
8/25/2035,28.7,89,415.1,Karachi,14,0,1011
8/26/2035,31.1,78,413.8,Karachi,17,0,1011
8/27/2035,25.5,84,415,Karachi,7,0,1009
8/28/2035,32.3,86,420.3,Karachi,9,0,1007
8/29/2035,27.7,85,416.8,Karachi,12,0,1010
8/30/2035,25.3,81,418.3,Karachi,6,0.1,1010
8/31/2035,31,77,412.2,Karachi,17,0.2,1004
9/1/2035,27.1,80,418.3,Karachi,8,0,1008
9/2/2035,30.3,82,416.9,Karachi,12,0.1,1013
9/3/2035,27.1,85,410.5,Karachi,19,0.1,1009
9/4/2035,27.8,82,416.6,Karachi,18,0.3,1003
9/5/2035,29.5,78,413.5,Karachi,9,0.2,1015
9/6/2035,28.9,83,410.4,Karachi,12,0.2,1007
9/7/2035,22,84,415.4,Karachi,10,0.1,1009
9/8/2035,24.6,82,416.6,Karachi,5,0.2,1013
9/9/2035,30.8,76,415.5,Karachi,9,0,1008
9/10/2035,27.6,79,414.7,Karachi,14,0,1004
9/11/2035,26.4,85,414,Karachi,19,0.2,1011
9/12/2035,23.9,73,422.4,Karachi,6,0.1,1012
9/13/2035,24.8,70,411.5,Karachi,11,0,1009
9/14/2035,21.9,88,417.6,Karachi,18,0.2,1010
9/15/2035,27.7,83,415,Karachi,14,0,1006
9/16/2035,26.2,83,412.4,Karachi,8,0,1007
9/17/2035,25.1,75,414.9,Karachi,6,0.1,1009
9/18/2035,27.8,84,410.8,Karachi,5,0.1,1012
9/19/2035,29.1,81,413.2,Karachi,9,0.1,1010
9/20/2035,34.3,72,414.9,Karachi,15,0,1013
9/21/2035,23.5,87,410.3,Karachi,14,0.3,1015
9/22/2035,31.5,81,416.5,Karachi,17,0.3,1013
9/23/2035,30.9,78,412.1,Karachi,12,0,1005
9/24/2035,25.7,78,410.6,Karachi,12,0,1009
9/25/2035,28.6,70,411.8,Karachi,16,0,1013
9/26/2035,26.6,83,421.5,Karachi,17,0.2,1010
9/27/2035,28.6,81,409.1,Karachi,14,0.2,1005
9/28/2035,32.5,79,416.3,Karachi,6,0.1,1008
9/29/2035,29.8,86,412.7,Karachi,10,0.2,1003
9/30/2035,29.5,73,413.9,Karachi,11,0.1,1009
10/1/2035,26.7,77,416.8,Karachi,14,0.1,1008
10/2/2035,23.5,76,416.7,Karachi,5,0,1009
10/3/2035,27.4,79,413,Karachi,9,0,1014
10/4/2035,31.6,80,410.9,Karachi,10,0,1006
10/5/2035,23.4,82,416.9,Karachi,11,0.1,1008
10/6/2035,24.8,78,416.7,Karachi,15,0,1007
10/7/2035,28.4,76,414.1,Karachi,13,0,1013
10/8/2035,25,88,416.3,Karachi,7,0,1013
10/9/2035,25.6,92,413.7,Karachi,12,0.1,1011
10/10/2035,26.7,81,412.5,Karachi,14,0.5,1011
10/11/2035,23.9,76,415,Karachi,7,0.2,1006
10/12/2035,25.1,87,416.6,Karachi,15,0.1,1011
10/13/2035,30.1,73,415.9,Karachi,13,0.2,1007
10/14/2035,24.1,78,416.5,Karachi,12,0.1,1010
10/15/2035,23.2,77,412.7,Karachi,13,0,1009
10/16/2035,26.1,74,419.7,Karachi,9,0,1008
10/17/2035,30.2,79,414,Karachi,15,0,1010
10/18/2035,27.4,76,414.6,Karachi,13,0.1,1012
10/19/2035,26.6,80,411,Karachi,17,0,1015
10/20/2035,28.1,80,414.4,Karachi,7,0.1,1012
10/21/2035,22.8,77,416.6,Karachi,11,0,1017
10/22/2035,29.5,78,417.3,Karachi,7,0,1011
10/23/2035,29.2,79,419.7,Karachi,10,0.3,1015
10/24/2035,26.8,84,416.6,Karachi,12,0,1011
10/25/2035,31,79,415.8,Karachi,6,0.1,1011
10/26/2035,24.6,84,413.7,Karachi,19,0,1009
10/27/2035,31.4,83,413,Karachi,12,0,1011
10/28/2035,28.5,83,417.9,Karachi,5,0.1,1011
10/29/2035,27,87,417.9,Karachi,8,0.1,1006
10/30/2035,27.9,74,411.8,Karachi,11,0,1012
10/31/2035,27.7,78,417.2,Karachi,18,0.2,1006
11/1/2035,31.7,89,417,Karachi,5,0.1,1012
11/2/2035,24.8,79,411.7,Karachi,10,0,1012
11/3/2035,25.7,66,416.6,Karachi,14,0,1014
11/4/2035,31.1,79,411.9,Karachi,10,0.1,1007
11/5/2035,26.2,81,407.7,Karachi,18,0.1,1007
11/6/2035,30.7,67,414.5,Karachi,17,0,1013
11/7/2035,33.1,87,415.8,Karachi,11,0,1007
11/8/2035,26.8,76,414.7,Karachi,13,0,1006
11/9/2035,30,82,423.6,Karachi,11,0,1011
11/10/2035,24.5,79,416.1,Karachi,7,0,1010
11/11/2035,30.3,74,415.4,Karachi,8,0.4,1010
11/12/2035,28.6,75,416.3,Karachi,17,0.1,1012
11/13/2035,29.4,75,413.7,Karachi,19,0.2,1012
11/14/2035,26.1,85,417.8,Karachi,5,0,1010
11/15/2035,23,79,416.1,Karachi,9,0,1010
11/16/2035,29.5,77,415.9,Karachi,11,0,1010
11/17/2035,21.8,75,413.1,Karachi,7,0.1,1010
11/18/2035,27,86,410.3,Karachi,10,0,1006
11/19/2035,30.8,87,413.5,Karachi,16,0,1012
11/20/2035,28.6,86,415.8,Karachi,19,0,1013
11/21/2035,33.8,82,413.7,Karachi,19,0.2,1012
11/22/2035,31.1,81,415.9,Karachi,7,0.1,1012
11/23/2035,26,74,414.3,Karachi,8,0,1007
11/24/2035,28.1,79,416.3,Karachi,9,0.1,1006
11/25/2035,27.9,77,412.1,Karachi,10,0.1,1012
11/26/2035,23.3,71,415.6,Karachi,10,0,1010
11/27/2035,25.2,85,413.1,Karachi,5,0,1011
11/28/2035,26.3,77,410.4,Karachi,16,0.2,1011
11/29/2035,21.9,86,414.5,Karachi,12,0,1011
11/30/2035,28.1,84,419.6,Karachi,7,0.2,1012
12/1/2035,27.3,83,410.6,Karachi,8,0,1010
12/2/2035,23,83,415.4,Karachi,12,0.1,1004
12/3/2035,29.2,77,417.4,Karachi,19,0,1012
12/4/2035,30.1,89,421.9,Karachi,9,0.1,1012
12/5/2035,28.7,80,413.5,Karachi,10,0.6,1006
12/6/2035,27,82,413.1,Karachi,17,0.1,1007
12/7/2035,29.8,77,411.5,Karachi,17,0,1013
12/8/2035,30,75,418.4,Karachi,19,0,1013
12/9/2035,28.9,82,412.4,Karachi,5,0.2,1002
12/10/2035,25.5,81,413.9,Karachi,12,0.1,1011
12/11/2035,28.8,76,409.5,Karachi,9,0,1009
12/12/2035,31.6,73,417.7,Karachi,5,0.3,1010
12/13/2035,26.2,74,418.5,Karachi,11,0.1,1010
12/14/2035,34.3,86,417.5,Karachi,19,0,1008
12/15/2035,26.4,77,410.2,Karachi,6,0.1,1012
12/16/2035,28.1,78,416.8,Karachi,16,0.1,1008
12/17/2035,26,87,410,Karachi,10,0.2,1012
12/18/2035,28.7,74,415.2,Karachi,18,0,1013
12/19/2035,22.8,76,415.6,Karachi,7,0.2,1007
12/20/2035,26.4,76,415.9,Karachi,10,0.2,1007
12/21/2035,24.7,88,416.6,Karachi,13,0.1,1010
12/22/2035,28.4,90,415,Karachi,10,0,1015
12/23/2035,31,84,409.1,Karachi,5,0.4,1008
12/24/2035,29.9,84,416.6,Karachi,10,0.1,1009
12/25/2035,20.9,77,415.3,Karachi,7,0.2,1011
12/26/2035,34.1,90,412.3,Karachi,8,0,1012
12/27/2035,28.9,81,410.3,Karachi,17,0.4,1012
12/28/2035,25.7,84,419.6,Karachi,8,0.2,1010
12/29/2035,28.5,79,418.7,Karachi,13,0.3,1009
12/30/2035,28.5,79,417.1,Karachi,12,0,1011
12/31/2035,26,88,413,Karachi,11,0.1,1000
1/1/2036,28.6,83,407.4,Karachi,9,0,1016
1/2/2036,26.2,87,417.3,Karachi,14,0,1009
1/3/2036,26.8,81,416.1,Karachi,15,0,1011
1/4/2036,25.9,76,413.9,Karachi,8,0.3,1016
1/5/2036,23.7,77,418.4,Karachi,17,0.1,1008
1/6/2036,28.4,81,417.5,Karachi,7,0,1017
1/7/2036,29.8,77,415.5,Karachi,16,0.3,1012
1/8/2036,29.5,74,415.1,Karachi,5,0.1,1011
1/9/2036,30.5,86,415.2,Karachi,13,0.2,1012
1/10/2036,29,77,417,Karachi,19,0.3,1007
1/11/2036,26.4,81,412.4,Karachi,12,0.1,1005
1/12/2036,30.5,81,416.3,Karachi,5,0,1006
1/13/2036,23.9,77,412.2,Karachi,6,0.6,1013
1/14/2036,25.3,87,419,Karachi,18,0,1007
1/15/2036,25.1,74,416.6,Karachi,5,0.1,1005
1/16/2036,31.2,81,412.9,Karachi,5,0.2,1010
1/17/2036,30.8,81,415.2,Karachi,18,0,1012
1/18/2036,29.5,80,412.4,Karachi,13,0.1,1010
1/19/2036,31.2,74,419.5,Karachi,9,0,1012
1/20/2036,25.4,84,419.9,Karachi,19,0,1013
1/21/2036,29,84,417.1,Karachi,7,0,1012
1/22/2036,27.6,77,419.7,Karachi,6,0.2,1010
1/23/2036,30.5,84,415.5,Karachi,16,0,1008
1/24/2036,27.7,82,417.3,Karachi,18,0.2,1012
1/25/2036,26.8,74,418.7,Karachi,12,0.1,1011
1/26/2036,29.6,76,415,Karachi,12,0.1,1007
1/27/2036,30.6,86,415.2,Karachi,19,0.2,1014
1/28/2036,26,82,417.8,Karachi,19,0.1,1011
1/29/2036,27.8,77,416.9,Karachi,18,0,1012
1/30/2036,24.8,76,412.7,Karachi,10,0,1009
1/31/2036,20.5,77,408.4,Karachi,6,0.1,1013
2/1/2036,28.6,78,414.5,Karachi,15,0.1,1005
2/2/2036,29.8,76,408.7,Karachi,19,0,1015
2/3/2036,28.8,71,412,Karachi,5,0.1,1004
2/4/2036,22.2,86,412.4,Karachi,10,0.1,1006
2/5/2036,26.9,85,413.3,Karachi,5,0.2,1011
2/6/2036,21.3,74,417.5,Karachi,16,0.1,1008
2/7/2036,32.1,81,418.1,Karachi,10,0.3,1009
2/8/2036,24.7,75,416.5,Karachi,19,0.1,1008
2/9/2036,31.8,79,416.9,Karachi,14,0.2,1008
2/10/2036,30.8,78,417,Karachi,6,0.1,1011
2/11/2036,25.3,78,407.5,Karachi,19,0.1,1010
2/12/2036,24.6,90,415,Karachi,11,0,1013
2/13/2036,29.1,78,409.6,Karachi,16,0.1,1010
2/14/2036,25.5,76,416.5,Karachi,14,0.3,1009
2/15/2036,28.3,76,408.7,Karachi,6,0,1012
2/16/2036,26.6,85,414.5,Karachi,6,0,1005
2/17/2036,22.7,72,416.6,Karachi,10,0.2,1002
2/18/2036,21.3,76,411.6,Karachi,8,0.1,1005
2/19/2036,28.7,87,417.9,Karachi,10,0,1009
2/20/2036,26.3,81,416.5,Karachi,16,0.1,1011
2/21/2036,26.3,81,416.1,Karachi,12,0.1,1002
2/22/2036,30.1,91,417.1,Karachi,15,0.1,1010
2/23/2036,31.5,81,413.9,Karachi,14,0.2,1009
2/24/2036,27.2,76,415.5,Karachi,7,0.1,1010
2/25/2036,27,79,415,Karachi,9,0.1,1004
2/26/2036,29.5,74,415,Karachi,9,0.2,1018
2/27/2036,23.9,86,413,Karachi,14,0.2,1010
2/28/2036,28.7,83,411.3,Karachi,13,0,1006
2/29/2036,29.7,86,414,Karachi,11,0,1010
3/1/2036,30,86,413.8,Karachi,17,0.1,1014
3/2/2036,22.2,78,412.8,Karachi,13,0.2,1006
3/3/2036,25.7,75,417.6,Karachi,12,0.2,1006
3/4/2036,25.4,80,411.5,Karachi,7,0.1,1010
3/5/2036,28.3,76,414.5,Karachi,6,0.4,1010
3/6/2036,29.4,81,418.5,Karachi,19,0.1,1012
3/7/2036,32.5,86,417.7,Karachi,7,0.2,1014
3/8/2036,26.5,79,418.6,Karachi,10,0.2,1012
3/9/2036,26.5,81,413.2,Karachi,15,0.2,1006
3/10/2036,31.4,80,417.4,Karachi,16,0.4,1007
3/11/2036,28.9,84,411.8,Karachi,14,0.1,1008
3/12/2036,31.8,77,414.2,Karachi,8,0,1012
3/13/2036,28.9,69,414.5,Karachi,15,0.1,1012
3/14/2036,24.5,82,413.3,Karachi,5,0.2,1014
3/15/2036,24,85,413.9,Karachi,14,0.2,1012
3/16/2036,23.3,82,413.5,Karachi,14,0,1008
3/17/2036,30,77,412.1,Karachi,17,0,1009
3/18/2036,31.6,74,417.6,Karachi,13,0.1,1006
3/19/2036,33.5,82,414.5,Karachi,10,0.1,1012
3/20/2036,30.5,81,415.6,Karachi,5,0,1008
3/21/2036,31.5,79,415.5,Karachi,7,0.2,1014
3/22/2036,26.3,89,415.2,Karachi,15,0,1012
3/23/2036,24.5,75,415.3,Karachi,15,0.1,1016
3/24/2036,30.6,89,414.1,Karachi,17,0,1011
3/25/2036,29.3,80,419.3,Karachi,5,0.2,1011
3/26/2036,28.3,71,417.3,Karachi,16,0.1,1009
3/27/2036,29.2,79,415.1,Karachi,13,0,1009
3/28/2036,29,85,413.7,Karachi,8,0.1,1009
3/29/2036,31.9,78,414.6,Karachi,6,0,1013
3/30/2036,31.9,73,416.3,Karachi,8,0.4,1006
3/31/2036,29.6,79,419.5,Karachi,19,0.2,1010
4/1/2036,30.5,76,410.9,Karachi,6,0.2,1005
4/2/2036,29.5,82,417,Karachi,10,0,1011
4/3/2036,26.6,84,418.4,Karachi,10,0,1009
4/4/2036,30.3,75,410.5,Karachi,19,0.1,1012
4/5/2036,23.8,76,414.5,Karachi,15,0,1008
4/6/2036,31.2,84,411.8,Karachi,11,0.2,1009
4/7/2036,24.4,76,416.3,Karachi,13,0.1,1012
4/8/2036,28.9,75,413.9,Karachi,15,0,1010
4/9/2036,25.5,74,414.6,Karachi,13,0,1015
4/10/2036,29.7,82,413.8,Karachi,8,0.6,1009
4/11/2036,27.9,82,417.2,Karachi,13,0.3,1008
4/12/2036,23.2,77,415.7,Karachi,12,0,1014
4/13/2036,29.3,80,415.7,Karachi,16,0,1009
4/14/2036,26.3,88,415.5,Karachi,5,0,1009
4/15/2036,30.6,75,416.7,Karachi,19,0,1011
4/16/2036,28,70,414.2,Karachi,11,0.3,1010
4/17/2036,29.2,82,420.1,Karachi,11,0.1,1009
4/18/2036,25.1,79,411.3,Karachi,19,0.3,1008
4/19/2036,26.2,76,409.8,Karachi,14,0.2,1014
4/20/2036,26.6,83,409.6,Karachi,8,0.1,1010
4/21/2036,30.6,84,408.8,Karachi,11,0.1,1008
4/22/2036,33,69,417,Karachi,15,0.2,1009
4/23/2036,25.6,77,416.7,Karachi,15,0.1,1011
4/24/2036,31.2,92,418.6,Karachi,15,0,1014
4/25/2036,21.5,83,411.8,Karachi,15,0.1,1009
4/26/2036,24.4,83,417.2,Karachi,14,0.1,1007
4/27/2036,25.1,86,415.2,Karachi,14,0.4,1016
4/28/2036,23.9,80,415.5,Karachi,9,0.1,1010
4/29/2036,23.2,84,416.9,Karachi,9,0,1010
4/30/2036,29.2,84,412.7,Karachi,19,0,1010
5/1/2036,27.4,83,422.8,Karachi,9,0.2,1006
5/2/2036,29.1,78,419,Karachi,10,0.3,1010
5/3/2036,30.1,81,413.4,Karachi,11,0.1,1012
5/4/2036,28.8,77,411.7,Karachi,9,0,1014
5/5/2036,30,80,414.7,Karachi,13,0,1009
5/6/2036,27.8,74,415.5,Karachi,18,0.1,1011
5/7/2036,24.4,76,418.2,Karachi,16,0.8,1014
5/8/2036,31.2,79,411.5,Karachi,15,0.2,1010
5/9/2036,26.2,75,415.9,Karachi,13,0.3,1012
5/10/2036,25.2,77,410.4,Karachi,18,0.1,1011
5/11/2036,27.5,79,416.3,Karachi,11,0.2,1008
5/12/2036,25.3,82,414.7,Karachi,14,0,1007
5/13/2036,26.7,85,420.8,Karachi,7,0,1013
5/14/2036,29,78,410.4,Karachi,8,0.3,1002
5/15/2036,29,87,419.1,Karachi,8,0,1008
5/16/2036,25.3,85,409.9,Karachi,11,0.1,1006
5/17/2036,26.5,83,411,Karachi,19,0.1,1013
5/18/2036,31.2,81,410,Karachi,6,0,1014
5/19/2036,29.5,82,415.8,Karachi,15,0,1008
5/20/2036,34.2,86,411.5,Karachi,9,0,1018
5/21/2036,31.5,86,411,Karachi,15,0.1,1014
5/22/2036,31.4,87,415.6,Karachi,15,0,1011
5/23/2036,23.8,80,416.4,Karachi,8,0.1,1014
5/24/2036,30.3,83,415.1,Karachi,14,0.1,1008
5/25/2036,27.8,87,414.5,Karachi,15,0,1009
5/26/2036,26.3,77,420.5,Karachi,13,0,1011
5/27/2036,28.5,78,415.4,Karachi,5,0,1008
5/28/2036,30.8,80,417.4,Karachi,19,0,1006
5/29/2036,29.5,84,415.4,Karachi,14,0.1,1007
5/30/2036,25.4,85,411.7,Karachi,17,0.3,1009
5/31/2036,30.2,79,416.6,Karachi,18,0,1011
6/1/2036,26.1,72,413,Karachi,7,0.2,1009
6/2/2036,28.7,81,414.7,Karachi,10,0.1,1005
6/3/2036,27.1,75,415.9,Karachi,15,0.1,1011
6/4/2036,27.3,73,409.2,Karachi,8,0.2,1014
6/5/2036,30.3,74,410.2,Karachi,7,0.1,1008
6/6/2036,24.9,82,417.7,Karachi,10,0,1015
6/7/2036,33.8,87,413,Karachi,17,0,1013
6/8/2036,22.5,80,413.2,Karachi,15,0.2,1007
6/9/2036,26.2,81,415.5,Karachi,7,0,1008
6/10/2036,29.1,86,413.8,Karachi,11,0.1,1009
6/11/2036,29.8,72,416.3,Karachi,16,0.1,1009
6/12/2036,27.7,83,414.8,Karachi,5,0,1003
6/13/2036,27.8,80,415.6,Karachi,13,0.2,1008
6/14/2036,29.2,83,412.9,Karachi,19,0.1,1008
6/15/2036,27.3,78,415.6,Karachi,17,0.1,1016
6/16/2036,32.2,76,418.3,Karachi,14,0,1011
6/17/2036,30.5,81,413.3,Karachi,6,0,1008
6/18/2036,30.6,88,417.7,Karachi,8,0.1,1009
6/19/2036,25.1,84,414.8,Karachi,10,0.2,1011
6/20/2036,27.8,77,417.2,Karachi,10,0.1,1009
6/21/2036,27.1,73,415.4,Karachi,15,0.4,1008
6/22/2036,25,72,414.9,Karachi,12,0,1008
6/23/2036,29.1,87,416,Karachi,12,0.6,1011
6/24/2036,26.4,75,418.6,Karachi,8,0.1,1006
6/25/2036,30,78,415.7,Karachi,10,0.2,1007
6/26/2036,24.8,87,416.4,Karachi,13,0,1007
6/27/2036,33.2,72,413.9,Karachi,11,0.1,1007
6/28/2036,25.3,87,419.7,Karachi,17,0.2,1008
6/29/2036,28.7,79,416.9,Karachi,12,0.1,1013
6/30/2036,30.4,74,415.2,Karachi,12,0,1013
7/1/2036,26.3,79,414.6,Karachi,6,0,1011
7/2/2036,30.6,76,417.9,Karachi,11,0.1,1011
7/3/2036,24.3,82,413.2,Karachi,7,0.3,1008
7/4/2036,32.4,77,409.7,Karachi,11,0.1,1004
7/5/2036,28,70,415.2,Karachi,6,0,1010
7/6/2036,26.2,79,418.6,Karachi,5,0.2,1011
7/7/2036,27.1,73,419.8,Karachi,15,0.1,1008
7/8/2036,30.4,81,414.7,Karachi,13,0,1007
7/9/2036,26.2,74,415.1,Karachi,14,0,1006
7/10/2036,25.8,78,416.6,Karachi,14,0.1,1011
7/11/2036,27.3,81,414.2,Karachi,5,0,1010
7/12/2036,24.5,79,416.5,Karachi,15,0,1014
7/13/2036,33.5,81,414.7,Karachi,5,0.1,1008
7/14/2036,26.3,83,418,Karachi,15,0,1009
7/15/2036,30.5,74,417.2,Karachi,16,0,1010
7/16/2036,28.6,80,417.4,Karachi,16,0.1,1008
7/17/2036,25,63,414.4,Karachi,7,0.1,1013
7/18/2036,28,81,420.8,Karachi,5,0,1014
7/19/2036,30.4,78,416.5,Karachi,11,0,1007
7/20/2036,27.4,75,415.7,Karachi,11,0.1,1009
7/21/2036,31.6,82,412.7,Karachi,15,0,1014
7/22/2036,31.1,86,414.7,Karachi,12,0.1,1011
7/23/2036,30.8,78,415.3,Karachi,6,0.3,1010
7/24/2036,26.6,75,412.6,Karachi,11,0.1,1011
7/25/2036,24.8,81,414.1,Karachi,13,0,1012
7/26/2036,26.2,73,414.5,Karachi,18,0,1011
7/27/2036,28.6,77,415.2,Karachi,15,0,1011
7/28/2036,29.6,86,409.7,Karachi,14,0,1010
7/29/2036,21.5,80,414.6,Karachi,9,0,1014
7/30/2036,28,71,413.9,Karachi,14,0,1009
7/31/2036,28.5,71,414.9,Karachi,18,0.2,1010
8/1/2036,27.2,81,418.1,Karachi,7,0.2,1015
8/2/2036,31.9,84,421.2,Karachi,13,0.1,1011
8/3/2036,29.3,72,417,Karachi,5,0,1010
8/4/2036,31.9,82,411.3,Karachi,16,0.2,1012
8/5/2036,27.4,87,414,Karachi,18,0,1011
8/6/2036,30.8,89,416.8,Karachi,7,0,1008
8/7/2036,32.9,82,416.4,Karachi,6,0,1011
8/8/2036,31.9,83,418,Karachi,6,0.1,1008
8/9/2036,24.7,69,414.7,Karachi,18,0,1015
8/10/2036,27.2,90,413.9,Karachi,7,0,1011
8/11/2036,27,77,420.3,Karachi,14,0,1007
8/12/2036,29.5,75,415.2,Karachi,11,0.2,1009
8/13/2036,30.1,79,411.9,Karachi,17,0,1012
8/14/2036,25.5,88,419.4,Karachi,10,0,1007
8/15/2036,28.2,91,410.5,Karachi,16,0.1,1018
8/16/2036,21.9,81,404.5,Karachi,13,0,1006
8/17/2036,32.3,85,417.3,Karachi,14,0.1,1013
8/18/2036,26.5,80,417.7,Karachi,17,0,1009
8/19/2036,28.2,75,416.2,Karachi,15,0.1,1008
8/20/2036,27.1,87,411.1,Karachi,14,0.1,1012
8/21/2036,31.4,77,414.8,Karachi,18,0.2,1009
8/22/2036,19.5,88,414.2,Karachi,7,0,1015
8/23/2036,28,86,413.4,Karachi,17,0.1,1006
8/24/2036,27.7,83,419.2,Karachi,9,0.3,1012
8/25/2036,26.6,89,411.9,Karachi,19,0.1,1009
8/26/2036,33.2,91,415.9,Karachi,13,0.4,1011
8/27/2036,25.3,79,418.6,Karachi,7,0.3,1012
8/28/2036,30.3,76,416.1,Karachi,16,0.1,1005
8/29/2036,29.1,71,418.7,Karachi,12,0,1011
8/30/2036,31.8,91,416.7,Karachi,13,0.1,1013
8/31/2036,26,78,416.3,Karachi,15,0.1,1011
9/1/2036,25.8,86,416.1,Karachi,19,0.1,1009
9/2/2036,31.3,76,416.8,Karachi,15,0.1,1006
9/3/2036,29.3,88,413.8,Karachi,11,0.1,1012
9/4/2036,23.4,76,411.1,Karachi,17,0.1,1016
9/5/2036,26.4,74,417.9,Karachi,10,0.1,1012
9/6/2036,29.2,79,418.5,Karachi,17,0,1013
9/7/2036,30.5,77,415.8,Karachi,15,0.2,1013
9/8/2036,26,83,413.4,Karachi,10,0.2,1009
9/9/2036,19.3,80,410.3,Karachi,10,0.1,1010
9/10/2036,29.6,83,415.3,Karachi,9,0,1013
9/11/2036,24.3,79,411,Karachi,11,0,1005
9/12/2036,21.9,77,410.5,Karachi,11,0,1012
9/13/2036,19.5,77,414.9,Karachi,11,0,1014
9/14/2036,30.4,90,412.7,Karachi,7,0,1010
9/15/2036,28.4,81,416,Karachi,15,0,1012
9/16/2036,27.3,70,414.5,Karachi,10,0,1008
9/17/2036,32.2,77,413.2,Karachi,13,0.1,1010
9/18/2036,29.9,80,409.9,Karachi,13,0.3,1009
9/19/2036,32.8,89,412.4,Karachi,8,0,1011
9/20/2036,23.8,85,412.6,Karachi,13,0.1,1010
9/21/2036,27.9,75,411.3,Karachi,6,0.5,1005
9/22/2036,23.1,92,414,Karachi,12,0.3,1008
9/23/2036,27.3,80,411.6,Karachi,6,0,1016
9/24/2036,27.3,86,414.5,Karachi,9,0,1012
9/25/2036,29.9,74,415.7,Karachi,10,0,1004
9/26/2036,28.1,68,412.5,Karachi,6,0,1014
9/27/2036,29.9,73,416.3,Karachi,13,0.1,1007
9/28/2036,30.1,64,410.9,Karachi,10,0,1013
9/29/2036,34.5,91,411.7,Karachi,12,0.1,1014
9/30/2036,27.1,81,414.7,Karachi,8,0,1010
10/1/2036,25.2,75,417.1,Karachi,7,0.1,1007
10/2/2036,28.7,82,417.6,Karachi,8,0,1008
10/3/2036,25.6,81,419.8,Karachi,5,0.1,1012
10/4/2036,32.4,83,413.9,Karachi,5,0.1,1007
10/5/2036,27.2,86,414.6,Karachi,12,0.1,1008
10/6/2036,26.3,79,411.9,Karachi,5,0,1012
10/7/2036,26.6,76,411.2,Karachi,9,0,1008
10/8/2036,30.2,84,415.7,Karachi,14,0,1014
10/9/2036,27.5,84,412.7,Karachi,13,0.1,1007
10/10/2036,26.1,81,418.7,Karachi,7,0,1000
10/11/2036,33,91,410.6,Karachi,14,0.1,1008
10/12/2036,25.4,78,416.5,Karachi,6,0,1011
10/13/2036,28.1,76,412,Karachi,9,0,1013
10/14/2036,30,82,412.5,Karachi,16,0.1,1009
10/15/2036,23.1,77,416.6,Karachi,18,0.1,1009
10/16/2036,29.4,82,413,Karachi,6,0,1010
10/17/2036,24.8,76,413.5,Karachi,14,0.1,1015
10/18/2036,30.5,78,412.6,Karachi,5,0.1,1011
10/19/2036,25.1,89,420.4,Karachi,15,0,1009
10/20/2036,30.1,78,413.1,Karachi,13,0,1016
10/21/2036,31.3,76,415.2,Karachi,15,0.1,1010
10/22/2036,30.6,86,414.4,Karachi,14,0.3,1004
10/23/2036,28.8,75,415.7,Karachi,15,0,1006
10/24/2036,27.3,77,413.2,Karachi,13,0.1,1012
10/25/2036,26.3,83,414.4,Karachi,5,0.2,1005
10/26/2036,32.4,85,416.2,Karachi,8,0.1,1011
10/27/2036,25.9,86,412.4,Karachi,9,0,1008
10/28/2036,24.9,76,418.3,Karachi,16,0.1,1014
10/29/2036,30,83,418.6,Karachi,6,0,1011
10/30/2036,25.6,78,416.8,Karachi,15,0,1005
10/31/2036,25.1,77,415.2,Karachi,13,0,1013
11/1/2036,23.7,86,406,Karachi,13,0,1014
11/2/2036,26.6,77,416.3,Karachi,13,0,1006
11/3/2036,27.8,81,413.8,Karachi,12,0.1,1008
11/4/2036,28.7,81,414.3,Karachi,10,0.3,1012
11/5/2036,30.9,75,409.3,Karachi,5,0,1012
11/6/2036,29.6,85,416.5,Karachi,18,0,1017
11/7/2036,27.4,83,410.7,Karachi,14,0.1,1013
11/8/2036,27.4,70,415.4,Karachi,9,0.1,1017
11/9/2036,29.5,81,417.7,Karachi,12,0.1,1010
11/10/2036,31.8,76,413.6,Karachi,16,0.1,1011
11/11/2036,28.4,85,418.6,Karachi,18,0.2,1008
11/12/2036,26.6,73,412.8,Karachi,8,0,1008
11/13/2036,25,78,416.8,Karachi,12,0,1010
11/14/2036,23.7,82,411.1,Karachi,10,0,1008
11/15/2036,30,80,418.1,Karachi,5,0.1,1002
11/16/2036,29.7,84,417.6,Karachi,5,0.3,1008
11/17/2036,29.7,72,416.4,Karachi,7,0.2,1013
11/18/2036,27.6,88,413.8,Karachi,5,0.2,1010
11/19/2036,32.2,83,410.8,Karachi,8,0,1010
11/20/2036,26.5,87,413.8,Karachi,7,0.1,1008
11/21/2036,30.9,84,418.3,Karachi,11,0,1011
11/22/2036,27.9,80,415.4,Karachi,15,0.3,1015
11/23/2036,26.2,74,410.3,Karachi,13,0,1014
11/24/2036,29.8,77,411.6,Karachi,19,0,1011
11/25/2036,29.2,88,418.8,Karachi,11,0.2,1007
11/26/2036,29.1,87,416.5,Karachi,15,0.1,1015
11/27/2036,28.2,77,411.3,Karachi,9,0.2,1013
11/28/2036,27.9,66,409.7,Karachi,5,0,1006
11/29/2036,35.2,79,413.1,Karachi,9,0.2,1005
11/30/2036,31.6,79,409.4,Karachi,5,0.1,1006
12/1/2036,30.2,79,414.5,Karachi,10,0.1,1009
12/2/2036,28.3,83,422.4,Karachi,17,0.1,1013
12/3/2036,31,84,410.2,Karachi,12,0.1,1013
12/4/2036,29.6,85,414.4,Karachi,11,0.1,1011
12/5/2036,28.1,82,418.9,Karachi,5,0,1010
12/6/2036,27.1,71,417.2,Karachi,12,0.1,1017
12/7/2036,27.8,78,414.6,Karachi,16,0.1,1010
12/8/2036,18.5,92,414.6,Karachi,18,0,1010
12/9/2036,28.6,82,411.5,Karachi,18,0,1008
12/10/2036,26.5,82,414.2,Karachi,18,0.1,1017
12/11/2036,32.8,82,415.7,Karachi,13,0,1012
12/12/2036,28.1,82,418.3,Karachi,16,0,1007
12/13/2036,24.4,68,413.1,Karachi,14,0.2,1007
12/14/2036,27.9,79,414.4,Karachi,18,0,1005
12/15/2036,24.9,80,412.2,Karachi,6,0,1010
12/16/2036,29.4,86,415.7,Karachi,5,0.1,1006
12/17/2036,28.9,80,417.4,Karachi,10,0.1,1006
12/18/2036,30.9,72,416.9,Karachi,16,0,1013
12/19/2036,25.6,82,411.5,Karachi,8,0.2,1013
12/20/2036,28.1,76,415.4,Karachi,18,0.1,1014
12/21/2036,23.9,74,413,Karachi,11,0,1006
12/22/2036,30.1,76,418,Karachi,7,0,1007
12/23/2036,29.6,83,414.5,Karachi,7,0.1,1008
12/24/2036,29.5,86,410.4,Karachi,18,0,1015
12/25/2036,28,82,414.3,Karachi,12,0.3,1010
12/26/2036,29.2,83,416.4,Karachi,11,0,1015
12/27/2036,32.8,82,415.7,Karachi,9,0.1,1012
12/28/2036,27.1,81,413.5,Karachi,7,0.2,1010
12/29/2036,28.4,83,413.2,Karachi,5,0.2,1012
12/30/2036,24.7,68,412,Karachi,15,0,1005
12/31/2036,25.4,81,413.8,Karachi,7,0.1,1004
1/1/2037,28.3,75,412.4,Karachi,19,0,1011
1/2/2037,31.3,86,417.9,Karachi,13,0.2,1010
1/3/2037,27.2,79,412.3,Karachi,5,0.1,1016
1/4/2037,27.3,80,415.4,Karachi,19,0,1006
1/5/2037,26.8,72,415.2,Karachi,9,0.1,1011
1/6/2037,26.4,85,417.8,Karachi,8,0,1012
1/7/2037,28.9,83,418.3,Karachi,15,0,1011
1/8/2037,23.5,83,417.1,Karachi,18,0.1,1013
1/9/2037,31.8,76,416.1,Karachi,10,0,1008
1/10/2037,26,76,411.9,Karachi,6,0.3,1012
1/11/2037,30.2,81,411.8,Karachi,8,0,1012
1/12/2037,24.2,77,412.5,Karachi,13,0.1,1013
1/13/2037,30,82,417.3,Karachi,18,0.3,1008
1/14/2037,30,69,415.2,Karachi,19,0.1,1006
1/15/2037,29.2,78,417.6,Karachi,15,0,1008
1/16/2037,25,89,418,Karachi,9,0,1007
1/17/2037,28.7,82,412.8,Karachi,19,0.3,1008
1/18/2037,24.5,81,415.1,Karachi,12,0.2,1009
1/19/2037,27.2,90,415,Karachi,6,0,1007
1/20/2037,31.1,68,414,Karachi,16,0,1010
1/21/2037,30.4,76,413.4,Karachi,15,0.2,1006
1/22/2037,28,78,418.6,Karachi,13,0.1,1010
1/23/2037,25.1,84,415.2,Karachi,16,0.1,1009
1/24/2037,29.9,84,415,Karachi,11,0.1,1010
1/25/2037,28.1,76,412.6,Karachi,11,0.1,1011
1/26/2037,21,85,417,Karachi,6,0.3,1009
1/27/2037,30.3,78,412,Karachi,12,0.2,1008
1/28/2037,27.9,86,416.4,Karachi,13,0.3,1008
1/29/2037,31.6,75,416.4,Karachi,14,0.2,1013
1/30/2037,24.7,79,413.8,Karachi,15,0,1014
1/31/2037,18.5,78,416,Karachi,16,0,1008
2/1/2037,28.8,85,415.6,Karachi,9,0.2,1010
2/2/2037,28.9,77,414.9,Karachi,19,0,1005
2/3/2037,22.9,80,415,Karachi,7,0.2,1009
2/4/2037,25.1,83,415.2,Karachi,18,0.2,1006
2/5/2037,36.3,83,415.4,Karachi,7,0.1,1009
2/6/2037,27.1,84,415.2,Karachi,17,0,1013
2/7/2037,30.2,81,411.7,Karachi,17,0,1005
2/8/2037,26,78,414.5,Karachi,10,0,1007
2/9/2037,21.7,78,415.8,Karachi,18,0.1,1007
2/10/2037,27.5,80,415.3,Karachi,5,0,1005
2/11/2037,27.2,81,417.9,Karachi,14,0.3,1013
2/12/2037,26.8,79,416.9,Karachi,15,0,1011
2/13/2037,27.7,80,412.4,Karachi,13,0.2,1015
2/14/2037,28.8,72,414.5,Karachi,10,0,1007
2/15/2037,27.5,83,414.1,Karachi,13,0.1,1005
2/16/2037,24.2,81,415,Karachi,7,0,1013
2/17/2037,29.5,85,415,Karachi,14,0,1009
2/18/2037,22.2,80,416.8,Karachi,17,0.1,1009
2/19/2037,21.8,71,415.5,Karachi,7,0.3,1014
2/20/2037,30.2,78,418.7,Karachi,14,0,1011
2/21/2037,29.5,79,415.7,Karachi,17,0,1013
2/22/2037,27.8,84,412.5,Karachi,11,0.1,1008
2/23/2037,23.8,70,413.6,Karachi,19,0.2,1008
2/24/2037,25.9,80,416.8,Karachi,11,0,1009
2/25/2037,27.2,83,410.2,Karachi,8,0,1012
2/26/2037,23.2,77,411,Karachi,15,0,1010
2/27/2037,25.8,80,415,Karachi,19,0,1011
2/28/2037,30,77,417.9,Karachi,18,0,1002
3/1/2037,32.3,76,418.9,Karachi,12,0,1004
3/2/2037,26.7,78,414.3,Karachi,15,0.1,1004
3/3/2037,30.3,76,418.2,Karachi,18,0.1,1009
3/4/2037,22.3,83,415.2,Karachi,6,0,1006
3/5/2037,30,76,410.4,Karachi,5,0.1,1015
3/6/2037,25.6,75,415,Karachi,5,0,1010
3/7/2037,28.9,89,413.1,Karachi,6,0,1011
3/8/2037,27.3,85,417.8,Karachi,15,0,1007
3/9/2037,32,71,414.9,Karachi,15,0,1007
3/10/2037,25.4,76,411.2,Karachi,10,0.2,1015
3/11/2037,29.9,81,410.5,Karachi,12,0,1015
3/12/2037,27.2,82,414.9,Karachi,7,0.1,1011
3/13/2037,27.5,73,407.7,Karachi,16,0.1,1004
3/14/2037,27.4,86,413.4,Karachi,10,0.1,1009
3/15/2037,25.5,84,415.7,Karachi,12,0.1,1011
3/16/2037,28,82,411.8,Karachi,13,0,1009
3/17/2037,27.8,87,418,Karachi,12,0,1004
3/18/2037,28.7,82,418.6,Karachi,11,0,1016
3/19/2037,28.3,82,411.9,Karachi,8,0.1,1007
3/20/2037,30.4,88,414.1,Karachi,7,0.1,1006
3/21/2037,30.8,86,418,Karachi,11,0.1,1010
3/22/2037,24.8,76,415,Karachi,5,0,1014
3/23/2037,30.6,83,410.8,Karachi,11,0.3,1012
3/24/2037,24.4,77,414.6,Karachi,10,0,1006
3/25/2037,29.8,83,412.4,Karachi,7,0,1006
3/26/2037,29.9,82,418.3,Karachi,18,0.2,1003
3/27/2037,22.3,73,416.8,Karachi,7,0,1009
3/28/2037,28.3,79,414.1,Karachi,6,0.5,1009
3/29/2037,26.6,81,415.4,Karachi,5,0,1012
3/30/2037,25.7,78,411.1,Karachi,15,0,1008
3/31/2037,32.1,82,412.7,Karachi,9,0,1013
4/1/2037,26,84,419.7,Karachi,17,0.1,1012
4/2/2037,25.6,80,415.2,Karachi,11,0.1,1008
4/3/2037,28.2,81,417.8,Karachi,11,0,1011
4/4/2037,30.1,87,415.7,Karachi,10,0,1014
4/5/2037,27.6,82,418.9,Karachi,15,0,1007
4/6/2037,31.5,81,409,Karachi,19,0,1009
4/7/2037,29.6,75,414.4,Karachi,14,0.3,1009
4/8/2037,21.5,83,419.9,Karachi,10,0,1009
4/9/2037,26.4,82,417.9,Karachi,15,0.1,1012
4/10/2037,26.3,86,419,Karachi,11,0,1013
4/11/2037,29.4,80,415,Karachi,19,0,1011
4/12/2037,20.1,71,413.4,Karachi,12,0.1,1011
4/13/2037,35.6,71,411.9,Karachi,9,0.2,1008
4/14/2037,29.6,84,411.7,Karachi,5,0.2,1011
4/15/2037,28.4,77,417.4,Karachi,11,0.1,1006
4/16/2037,31.5,82,416.5,Karachi,6,0,1017
4/17/2037,35,81,414.8,Karachi,15,0,1014
4/18/2037,30.6,79,416.5,Karachi,19,0.1,1013
4/19/2037,30.8,80,415.4,Karachi,9,0,1011
4/20/2037,28.4,76,417.9,Karachi,11,0.2,1011
4/21/2037,27.6,80,417.9,Karachi,11,0.1,1005
4/22/2037,26.6,77,411.8,Karachi,13,0.2,1006
4/23/2037,25.5,78,415.8,Karachi,9,0.1,1007
4/24/2037,25.9,78,410,Karachi,10,0.1,1010
4/25/2037,23.9,79,415.4,Karachi,14,0,1009
4/26/2037,27.8,85,416.8,Karachi,18,0.1,1012
4/27/2037,22.9,79,411.1,Karachi,16,0,1007
4/28/2037,28.6,85,413.8,Karachi,15,0.1,1013
4/29/2037,27.9,88,415,Karachi,10,0.1,1008
4/30/2037,28.4,84,415.7,Karachi,5,0.1,1009
5/1/2037,26.4,83,414.2,Karachi,14,0.1,1013
5/2/2037,37.2,82,411.5,Karachi,11,0.1,1012
5/3/2037,32.1,84,414.8,Karachi,19,0,1006
5/4/2037,24.3,80,410,Karachi,14,0.2,1013
5/5/2037,28.7,85,414.3,Karachi,19,0,1010
5/6/2037,26.2,83,413.7,Karachi,11,0.2,1004
5/7/2037,25,78,414.6,Karachi,8,0.1,1007
5/8/2037,24,84,413.3,Karachi,8,0.2,1009
5/9/2037,29.3,80,410.5,Karachi,15,0.1,1006
5/10/2037,26,79,413.9,Karachi,10,0.1,1014
5/11/2037,30.9,78,417.8,Karachi,7,0,1009
5/12/2037,31,81,418.8,Karachi,18,0.1,1011
5/13/2037,32.1,85,422.3,Karachi,18,0,1011
5/14/2037,25.4,84,420.1,Karachi,19,0.1,1012
5/15/2037,29.4,82,411.4,Karachi,14,0,1015
5/16/2037,29.9,83,413.8,Karachi,10,0.1,1012
5/17/2037,26.6,86,414.9,Karachi,15,0,1015
5/18/2037,25.7,79,414.7,Karachi,15,0,1012
5/19/2037,32.8,74,415.2,Karachi,8,0.2,1010
5/20/2037,28.7,87,422.2,Karachi,14,0.2,1011
5/21/2037,29.9,77,411.8,Karachi,12,0.1,1002
5/22/2037,25.5,77,412.9,Karachi,9,0.3,1009
5/23/2037,24.3,71,419.9,Karachi,17,0,1010
5/24/2037,26.3,83,413.2,Karachi,12,0,1011
5/25/2037,27.6,72,416.2,Karachi,13,0,1010
5/26/2037,24.8,76,418.1,Karachi,8,0,1011
5/27/2037,28,83,416.5,Karachi,5,0,1006
5/28/2037,22.9,84,415.6,Karachi,14,0.1,1005
5/29/2037,24.6,77,417.8,Karachi,11,0,1006
5/30/2037,30,79,412.3,Karachi,17,0,1015
5/31/2037,29.8,76,413.5,Karachi,11,0.1,1006
6/1/2037,26.8,77,416.6,Karachi,9,0,1008
6/2/2037,24.9,81,408.8,Karachi,9,0,1010
6/3/2037,24.9,77,419.2,Karachi,5,0,1005
6/4/2037,26.9,79,415.9,Karachi,19,0.3,1007
6/5/2037,29.9,73,415.5,Karachi,7,0,1012
6/6/2037,30.8,86,410.1,Karachi,5,0.2,1009
6/7/2037,26.5,83,411.1,Karachi,11,0.1,1015
6/8/2037,24.5,84,413.8,Karachi,9,0,1005
6/9/2037,28.8,86,417.4,Karachi,16,0,1009
6/10/2037,25.5,76,408.8,Karachi,8,0.1,1009
6/11/2037,26.4,78,417.4,Karachi,18,0.3,1010
6/12/2037,32,71,413.9,Karachi,11,0,1006
6/13/2037,30.5,96,414.3,Karachi,13,0,1008
6/14/2037,28.5,79,415.8,Karachi,10,0,1012
6/15/2037,24.2,85,415.8,Karachi,18,0.1,1009
6/16/2037,28.6,74,412.9,Karachi,13,0.2,1007
6/17/2037,31.2,85,416.9,Karachi,10,0.1,1016
6/18/2037,26.9,89,408,Karachi,14,0,1010
6/19/2037,32.1,80,413.6,Karachi,13,0.3,1012
6/20/2037,31.9,75,415.5,Karachi,10,0,1012
6/21/2037,33,79,414,Karachi,18,0.1,1010
6/22/2037,28.9,69,409.5,Karachi,13,0.1,1008
6/23/2037,29.8,80,417.3,Karachi,17,0,1011
6/24/2037,32.2,84,411.3,Karachi,18,0,1008
6/25/2037,29.3,80,414.8,Karachi,7,0,1011
6/26/2037,26.5,79,415.5,Karachi,9,0.3,1010
6/27/2037,26.7,83,415.1,Karachi,15,0.2,1013
6/28/2037,28.7,83,418.5,Karachi,9,0,1007
6/29/2037,24.1,72,414.8,Karachi,19,0.1,1012
6/30/2037,27.6,80,416.3,Karachi,17,0.1,1012
7/1/2037,31.3,92,414.8,Karachi,14,0,1009
7/2/2037,21.4,73,416.8,Karachi,18,0.1,1012
7/3/2037,32.6,80,419.2,Karachi,12,0.1,1011
7/4/2037,31.4,90,415.4,Karachi,19,0,1012
7/5/2037,26.6,86,417.3,Karachi,15,0.2,1012
7/6/2037,29.6,77,419.4,Karachi,17,0.1,1010
7/7/2037,28,81,419.1,Karachi,17,0,1008
7/8/2037,31.7,80,413.8,Karachi,15,0.2,1008
7/9/2037,30.9,76,418.1,Karachi,11,0,1009
7/10/2037,23.8,80,415.7,Karachi,6,0.2,1013
7/11/2037,29.8,79,418.4,Karachi,15,0,1012
7/12/2037,27.4,81,416.7,Karachi,6,0.1,1013
7/13/2037,28.2,76,415.8,Karachi,11,0.2,1013
7/14/2037,25.8,74,416.3,Karachi,14,0,1009
7/15/2037,33.2,80,415.8,Karachi,16,0,1016
7/16/2037,31.1,89,415.9,Karachi,14,0.1,1010
7/17/2037,25.8,80,414.5,Karachi,8,0.1,1009
7/18/2037,24,78,414.2,Karachi,10,0,1011
7/19/2037,26.8,84,420.3,Karachi,13,0.5,1011
7/20/2037,29.3,79,416.4,Karachi,14,0.1,1008
7/21/2037,28.7,89,413.3,Karachi,15,0,1010
7/22/2037,31.8,80,414.2,Karachi,8,0.1,1009
7/23/2037,30.4,84,418.2,Karachi,19,0.1,1010
7/24/2037,30.9,76,412.8,Karachi,11,0.2,1012
7/25/2037,29,83,410.6,Karachi,13,0,1009
7/26/2037,23.8,81,410.8,Karachi,18,0,1012
7/27/2037,27.4,80,409.8,Karachi,5,0,1006
7/28/2037,31.2,77,411.1,Karachi,14,0.4,1013
7/29/2037,27.8,77,411.5,Karachi,15,0,1009
7/30/2037,29.5,81,419.2,Karachi,6,0,1009
7/31/2037,27,83,414.9,Karachi,17,0.1,1011
8/1/2037,24.9,79,413.9,Karachi,13,0,1011
8/2/2037,27.6,81,410.7,Karachi,17,0,1010
8/3/2037,28.9,80,414.6,Karachi,9,0.1,1007
8/4/2037,26,80,409.8,Karachi,8,0,1009
8/5/2037,27.3,79,413.9,Karachi,11,0.1,1010
8/6/2037,25.2,80,421.2,Karachi,9,0,1011
8/7/2037,31.4,93,417,Karachi,5,0.1,1008
8/8/2037,27.1,82,414.4,Karachi,13,0,1008
8/9/2037,32.4,83,417.1,Karachi,12,0.1,1011
8/10/2037,32.6,82,413.4,Karachi,7,0,1010
8/11/2037,27.8,79,412.6,Karachi,14,0,1010
8/12/2037,25,86,420.1,Karachi,7,0,1002
8/13/2037,21.7,79,411.6,Karachi,7,0.1,1009
8/14/2037,23.6,85,413.9,Karachi,11,0.1,1013
8/15/2037,23.9,78,415.9,Karachi,6,0.1,1008
8/16/2037,32.1,75,412.2,Karachi,13,0.1,1011
8/17/2037,28.3,82,417,Karachi,8,0.1,1006
8/18/2037,29.2,74,414.1,Karachi,11,0,1005
8/19/2037,21.3,83,417,Karachi,12,0.1,1011
8/20/2037,24.4,74,416.8,Karachi,9,0.3,1010
8/21/2037,30.7,78,414.3,Karachi,12,0,1009
8/22/2037,28.9,73,420.1,Karachi,8,0,1013
8/23/2037,27.6,94,413,Karachi,17,0,1009
8/24/2037,29.7,72,419,Karachi,14,0.1,1008
8/25/2037,32.9,80,418.5,Karachi,6,0,1008
8/26/2037,27.3,86,420.3,Karachi,7,0.2,1007
8/27/2037,28.2,85,415.5,Karachi,18,0.1,1011
8/28/2037,28.6,84,412.6,Karachi,10,0,1009
8/29/2037,35.2,78,421.2,Karachi,14,0.3,1013
8/30/2037,21.7,87,414,Karachi,17,0,1001
8/31/2037,30,85,412.6,Karachi,10,0,1013
9/1/2037,27.7,81,414.4,Karachi,16,0,1011
9/2/2037,29.7,81,412.1,Karachi,19,0,1010
9/3/2037,26,78,416.6,Karachi,16,0.1,1006
9/4/2037,27.9,75,413.2,Karachi,16,0,1005
9/5/2037,30.1,86,414.1,Karachi,18,0.1,1012
9/6/2037,37.3,87,417.9,Karachi,11,0.1,1011
9/7/2037,30.4,76,416.9,Karachi,16,0,1011
9/8/2037,25.5,79,415,Karachi,15,0.1,1010
9/9/2037,26.7,79,415.5,Karachi,18,0.1,1013
9/10/2037,26.6,80,415,Karachi,8,0.2,1008
9/11/2037,22.6,80,413.7,Karachi,17,0,1009
9/12/2037,27,85,415,Karachi,12,0,1009
9/13/2037,30.2,76,416.5,Karachi,12,0.2,1009
9/14/2037,24.2,76,414.6,Karachi,15,0,1014
9/15/2037,31.1,86,416.3,Karachi,11,0,1006
9/16/2037,29.5,78,412.5,Karachi,7,0.1,1004
9/17/2037,25.8,74,413.2,Karachi,18,0,1006
9/18/2037,27.6,78,412.8,Karachi,7,0.1,1012
9/19/2037,32.8,78,413.3,Karachi,6,0.2,1010
9/20/2037,30.2,88,418.9,Karachi,15,0.1,1005
9/21/2037,28,85,417.2,Karachi,17,0.1,1010
9/22/2037,27.3,86,411.8,Karachi,11,0,1009
9/23/2037,28.2,84,416.3,Karachi,18,0.2,1012
9/24/2037,26.5,85,413.8,Karachi,10,0.1,1012
9/25/2037,21.7,77,413,Karachi,16,0,1018
9/26/2037,34.1,79,410.5,Karachi,11,0,1006
9/27/2037,28.5,75,417.9,Karachi,6,0.2,1004
9/28/2037,29.2,79,410.9,Karachi,8,0,1012
9/29/2037,27.8,83,414.8,Karachi,5,0.1,1013
9/30/2037,25.8,81,412.2,Karachi,6,0,1006
10/1/2037,27.4,87,417.3,Karachi,11,0,1006
10/2/2037,23.2,74,414,Karachi,9,0,1011
10/3/2037,34.8,83,414.6,Karachi,14,0.2,1015
10/4/2037,24.3,74,414.7,Karachi,7,0.1,1007
10/5/2037,24.9,80,415.9,Karachi,6,0.1,1010
10/6/2037,26.7,84,415,Karachi,7,0,1004
10/7/2037,31.9,79,414.9,Karachi,8,0,1009
10/8/2037,28,83,413.4,Karachi,14,0,1010
10/9/2037,24.3,75,410.3,Karachi,14,0,1014
10/10/2037,31.8,72,411.6,Karachi,9,0.1,1008
10/11/2037,30.2,83,417.2,Karachi,12,0.1,1012
10/12/2037,29.6,89,414.1,Karachi,13,0,1008
10/13/2037,30.1,75,413,Karachi,6,0.5,1010
10/14/2037,35.2,86,410.8,Karachi,16,0.1,1016
10/15/2037,34.6,80,409.8,Karachi,7,0.2,1015
10/16/2037,25.9,73,412.9,Karachi,8,0,1016
10/17/2037,32.9,74,417.7,Karachi,11,0,1011
10/18/2037,29.1,80,413.3,Karachi,18,0.1,1009
10/19/2037,29.5,78,416.2,Karachi,10,0,1011
10/20/2037,22.9,73,413.2,Karachi,17,0,1011
10/21/2037,27.5,72,416.9,Karachi,10,0,1011
10/22/2037,25.6,76,413.9,Karachi,14,0,1008
10/23/2037,30.5,81,411.3,Karachi,11,0.1,1008
10/24/2037,31.2,80,414.2,Karachi,5,0.1,1008
10/25/2037,21.8,77,420.5,Karachi,12,0,1013
10/26/2037,27.9,81,420.4,Karachi,13,0,1014
10/27/2037,31.4,85,416.5,Karachi,6,0.2,1020
10/28/2037,27.4,82,414.6,Karachi,5,0,1011
10/29/2037,30.2,79,415.9,Karachi,8,0.1,1008
10/30/2037,29.1,85,416,Karachi,15,0.3,1009
10/31/2037,29,75,414.9,Karachi,6,0,1010
11/1/2037,27.2,79,416.3,Karachi,10,0,1015
11/2/2037,24.4,79,415.6,Karachi,7,0.4,1012
11/3/2037,24.6,74,414.1,Karachi,13,0,1006
11/4/2037,30.1,78,411.4,Karachi,12,0,1010
11/5/2037,28.1,70,413.6,Karachi,17,0.1,1006
11/6/2037,27.6,90,417.4,Karachi,11,0,1012
11/7/2037,26.7,75,414.9,Karachi,15,0.5,1008
11/8/2037,27.1,88,415.9,Karachi,11,0,1008
11/9/2037,31.1,80,414.2,Karachi,11,0.1,1004
11/10/2037,27,83,411.8,Karachi,9,0.1,1012
11/11/2037,24,78,414.3,Karachi,12,0.1,1014
11/12/2037,30.2,81,411.9,Karachi,8,0.1,1008
11/13/2037,27.4,83,411.7,Karachi,9,0.4,1010
11/14/2037,28.1,83,418.6,Karachi,7,0.2,1009
11/15/2037,32.8,84,413.7,Karachi,7,0,1009
11/16/2037,27.9,78,412.8,Karachi,6,0.1,1008
11/17/2037,28.9,78,419.9,Karachi,18,0,1007
11/18/2037,24.5,72,417.4,Karachi,9,0.1,1014
11/19/2037,27.3,83,413.9,Karachi,16,0,1002
11/20/2037,29.8,85,416.3,Karachi,6,0.1,1012
11/21/2037,23.3,88,414.3,Karachi,14,0,1011
11/22/2037,28.6,82,412.9,Karachi,8,0.1,1015
11/23/2037,28.3,76,416.4,Karachi,14,0,1009
11/24/2037,28.1,72,414,Karachi,16,0.3,1009
11/25/2037,31.1,85,415.2,Karachi,5,0.1,1008
11/26/2037,29,71,418.1,Karachi,6,0.2,1011
11/27/2037,32.4,78,417.7,Karachi,15,0.1,1008
11/28/2037,25,79,413.3,Karachi,5,0.4,1007
11/29/2037,28.4,80,416.5,Karachi,6,0.1,1008
11/30/2037,28.3,80,411.6,Karachi,8,0.1,1007
12/1/2037,24.8,81,416.4,Karachi,5,0,1007
12/2/2037,30.9,68,415.4,Karachi,10,0.1,1010
12/3/2037,35,80,416.1,Karachi,5,0,1009
12/4/2037,27.9,69,414.1,Karachi,7,0,1012
12/5/2037,29.5,84,421.3,Karachi,6,0.1,1010
12/6/2037,28.3,77,412.3,Karachi,6,0,1006
12/7/2037,25.9,69,417.9,Karachi,8,0.1,1004
12/8/2037,22.5,76,411.9,Karachi,13,0,1007
12/9/2037,25.9,77,416.5,Karachi,7,0,1012
12/10/2037,23.8,86,416.7,Karachi,16,0,1012
12/11/2037,33.1,81,415.2,Karachi,10,0,1013
12/12/2037,27.7,82,413.5,Karachi,16,0,1013
12/13/2037,27,86,415.4,Karachi,15,0.1,1013
12/14/2037,30.7,80,415.8,Karachi,14,0,1011
12/15/2037,24.6,84,420.4,Karachi,7,0.3,1015
12/16/2037,25.7,83,412.4,Karachi,14,0.3,1011
12/17/2037,28.2,74,413.3,Karachi,9,0,1016
12/18/2037,31.1,87,415.9,Karachi,13,0,1008
12/19/2037,29.5,73,414.2,Karachi,7,0,1008
12/20/2037,28.7,85,414.7,Karachi,12,0.2,1009
12/21/2037,28.2,72,418.2,Karachi,10,0.1,1010
12/22/2037,29.2,83,406.5,Karachi,18,0.1,1009
12/23/2037,28.6,89,413.2,Karachi,19,0.2,1012
12/24/2037,24.9,79,409.8,Karachi,16,0.2,1010
12/25/2037,28.1,79,411.4,Karachi,12,0.2,1008
12/26/2037,24.8,83,422.2,Karachi,6,0.1,1009
12/27/2037,28.2,78,416.8,Karachi,13,0.2,1014
12/28/2037,26.6,89,417.9,Karachi,18,0.2,1011
12/29/2037,35.6,81,414.8,Karachi,5,0,1005
12/30/2037,27.9,78,417.3,Karachi,7,0.4,1015
12/31/2037,23.8,77,409.7,Karachi,8,0.1,1011
1/1/2038,27.6,75,418.1,Karachi,10,0,1012
1/2/2038,29.6,77,412.5,Karachi,15,0.1,1013
1/3/2038,33,78,413.4,Karachi,8,0.1,1013
1/4/2038,26.2,78,416.5,Karachi,17,0,1007
1/5/2038,23.3,77,415.9,Karachi,15,0.2,1007
1/6/2038,30.5,90,415.3,Karachi,19,0,1017
1/7/2038,23.9,75,410.9,Karachi,6,0.2,1008
1/8/2038,26.7,81,415.3,Karachi,7,0,1011
1/9/2038,27.2,83,417.9,Karachi,7,0,1015
1/10/2038,27.8,83,413.4,Karachi,10,0.2,1009
1/11/2038,30.1,80,418.9,Karachi,19,0,1009
1/12/2038,25.9,79,412.4,Karachi,9,0.2,1013
1/13/2038,27.2,82,415,Karachi,18,0,1011
1/14/2038,28,81,419.6,Karachi,9,0.3,1011
1/15/2038,28.4,79,413,Karachi,18,0,1010
1/16/2038,28.3,72,418.2,Karachi,15,0,1008
1/17/2038,29.3,78,420.9,Karachi,8,0.3,1009
1/18/2038,30.5,74,415.5,Karachi,17,0,1014
1/19/2038,29.2,77,413.4,Karachi,17,0.3,1009
1/20/2038,29.4,80,412.7,Karachi,8,0.2,1011
1/21/2038,23.3,82,418.9,Karachi,13,0,1007
1/22/2038,28.2,89,418.8,Karachi,11,0.1,1016
1/23/2038,29.4,77,419.3,Karachi,17,0,1011
1/24/2038,30.2,84,414.9,Karachi,17,0,1011
1/25/2038,25.9,82,418.1,Karachi,16,0,1013
1/26/2038,26,86,414.9,Karachi,12,0.1,1009
1/27/2038,26.3,83,412.4,Karachi,8,0.4,1014
1/28/2038,29.6,75,418.4,Karachi,15,0,1005
1/29/2038,31.1,71,419.9,Karachi,19,0,1008
1/30/2038,26.8,82,411.9,Karachi,7,0.1,1008
1/31/2038,30.7,77,411.9,Karachi,5,0,1004
2/1/2038,28.4,75,415.1,Karachi,13,0.1,1008
2/2/2038,27.6,74,417.9,Karachi,13,0.1,1010
2/3/2038,27.4,81,411.6,Karachi,6,0.3,1007
2/4/2038,30.2,88,415.7,Karachi,8,0.1,1006
2/5/2038,29,78,413.2,Karachi,17,0,1010
2/6/2038,34.8,83,417.1,Karachi,8,0.1,1010
2/7/2038,25.4,79,412.6,Karachi,16,0.2,1009
2/8/2038,29.6,74,417.3,Karachi,5,0.2,1006
2/9/2038,26.4,84,414.5,Karachi,16,0,1009
2/10/2038,25.4,75,412.2,Karachi,6,0.1,1008
2/11/2038,28,80,415.2,Karachi,18,0.1,1010
2/12/2038,28.4,78,409.2,Karachi,17,0,1008
2/13/2038,36.8,84,413.3,Karachi,12,0,1010
2/14/2038,27.4,75,416,Karachi,10,0.1,1006
2/15/2038,24.6,82,409.7,Karachi,5,0,1006
2/16/2038,28.8,76,407.3,Karachi,11,0,1012
2/17/2038,21.8,77,408,Karachi,15,0,1012
2/18/2038,27.7,62,419,Karachi,19,0,1009
2/19/2038,28,90,414.8,Karachi,11,0,1010
2/20/2038,30.4,83,413.4,Karachi,10,0.1,1009
2/21/2038,30.9,76,417.8,Karachi,17,0.3,1013
2/22/2038,26.5,74,413.8,Karachi,18,0.1,1009
2/23/2038,27.5,78,415.8,Karachi,15,0,1009
2/24/2038,25.7,84,415.1,Karachi,12,0.2,1013
2/25/2038,24.6,71,413.6,Karachi,15,0,1008
2/26/2038,28.9,79,415.9,Karachi,16,0,1010
2/27/2038,24.2,89,417.3,Karachi,9,0,1007
2/28/2038,26.8,74,414.4,Karachi,6,0.1,1012
3/1/2038,25,80,413.6,Karachi,8,0.2,1012
3/2/2038,29.6,91,414,Karachi,15,0.3,1006
3/3/2038,33.4,83,408.1,Karachi,18,0.1,1006
3/4/2038,24.1,81,415.8,Karachi,12,0.1,1011
3/5/2038,22.4,83,411.4,Karachi,17,0,1016
3/6/2038,27.6,78,416.9,Karachi,12,0.1,1013
3/7/2038,28,86,414.7,Karachi,16,0.3,1009
3/8/2038,28.7,78,415.3,Karachi,9,0,1007
3/9/2038,26.7,70,417.1,Karachi,10,0,1006
3/10/2038,27.4,78,412.2,Karachi,13,0,1012
3/11/2038,29.1,75,416.1,Karachi,14,0.1,1013
3/12/2038,31.1,79,415.8,Karachi,14,0.1,1008
3/13/2038,22.1,79,414.4,Karachi,14,0.1,1009
3/14/2038,26.9,86,412.2,Karachi,15,0.1,1010
3/15/2038,28.6,83,416.8,Karachi,15,0.1,1015
3/16/2038,25.2,81,417.1,Karachi,6,0.1,1010
3/17/2038,33.2,80,415.3,Karachi,9,0.2,1007
3/18/2038,26.1,75,411.8,Karachi,13,0.2,1007
3/19/2038,27.9,69,413.4,Karachi,7,0,1007
3/20/2038,29.7,81,414.8,Karachi,10,0.1,1014
3/21/2038,26.2,84,417.1,Karachi,8,0.1,1012
3/22/2038,22.5,79,410.2,Karachi,8,0,1009
3/23/2038,26.7,77,413.3,Karachi,7,0.2,1001
3/24/2038,31.1,82,413.8,Karachi,14,0,1007
3/25/2038,27,80,414.8,Karachi,17,0.2,1011
3/26/2038,25.5,88,411.1,Karachi,5,0,1011
3/27/2038,30.8,86,414.3,Karachi,16,0.1,1011
3/28/2038,27,85,414.1,Karachi,15,0,1006
3/29/2038,26.5,84,411.9,Karachi,12,0,1011
3/30/2038,28.4,74,414.6,Karachi,9,0,1007
3/31/2038,30.3,83,413.4,Karachi,6,0,1010
4/1/2038,35.1,82,416.5,Karachi,5,0.4,1008
4/2/2038,30.5,83,412.3,Karachi,5,0,1013
4/3/2038,31.5,82,415.3,Karachi,8,0.1,1011
4/4/2038,26.5,82,412.6,Karachi,19,0.1,1010
4/5/2038,24.9,94,413.2,Karachi,8,0,1014
4/6/2038,28.2,80,415.9,Karachi,10,0,1009
4/7/2038,28.3,85,415.7,Karachi,15,0,1006
4/8/2038,24.8,78,413.7,Karachi,11,0.1,1013
4/9/2038,27.5,84,414.2,Karachi,5,0.2,1011
4/10/2038,29.2,85,410.6,Karachi,14,0.2,1009
4/11/2038,29.1,82,419.2,Karachi,6,0.4,1008
4/12/2038,29.5,88,417.1,Karachi,19,0.1,1012
4/13/2038,28.9,76,417,Karachi,7,0.3,1012
4/14/2038,26.5,78,410.2,Karachi,13,0,1008
4/15/2038,26.5,81,413.2,Karachi,8,0.1,1012
4/16/2038,24.4,84,414,Karachi,10,0.1,1011
4/17/2038,33.4,81,409.2,Karachi,6,0,1008
4/18/2038,28,86,417.7,Karachi,17,0.2,1010
4/19/2038,27.3,77,419.4,Karachi,15,0,1008
4/20/2038,25.2,74,421.2,Karachi,6,0.1,1014
4/21/2038,36.8,82,411.9,Karachi,17,0.1,1008
4/22/2038,24.8,80,415.4,Karachi,19,0,1015
4/23/2038,26.7,83,419,Karachi,17,0,1010
4/24/2038,29.2,80,414.2,Karachi,6,0,1005
4/25/2038,29.8,78,413.3,Karachi,15,0.3,1003
4/26/2038,30.9,80,409.4,Karachi,9,0.1,1009
4/27/2038,33.4,80,418.4,Karachi,17,0.1,1014
4/28/2038,29.5,78,414.9,Karachi,13,0,1014
4/29/2038,24.8,79,412.8,Karachi,18,0,1010
4/30/2038,27.2,78,415.9,Karachi,10,0,1008
5/1/2038,28.9,84,415.5,Karachi,18,0.1,1009
5/2/2038,34.2,81,415.5,Karachi,13,0,1011
5/3/2038,23.8,91,414.3,Karachi,10,0.1,1013
5/4/2038,31.6,81,419.9,Karachi,13,0.1,1012
5/5/2038,28.5,77,414.6,Karachi,17,0,1013
5/6/2038,30.5,93,419.9,Karachi,9,0.1,1012
5/7/2038,27.7,82,416.7,Karachi,15,0.1,1013
5/8/2038,25.5,85,416.1,Karachi,16,0,1003
5/9/2038,30.3,83,414.7,Karachi,5,0.1,1007
5/10/2038,30,83,417.9,Karachi,10,0.1,1007
5/11/2038,30.9,83,415.3,Karachi,8,0,1006
5/12/2038,28,74,412.2,Karachi,13,0,1010
5/13/2038,26.2,82,412.1,Karachi,10,0,1006
5/14/2038,23.3,73,416.3,Karachi,19,0.3,1007
5/15/2038,30.5,79,412.3,Karachi,19,0,1010
5/16/2038,29.3,76,414.8,Karachi,5,0,1005
5/17/2038,25.1,82,418.2,Karachi,10,0,1009
5/18/2038,26.4,82,415.9,Karachi,7,0,1012
5/19/2038,26.6,82,412.8,Karachi,7,0,1006
5/20/2038,23.6,81,419.2,Karachi,11,0.1,1012
5/21/2038,25.5,77,416.6,Karachi,6,0,1008
5/22/2038,24.6,79,418.1,Karachi,13,0.2,1011
5/23/2038,26.8,85,408.2,Karachi,13,0.2,1007
5/24/2038,25.8,85,416,Karachi,11,0.1,1011
5/25/2038,23.1,74,417.5,Karachi,13,0.2,1009
5/26/2038,34.1,72,420.1,Karachi,15,0.1,1011
5/27/2038,31.8,76,410.6,Karachi,10,0.1,1008
5/28/2038,25.7,85,418.6,Karachi,13,0,1012
5/29/2038,28.8,86,419.9,Karachi,14,0,1013
5/30/2038,29.3,75,408.9,Karachi,17,0,1010
5/31/2038,31.6,82,416.4,Karachi,6,0,1009
6/1/2038,25.5,89,416.9,Karachi,18,0.1,1009
6/2/2038,31.3,82,414,Karachi,9,0,1006
6/3/2038,26.4,87,413.5,Karachi,15,0,1011
6/4/2038,24,85,417,Karachi,19,0.3,1012
6/5/2038,30.2,75,413.2,Karachi,10,0.1,1015
6/6/2038,31.9,79,414.3,Karachi,16,0.1,1014
6/7/2038,35.8,80,417.4,Karachi,10,0,1007
6/8/2038,24.4,81,420.3,Karachi,15,0.2,1011
6/9/2038,30.1,85,416.6,Karachi,8,0,1010
6/10/2038,26.8,82,415.4,Karachi,17,0.1,1014
6/11/2038,30.4,65,413.5,Karachi,8,0.1,1008
6/12/2038,23.6,73,412,Karachi,9,0.1,1013
6/13/2038,24.2,69,418.3,Karachi,10,0.2,1007
6/14/2038,25.7,81,414.5,Karachi,16,0,1010
6/15/2038,28.2,81,418.5,Karachi,17,0.2,1007
6/16/2038,26.1,81,414,Karachi,18,0.1,1004
6/17/2038,30,75,413.1,Karachi,12,0.1,1007
6/18/2038,31.1,83,416.3,Karachi,16,0.4,1009
6/19/2038,29.8,84,414.8,Karachi,17,0.1,1014
6/20/2038,32.9,74,411.4,Karachi,14,0.2,1007
6/21/2038,29.2,73,420.5,Karachi,5,0,1008
6/22/2038,24.3,80,413.1,Karachi,12,0.2,1006
6/23/2038,32.1,89,417.8,Karachi,6,0.1,1013
6/24/2038,26.2,88,417.5,Karachi,15,0.3,1009
6/25/2038,30.7,83,411.2,Karachi,19,0.3,1009
6/26/2038,32.7,76,412,Karachi,11,0,1009
6/27/2038,29.4,84,414.1,Karachi,8,0.1,1004
6/28/2038,23.5,78,412.4,Karachi,19,0.2,1006
6/29/2038,25.2,76,420.2,Karachi,12,0.1,1007
6/30/2038,32,69,414.4,Karachi,10,0.1,1012
7/1/2038,27.5,81,417.7,Karachi,9,0,1003
7/2/2038,28.2,77,416.5,Karachi,14,0,1012
7/3/2038,30.3,80,415.8,Karachi,14,0.1,1011
7/4/2038,30.1,69,415.1,Karachi,18,0.2,1005
7/5/2038,28.8,81,418.7,Karachi,9,0.1,1009
7/6/2038,27.4,68,412.5,Karachi,8,0,1013
7/7/2038,27.1,85,420.2,Karachi,18,0.1,1007
7/8/2038,30.6,83,411.1,Karachi,7,0.3,1008
7/9/2038,29.7,79,417.3,Karachi,7,0.1,1018
7/10/2038,27.2,83,410.8,Karachi,18,0.3,1011
7/11/2038,31.2,75,414.1,Karachi,7,0,1009
7/12/2038,27.6,80,415.3,Karachi,11,0.2,1009
7/13/2038,25.4,84,413.5,Karachi,12,0.2,1011
7/14/2038,25.7,65,414.5,Karachi,17,0.3,1012
7/15/2038,25.1,78,410.8,Karachi,12,0.2,1004
7/16/2038,27.2,80,412,Karachi,6,0,1003
7/17/2038,31.7,79,416.5,Karachi,18,0.2,1007
7/18/2038,25.6,87,415.1,Karachi,7,0.1,1010
7/19/2038,28.6,74,412.9,Karachi,6,0,1010
7/20/2038,26,77,419,Karachi,10,0,1005
7/21/2038,27.2,70,411.3,Karachi,15,0,1009
7/22/2038,23.5,88,413.9,Karachi,7,0.2,1010
7/23/2038,27.3,79,413.5,Karachi,10,0.1,1007
7/24/2038,27.4,78,416.8,Karachi,8,0.1,1008
7/25/2038,29.6,80,415.1,Karachi,17,0,1008
7/26/2038,28.7,83,414.7,Karachi,16,0.1,1011
7/27/2038,24.4,82,409.5,Karachi,19,0,1010
7/28/2038,31.3,93,417.6,Karachi,14,0.1,1007
7/29/2038,28.6,82,414.3,Karachi,19,0.5,1013
7/30/2038,28.6,78,415.3,Karachi,14,0.2,1006
7/31/2038,28,77,412.8,Karachi,10,0,1005
8/1/2038,26.4,78,412.3,Karachi,17,0.1,1009
8/2/2038,28.7,72,419.5,Karachi,7,0.1,1009
8/3/2038,29.4,80,409.7,Karachi,9,0,1010
8/4/2038,22.8,84,411.8,Karachi,12,0.5,1006
8/5/2038,26.4,77,419.4,Karachi,7,0.1,1013
8/6/2038,27.2,76,416.9,Karachi,13,0.1,1015
8/7/2038,28.8,88,414,Karachi,19,0.1,1010
8/8/2038,31.6,73,418.7,Karachi,13,0,1011
8/9/2038,25.7,70,416.3,Karachi,17,0,1004
8/10/2038,26.5,74,415.7,Karachi,11,0,1009
8/11/2038,26.5,72,415.7,Karachi,12,0,1008
8/12/2038,25.6,82,416.4,Karachi,13,0,1007
8/13/2038,27,78,416.5,Karachi,5,0.3,1008
8/14/2038,30.3,79,421.6,Karachi,19,0.1,1008
8/15/2038,24.8,86,414.4,Karachi,11,0.2,1006
8/16/2038,29.3,77,414.5,Karachi,14,0.2,1009
8/17/2038,22.9,84,411.3,Karachi,7,0.1,1007
8/18/2038,26.3,88,414.8,Karachi,10,0,1012
8/19/2038,27,78,420.6,Karachi,13,0.1,1011
8/20/2038,33,84,418,Karachi,16,0,1011
8/21/2038,27.2,79,413.4,Karachi,19,0,1013
8/22/2038,21.4,85,415.1,Karachi,14,0.1,1008
8/23/2038,22,72,411.1,Karachi,15,0.1,1011
8/24/2038,28.1,72,412.1,Karachi,12,0,1013
8/25/2038,29.8,78,415.4,Karachi,6,0,1007
8/26/2038,29.1,76,413.5,Karachi,8,0,1004
8/27/2038,28.5,77,411.9,Karachi,18,0.1,1008
8/28/2038,31.5,79,416.5,Karachi,15,0.4,1013
8/29/2038,26.4,84,414.8,Karachi,9,0.1,1007
8/30/2038,30.7,78,410.3,Karachi,17,0.2,1009
8/31/2038,23.1,76,408.8,Karachi,14,0.1,1008
9/1/2038,25.3,78,413.3,Karachi,10,0,1009
9/2/2038,22.6,76,410.2,Karachi,17,0.1,1007
9/3/2038,27.2,75,409.4,Karachi,11,0,1006
9/4/2038,27.9,72,418.4,Karachi,15,0,1009
9/5/2038,28.3,80,414.7,Karachi,8,0.1,1009
9/6/2038,28.2,77,414.2,Karachi,8,0.2,1013
9/7/2038,25.2,85,414.4,Karachi,9,0.1,1010
9/8/2038,27.4,73,411.6,Karachi,13,0.3,1006
9/9/2038,23.5,77,416.2,Karachi,13,0.1,1008
9/10/2038,32.1,89,414.6,Karachi,18,0,1012
9/11/2038,27.1,75,412.7,Karachi,5,0.1,1009
9/12/2038,26.5,79,413.2,Karachi,17,0.2,1007
9/13/2038,32.8,74,411.3,Karachi,9,0.1,1010
9/14/2038,24.3,73,413.8,Karachi,9,0.1,1008
9/15/2038,24.6,88,414.3,Karachi,11,0.1,1011
9/16/2038,24.7,81,413.7,Karachi,12,0.1,1011
9/17/2038,27.8,81,415.2,Karachi,7,0,1007
9/18/2038,29.3,72,414.8,Karachi,5,0,1015
9/19/2038,30.2,82,415.7,Karachi,6,0,1010
9/20/2038,35.7,86,417.8,Karachi,10,0.1,1002
9/21/2038,21.3,86,416.8,Karachi,15,0.2,1011
9/22/2038,29.8,83,417.9,Karachi,18,0.2,1002
9/23/2038,26.3,74,412.5,Karachi,10,0,1013
9/24/2038,26.2,82,413.5,Karachi,15,0.1,1010
9/25/2038,26.1,83,417,Karachi,17,0.1,1010
9/26/2038,25.3,71,417,Karachi,9,0.1,1010
9/27/2038,33.1,74,413,Karachi,15,0.1,1012
9/28/2038,30.5,84,416.8,Karachi,9,0,1008
9/29/2038,28.1,84,412.2,Karachi,13,0.3,1010
9/30/2038,32.1,72,416.4,Karachi,15,0.3,1010
10/1/2038,23.5,84,414.9,Karachi,19,0,1001
10/2/2038,24,80,410.8,Karachi,11,0.1,1012
10/3/2038,21.5,84,413.7,Karachi,10,0,1012
10/4/2038,25.9,77,421.5,Karachi,19,0,1011
10/5/2038,28.5,83,415.6,Karachi,15,0.3,1011
10/6/2038,28.3,84,421.9,Karachi,11,0.1,1015
10/7/2038,28.4,78,410.7,Karachi,7,0,1010
10/8/2038,23.8,80,417.3,Karachi,17,0.1,1010
10/9/2038,30.4,77,407.4,Karachi,11,0.2,1008
10/10/2038,28.7,88,415,Karachi,7,0.2,1004
10/11/2038,30.2,79,416.9,Karachi,12,0,1011
10/12/2038,22.3,75,417.5,Karachi,14,0.2,1008
10/13/2038,28.9,76,412.6,Karachi,14,0.2,1004
10/14/2038,24.4,81,418.1,Karachi,13,0.1,1010
10/15/2038,26.8,84,413.4,Karachi,7,0.1,1009
10/16/2038,29.6,73,414.5,Karachi,11,0,1009
10/17/2038,28.3,89,413.7,Karachi,12,0,1010
10/18/2038,25.4,82,411.6,Karachi,7,0.1,1005
10/19/2038,28,82,419.7,Karachi,10,0.2,1013
10/20/2038,23.4,80,415.1,Karachi,17,0.2,1011
10/21/2038,31.5,80,418.3,Karachi,18,0.1,1013
10/22/2038,27.4,79,418.1,Karachi,11,0.2,1008
10/23/2038,31.4,85,412.1,Karachi,8,0.1,1011
10/24/2038,26.4,80,418.6,Karachi,10,0.1,1004
10/25/2038,26.4,84,416.5,Karachi,11,0,1007
10/26/2038,25.7,78,411.9,Karachi,16,0,1006
10/27/2038,30.6,81,416.3,Karachi,11,0,1011
10/28/2038,25.9,76,411.9,Karachi,15,0,1006
10/29/2038,29.9,86,419.8,Karachi,5,0,1008
10/30/2038,26.9,76,417.4,Karachi,6,0.1,1010
10/31/2038,22.1,78,414.8,Karachi,15,0,1009
11/1/2038,26.3,78,418.8,Karachi,15,0.1,1006
11/2/2038,24.5,78,410.3,Karachi,5,0.4,1015
11/3/2038,28.1,84,412.8,Karachi,13,0.2,1010
11/4/2038,24.4,78,414.2,Karachi,16,0.1,1015
11/5/2038,30.8,87,421.7,Karachi,11,0,1007
11/6/2038,27.7,76,411.8,Karachi,15,0.1,1009
11/7/2038,27.5,81,409.9,Karachi,11,0.1,1010
11/8/2038,30,76,410.7,Karachi,7,0.1,1014
11/9/2038,30.9,82,417.7,Karachi,9,0.1,1015
11/10/2038,27.9,80,413.2,Karachi,6,0.1,1008
11/11/2038,25.7,79,414.5,Karachi,9,0.4,1008
11/12/2038,22.7,86,417.3,Karachi,12,0,1010
11/13/2038,25.9,77,414.5,Karachi,17,0,1013
11/14/2038,26.1,83,415.6,Karachi,14,0.1,1010
11/15/2038,28.3,76,416.6,Karachi,7,0.1,1011
11/16/2038,27,81,413.7,Karachi,8,0,1013
11/17/2038,30.1,74,414.5,Karachi,12,0.2,1013
11/18/2038,26.2,77,415.7,Karachi,19,0.1,1013
11/19/2038,27.8,80,417.6,Karachi,6,0.1,1012
11/20/2038,31.6,89,412.6,Karachi,5,0.1,1014
11/21/2038,29,81,405.9,Karachi,7,0.1,1006
11/22/2038,27.8,88,417,Karachi,6,0.4,1017
11/23/2038,26.2,81,417.8,Karachi,14,0,1013
11/24/2038,26.1,78,415.6,Karachi,18,0,1010
11/25/2038,25.4,88,415.8,Karachi,19,0,1013
11/26/2038,26.4,82,413.3,Karachi,6,0.2,1009
11/27/2038,30.3,77,416.5,Karachi,8,0.1,1011
11/28/2038,27.3,82,417.6,Karachi,17,0.2,1012
11/29/2038,24,79,415.2,Karachi,17,0.4,1013
11/30/2038,33.3,70,422.5,Karachi,10,0.1,1009
12/1/2038,29,85,410.3,Karachi,14,0,1013
12/2/2038,23.8,85,415.5,Karachi,14,0,1009
12/3/2038,26.7,89,411.5,Karachi,9,0,1012
12/4/2038,28.3,82,417.6,Karachi,8,0.2,1010
12/5/2038,33.1,79,410.3,Karachi,12,0,1005
12/6/2038,24.7,84,411,Karachi,15,0.1,1008
12/7/2038,30.9,84,413.1,Karachi,9,0,1013
12/8/2038,32.2,88,415.8,Karachi,6,0,1009
12/9/2038,26.1,80,413.2,Karachi,8,0,1014
12/10/2038,27.2,79,413.2,Karachi,11,0.1,1006
12/11/2038,24.9,76,414.5,Karachi,8,0,1012
12/12/2038,27.4,83,414.3,Karachi,19,0.1,1010
12/13/2038,27.9,72,419.5,Karachi,10,0.1,1009
12/14/2038,30,84,417.1,Karachi,6,0.3,1006
12/15/2038,31.3,83,414,Karachi,13,0.2,1011
12/16/2038,25.8,83,421.3,Karachi,8,0.1,1007
12/17/2038,22.1,81,416.5,Karachi,17,0.2,1008
12/18/2038,27.9,88,412.1,Karachi,5,0,1010
12/19/2038,28.9,84,415.8,Karachi,18,0.1,1009
12/20/2038,28.7,77,416.6,Karachi,7,0.1,1013
12/21/2038,27,77,412.9,Karachi,17,0,1002
12/22/2038,28.4,76,411.8,Karachi,18,0.1,1009
12/23/2038,32.5,83,415.3,Karachi,11,0,1009
12/24/2038,29.1,75,413.9,Karachi,18,0,1010
12/25/2038,26.9,85,419.4,Karachi,18,0,1008
12/26/2038,26.5,87,417.2,Karachi,14,0.2,1013
12/27/2038,27.5,76,413.1,Karachi,13,0,1009
12/28/2038,32.9,79,416.3,Karachi,10,0,1010
12/29/2038,27.5,80,418.8,Karachi,18,0.2,1013
12/30/2038,27.9,84,410.8,Karachi,18,0,1010
12/31/2038,26.6,88,411.9,Karachi,17,0.3,1006
1/1/2039,31.3,72,415,Karachi,18,0.2,1009
1/2/2039,33.9,78,415.1,Karachi,8,0.1,1010
1/3/2039,29.4,79,414.8,Karachi,6,0.1,1005
1/4/2039,28.2,73,414.1,Karachi,13,0.5,1008
1/5/2039,28.1,78,414,Karachi,16,0.1,1010
1/6/2039,20.8,82,416.2,Karachi,18,0,1016
1/7/2039,30.2,79,418.4,Karachi,12,0.2,1011
1/8/2039,28.4,72,413.6,Karachi,11,0,1010
1/9/2039,29.3,94,422.3,Karachi,6,0,1015
1/10/2039,25.9,81,420.9,Karachi,6,0.2,1012
1/11/2039,26.8,81,419,Karachi,12,0,1012
1/12/2039,26.8,75,416.9,Karachi,13,0.1,1009
1/13/2039,31.1,81,421,Karachi,13,0.1,1006
1/14/2039,26.9,79,414.1,Karachi,12,0.1,1011
1/15/2039,34.2,71,412.5,Karachi,5,0,1015
1/16/2039,29.3,75,413.4,Karachi,9,0.1,1015
1/17/2039,24.2,84,412,Karachi,11,0,1012
1/18/2039,27.6,90,415.4,Karachi,14,0,1008
1/19/2039,26,82,415.9,Karachi,10,0,1005
1/20/2039,21.4,86,415.6,Karachi,15,0,1008
1/21/2039,32.8,79,415,Karachi,16,0.3,1011
1/22/2039,30.1,80,415.4,Karachi,5,0.1,1009
1/23/2039,29.6,85,420.2,Karachi,14,0.1,1013
1/24/2039,28.5,88,416.9,Karachi,19,0.1,1006
1/25/2039,23.9,87,417.8,Karachi,10,0.6,1010
1/26/2039,26.5,75,415.6,Karachi,8,0.1,1008
1/27/2039,30.5,80,410.2,Karachi,7,0.1,1013
1/28/2039,24.8,81,409.6,Karachi,8,0,1012
1/29/2039,20.4,79,421.2,Karachi,12,0.1,1008
1/30/2039,27.3,82,413.4,Karachi,15,0,1013
1/31/2039,27.6,84,413.1,Karachi,10,0.1,1005
2/1/2039,28.4,85,415.7,Karachi,13,0,1005
2/2/2039,30.2,88,416.7,Karachi,9,0.1,1007
2/3/2039,29.9,78,417,Karachi,15,0,1004
2/4/2039,28.8,73,420.3,Karachi,13,0.1,1010
2/5/2039,31.6,82,419.5,Karachi,8,0.1,1010
2/6/2039,23.4,89,412.6,Karachi,18,0,1009
2/7/2039,29.5,78,417.9,Karachi,19,0,1012
2/8/2039,29.9,83,413.8,Karachi,16,0,1008
2/9/2039,24.3,83,414.6,Karachi,8,0.1,1006
2/10/2039,23.5,81,411.7,Karachi,10,0.1,1008
2/11/2039,25.8,80,409.9,Karachi,18,0.1,1006
2/12/2039,26,75,414.9,Karachi,17,0.1,1008
2/13/2039,30.3,69,412.1,Karachi,14,0.1,1012
2/14/2039,26.2,74,417.8,Karachi,15,0.1,1005
2/15/2039,25.4,78,414.2,Karachi,11,0,1009
2/16/2039,26.2,85,415.9,Karachi,18,0.1,1013
2/17/2039,31.4,79,419.1,Karachi,6,0,1013
2/18/2039,28,77,410.5,Karachi,8,0.1,1008
2/19/2039,27.5,76,412.8,Karachi,19,0.1,1017
2/20/2039,27.7,83,415.5,Karachi,17,0.1,1007
2/21/2039,31.9,87,415.9,Karachi,12,0,1009
2/22/2039,25.8,85,418.3,Karachi,13,0,1006
2/23/2039,31.9,83,417.6,Karachi,9,0,1011
2/24/2039,28.6,73,415.3,Karachi,10,0.1,1018
2/25/2039,27.5,78,415.9,Karachi,14,0.1,1016
2/26/2039,35.5,90,416,Karachi,16,0,1013
2/27/2039,24.8,86,410.6,Karachi,11,0.1,1008
2/28/2039,26.9,72,414.5,Karachi,11,0,1009
3/1/2039,24.3,80,415.7,Karachi,19,0.1,1013
3/2/2039,30.9,82,416.4,Karachi,7,0.1,1012
3/3/2039,33.1,76,412.2,Karachi,17,0.1,1010
3/4/2039,33,68,411.2,Karachi,6,0.2,1010
3/5/2039,31.7,80,414.3,Karachi,14,0,1013
3/6/2039,27.4,76,420.9,Karachi,12,0,1014
3/7/2039,26.9,76,412.5,Karachi,13,0.1,1005
3/8/2039,23,78,418.5,Karachi,15,0,1011
3/9/2039,34.1,79,419.8,Karachi,12,0.4,1012
3/10/2039,29.4,80,415.1,Karachi,12,0,1008
3/11/2039,26.5,76,413,Karachi,19,0,1014
3/12/2039,32,79,416.5,Karachi,6,0.1,1009
3/13/2039,25.1,71,415.6,Karachi,15,0,1014
3/14/2039,29.2,82,412.4,Karachi,8,0,1009
3/15/2039,27.5,66,413,Karachi,10,0.3,1011
3/16/2039,29.9,79,416.4,Karachi,12,0,1011
3/17/2039,27.8,85,417.8,Karachi,17,0.1,1015
3/18/2039,23.6,75,414,Karachi,6,0,1012
3/19/2039,28.2,84,414.8,Karachi,16,0,1009
3/20/2039,31.1,86,417,Karachi,12,0,1009
3/21/2039,27.9,63,414.5,Karachi,5,0,1009
3/22/2039,30.3,79,414.1,Karachi,15,0,1010
3/23/2039,24.9,66,412.7,Karachi,10,0.4,1007
3/24/2039,27.9,79,412.7,Karachi,12,0.1,1010
3/25/2039,26.1,80,423,Karachi,12,0.2,1014
3/26/2039,30.2,68,414.4,Karachi,16,0,1014
3/27/2039,28.1,90,419.1,Karachi,15,0,1005
3/28/2039,30.1,81,420.1,Karachi,11,0.1,1005
3/29/2039,31.3,76,414.4,Karachi,11,0.1,1008
3/30/2039,30.1,87,416.1,Karachi,18,0.1,1005
3/31/2039,28.8,71,415.3,Karachi,15,0,1006
4/1/2039,25,74,410.2,Karachi,14,0,1011
4/2/2039,28,69,410.3,Karachi,15,0,1010
4/3/2039,26.4,89,415.1,Karachi,16,0.1,1005
4/4/2039,27,82,413.7,Karachi,13,0,1014
4/5/2039,26.9,83,420.7,Karachi,6,0,1009
4/6/2039,25.1,82,414.3,Karachi,17,0.1,1008
4/7/2039,22.1,83,420.9,Karachi,5,0,1013
4/8/2039,26,80,413.6,Karachi,16,0.1,1011
4/9/2039,28.6,81,420.7,Karachi,6,0.2,1010
4/10/2039,24,81,416.5,Karachi,18,0,1009
4/11/2039,28,77,416.7,Karachi,18,0.1,1012
4/12/2039,33.7,80,413.5,Karachi,7,0.1,1009
4/13/2039,31.1,81,416.7,Karachi,19,0,1009
4/14/2039,32.9,81,420.1,Karachi,13,0.1,1006
4/15/2039,29.2,73,414.6,Karachi,14,0.1,1013
4/16/2039,31.5,73,414,Karachi,17,0.1,1015
4/17/2039,25.8,85,414.3,Karachi,11,0.2,1011
4/18/2039,26.1,78,419.9,Karachi,9,0,1009
4/19/2039,19.8,83,417.6,Karachi,9,0.1,1013
4/20/2039,31.6,75,419.3,Karachi,10,0.1,1012
4/21/2039,32.6,73,415.9,Karachi,6,0,1009
4/22/2039,26.3,76,415.1,Karachi,5,0.3,1013
4/23/2039,27.2,79,416.3,Karachi,15,0,1009
4/24/2039,25.7,77,418.2,Karachi,5,0.1,1006
4/25/2039,29.1,86,414.3,Karachi,7,0.1,1010
4/26/2039,31.4,81,419.1,Karachi,5,0.1,1013
4/27/2039,22.8,89,416.1,Karachi,13,0,1010
4/28/2039,29.2,82,407.8,Karachi,14,0,1006
4/29/2039,27.2,68,417.7,Karachi,17,0,1009
4/30/2039,28.3,85,411.2,Karachi,19,0.1,1014
5/1/2039,29.4,72,417.6,Karachi,17,0,1011
5/2/2039,27.4,81,417.7,Karachi,17,0.1,1010
5/3/2039,27.7,76,416,Karachi,19,0,1010
5/4/2039,27.4,91,416.6,Karachi,9,0,1013
5/5/2039,30.9,87,418.3,Karachi,13,0,1013
5/6/2039,29.3,76,413.5,Karachi,9,0.1,1006
5/7/2039,28.7,79,417.4,Karachi,5,0.1,1013
5/8/2039,24.2,81,418.5,Karachi,15,0,1012
5/9/2039,26.9,84,420.3,Karachi,16,0,1015
5/10/2039,30.7,80,411.7,Karachi,11,0.4,1010
5/11/2039,28.1,75,416.2,Karachi,11,0,1013
5/12/2039,30,76,412.1,Karachi,8,0.2,1011
5/13/2039,33.3,80,412,Karachi,7,0.1,1007
5/14/2039,31.1,86,416.1,Karachi,5,0,1013
5/15/2039,28.3,82,415.2,Karachi,11,0.1,1012
5/16/2039,26.5,76,418.4,Karachi,9,0.3,1008
5/17/2039,20.3,83,414,Karachi,14,0.2,1011
5/18/2039,27.5,78,414.6,Karachi,5,0.1,1016
5/19/2039,27,84,415.6,Karachi,5,0.1,1009
5/20/2039,29.2,93,412.4,Karachi,19,0,1012
5/21/2039,27.5,78,412.8,Karachi,7,0,1007
5/22/2039,27,84,418.3,Karachi,7,0,1008
5/23/2039,22.7,76,413.4,Karachi,6,0.3,1012
5/24/2039,25.2,79,418.5,Karachi,12,0,1011
5/25/2039,29.4,80,416.8,Karachi,17,0,1009
5/26/2039,33.1,79,410.4,Karachi,16,0.1,1015
5/27/2039,27.7,92,416.6,Karachi,12,0.1,1007
5/28/2039,29,78,416.6,Karachi,10,0,1010
5/29/2039,30.9,83,416.3,Karachi,9,0,1011
5/30/2039,25.6,70,414.6,Karachi,17,0.1,1007
5/31/2039,29.1,82,412.2,Karachi,18,0.1,1012
6/1/2039,25.8,86,419,Karachi,10,0.1,1013
6/2/2039,30.6,77,414.7,Karachi,5,0,1010
6/3/2039,28.5,67,412.3,Karachi,6,0.1,1008
6/4/2039,28.9,80,416.4,Karachi,11,0.1,1009
6/5/2039,25.7,80,412.8,Karachi,5,0,1002
6/6/2039,30.1,84,412.2,Karachi,12,0,1013
6/7/2039,34.3,90,413.9,Karachi,7,0.2,1011
6/8/2039,25,78,413,Karachi,18,0.1,1009
6/9/2039,27,76,412.3,Karachi,8,0,1005
6/10/2039,28.7,74,417.4,Karachi,11,0,1013
6/11/2039,30.4,81,414.7,Karachi,14,0.1,1009
6/12/2039,26.3,82,418.8,Karachi,11,0.1,1012
6/13/2039,19.5,77,412.4,Karachi,6,0.3,1010
6/14/2039,32.1,84,409.8,Karachi,9,0.1,1005
6/15/2039,30.3,82,415.4,Karachi,12,0,1014
6/16/2039,22.8,80,420.6,Karachi,13,0.1,1013
6/17/2039,26.2,75,416.6,Karachi,17,0,1012
6/18/2039,32.7,78,424.6,Karachi,9,0,1011
6/19/2039,32.3,68,416,Karachi,6,0,1006
6/20/2039,30.8,81,415.7,Karachi,8,0,1013
6/21/2039,27.5,80,408.5,Karachi,15,0.2,1017
6/22/2039,28.2,81,416.3,Karachi,9,0.1,1010
6/23/2039,27.6,83,415.5,Karachi,10,0,1010
6/24/2039,31.4,82,413.8,Karachi,16,0.1,1007
6/25/2039,25.4,79,414.6,Karachi,10,0.1,1004
6/26/2039,25.6,80,414.8,Karachi,17,0.2,1009
6/27/2039,31,73,414.5,Karachi,16,0.2,1014
6/28/2039,27.9,77,421.3,Karachi,5,0,1014
6/29/2039,32.1,80,413.9,Karachi,10,0.2,1010
6/30/2039,26,76,415.5,Karachi,15,0,1011
7/1/2039,27.8,84,413.8,Karachi,14,0,1006
7/2/2039,25.2,77,417.4,Karachi,5,0,1010
7/3/2039,28,81,415.5,Karachi,17,0,1008
7/4/2039,23.6,81,414.2,Karachi,9,0.2,1010
7/5/2039,26.5,84,409.2,Karachi,15,0.1,1009
7/6/2039,23.7,85,415.7,Karachi,19,0.1,1009
7/7/2039,30.1,83,414.1,Karachi,11,0.3,1013
7/8/2039,30.1,69,414.8,Karachi,18,0,1016
7/9/2039,22.8,86,411.5,Karachi,18,0,1009
7/10/2039,32,88,419.3,Karachi,12,0.1,1014
7/11/2039,35.5,78,417.6,Karachi,15,0.2,1006
7/12/2039,28.1,81,419.3,Karachi,15,0.4,1010
7/13/2039,26.1,76,418.4,Karachi,17,0,1006
7/14/2039,36.5,70,416.8,Karachi,9,0.2,1009
7/15/2039,24,76,411.6,Karachi,6,0.2,1012
7/16/2039,28.1,77,420.5,Karachi,7,0,1013
7/17/2039,28.5,78,412.2,Karachi,16,0.1,1008
7/18/2039,32,75,414.2,Karachi,11,0,1011
7/19/2039,29.1,76,417.1,Karachi,14,0.1,1014
7/20/2039,26.5,80,417.3,Karachi,8,0.2,1013
7/21/2039,25.1,76,416.7,Karachi,19,0.2,1011
7/22/2039,27,83,413.8,Karachi,5,0.1,1008
7/23/2039,25,83,413.2,Karachi,7,0.2,1008
7/24/2039,28.1,92,422.6,Karachi,14,0,1007
7/25/2039,26.3,86,414.9,Karachi,18,0,1010
7/26/2039,23.5,81,414.5,Karachi,19,0,1008
7/27/2039,31.8,77,412.9,Karachi,6,0.1,1012
7/28/2039,26.5,81,415.7,Karachi,13,0.2,1011
7/29/2039,24.2,82,415.6,Karachi,5,0.1,1011
7/30/2039,27.5,77,415,Karachi,13,0.3,1004
7/31/2039,28.2,84,416.1,Karachi,19,0.1,1010
8/1/2039,22.8,73,420.3,Karachi,14,0.1,1009
8/2/2039,29,79,413.2,Karachi,9,0.1,1016
8/3/2039,24.9,83,415.1,Karachi,16,0.2,1006
8/4/2039,33.1,79,413.1,Karachi,10,0,1009
8/5/2039,29.6,79,415.9,Karachi,10,0,1011
8/6/2039,26.8,79,413.3,Karachi,16,0,1007
8/7/2039,25.8,76,413.4,Karachi,10,0.2,1016
8/8/2039,27.7,86,410.6,Karachi,13,0.3,1016
8/9/2039,29.8,75,415.3,Karachi,18,0,1007
8/10/2039,27.9,82,416.3,Karachi,17,0.3,1008
8/11/2039,27.3,82,420.6,Karachi,17,0.1,1016
8/12/2039,28.2,75,416.4,Karachi,13,0.1,1014
8/13/2039,26.2,80,413.7,Karachi,15,0.2,1009
8/14/2039,27,75,410.9,Karachi,14,0.1,1011
8/15/2039,21.7,87,411.3,Karachi,11,0.1,1006
8/16/2039,30.9,74,411.1,Karachi,7,0,1017
8/17/2039,28.9,77,420.6,Karachi,19,0,1010
8/18/2039,25.7,74,415.9,Karachi,11,0.1,1012
8/19/2039,33.7,73,413.3,Karachi,9,0,1007
8/20/2039,28.3,88,412.1,Karachi,13,0.1,1007
8/21/2039,24.9,83,412.4,Karachi,12,0.1,1011
8/22/2039,30.6,81,413.2,Karachi,14,0.1,1016
8/23/2039,29.2,77,418.9,Karachi,16,0.1,1008
8/24/2039,29.2,85,414.9,Karachi,10,0.5,1007
8/25/2039,26.7,76,410.7,Karachi,9,0,1011
8/26/2039,29.4,84,421.9,Karachi,14,0.1,1015
8/27/2039,27.2,76,411.6,Karachi,6,0.2,1008
8/28/2039,29.7,77,413.2,Karachi,15,0,1009
8/29/2039,22.3,84,418.9,Karachi,16,0,1013
8/30/2039,26.7,84,416.2,Karachi,7,0.1,1013
8/31/2039,33.2,83,413.6,Karachi,15,0.1,1009
9/1/2039,25.7,75,411.3,Karachi,15,0,1013
9/2/2039,26.2,78,412.1,Karachi,7,0.1,1012
9/3/2039,26.7,81,412.3,Karachi,17,0.1,1010
9/4/2039,24.4,76,415,Karachi,8,0.1,1013
9/5/2039,21.4,87,415.6,Karachi,7,0.1,1012
9/6/2039,27.3,68,414.6,Karachi,11,0.1,1007
9/7/2039,28.4,76,414.9,Karachi,17,0.1,1014
9/8/2039,27.8,77,411.8,Karachi,19,0.1,1011
9/9/2039,27.6,66,415.9,Karachi,10,0.1,1014
9/10/2039,28.1,73,418.8,Karachi,17,0.1,1010
9/11/2039,31.1,83,414.5,Karachi,12,0.2,1011
9/12/2039,27.4,80,414.5,Karachi,6,0.1,1011
9/13/2039,26.3,88,415.2,Karachi,6,0.1,1012
9/14/2039,27.2,88,418.4,Karachi,5,0,1015
9/15/2039,29.7,82,412.3,Karachi,9,0.2,1011
9/16/2039,32.2,82,419.4,Karachi,11,0.1,1010
9/17/2039,26.1,80,416.3,Karachi,13,0.1,1013
9/18/2039,28.3,67,415.1,Karachi,9,0.1,1011
9/19/2039,29,73,418.6,Karachi,15,0,1019
9/20/2039,25,81,411.5,Karachi,15,0.1,1011
9/21/2039,28.1,83,416.6,Karachi,5,0,1014
9/22/2039,23.6,81,416.3,Karachi,7,0.1,1013
9/23/2039,22.7,76,412.2,Karachi,12,0,1004
9/24/2039,29.1,85,416.4,Karachi,7,0,1008
9/25/2039,26.8,87,415.8,Karachi,11,0,1009
9/26/2039,28.6,85,414.5,Karachi,14,0.1,1006
9/27/2039,27.9,85,417.6,Karachi,7,0.1,1009
9/28/2039,25.1,77,413.3,Karachi,6,0,1006
9/29/2039,27.9,85,415.8,Karachi,16,0.1,1007
9/30/2039,24.3,81,414.6,Karachi,17,0.1,1011
10/1/2039,32.2,83,413.2,Karachi,14,0,1016
10/2/2039,23.9,82,416.5,Karachi,18,0,1006
10/3/2039,27.4,79,414.4,Karachi,10,0,1006
10/4/2039,24.9,76,410.6,Karachi,6,0.2,1008
10/5/2039,29.7,80,409.6,Karachi,14,0.2,1010
10/6/2039,27,85,417.4,Karachi,18,0.1,1005
10/7/2039,26.4,78,411.3,Karachi,9,0.1,1008
10/8/2039,30.6,84,415.8,Karachi,9,0.1,1008
10/9/2039,28.1,84,415.2,Karachi,9,0,1011
10/10/2039,29.5,79,413.9,Karachi,10,0.2,1011
10/11/2039,25.1,87,420.9,Karachi,7,0,1010
10/12/2039,23.8,78,415.5,Karachi,14,0.1,1009
10/13/2039,28.3,88,417.3,Karachi,9,0.1,1008
10/14/2039,27,82,415.9,Karachi,12,0.1,1010
10/15/2039,29.9,80,414.3,Karachi,8,0.1,1007
10/16/2039,27.8,76,414.9,Karachi,18,0.1,1015
10/17/2039,28.6,80,419.4,Karachi,9,0,1006
10/18/2039,23.1,79,418.3,Karachi,19,0,1008
10/19/2039,33.7,74,420.9,Karachi,19,0.2,1013
10/20/2039,27.5,79,415.7,Karachi,5,0.1,1009
10/21/2039,30.1,76,412.4,Karachi,5,0.2,1012
10/22/2039,25.5,83,413.7,Karachi,12,0.1,1015
10/23/2039,28.9,87,411.4,Karachi,6,0.1,1012
10/24/2039,24.1,74,417.3,Karachi,14,0.1,1006
10/25/2039,29.4,89,413.2,Karachi,14,0,1007
10/26/2039,26.9,79,405.8,Karachi,11,0.1,1009
10/27/2039,28.1,75,422.4,Karachi,11,0.2,1011
10/28/2039,30.1,84,413.3,Karachi,15,0.2,1014
10/29/2039,24.3,78,413.3,Karachi,18,0.1,1008
10/30/2039,25.9,80,420,Karachi,13,0.1,1009
10/31/2039,29.4,78,411.4,Karachi,5,0.2,1009
11/1/2039,34.3,76,418.4,Karachi,6,0.1,1009
11/2/2039,27.6,84,413.2,Karachi,18,0.2,1014
11/3/2039,29.8,79,411,Karachi,5,0.1,1010
11/4/2039,27.7,73,420.1,Karachi,5,0.2,1010
11/5/2039,33.8,83,417.8,Karachi,15,0,1013
11/6/2039,22.8,74,417.8,Karachi,8,0.1,1015
11/7/2039,28.3,74,416.1,Karachi,12,0,1010
11/8/2039,23.1,86,416.8,Karachi,14,0.1,1014
11/9/2039,20.5,74,411.3,Karachi,12,0.1,1015
11/10/2039,28.9,68,415.3,Karachi,16,0,1010
11/11/2039,28.4,83,412.2,Karachi,16,0.1,1008
11/12/2039,27.1,78,410.8,Karachi,15,0,1017
11/13/2039,27.7,79,416.2,Karachi,19,0,1013
11/14/2039,37.3,78,418.5,Karachi,13,0,1010
11/15/2039,27.2,81,413.8,Karachi,6,0.1,1012
11/16/2039,29.5,76,414.4,Karachi,17,0,1007
11/17/2039,26.1,87,411.6,Karachi,11,0,1013
11/18/2039,28.9,73,415,Karachi,16,0,1005
11/19/2039,27.3,82,417.3,Karachi,18,0,1013
11/20/2039,26.8,83,417.4,Karachi,8,0,1008
11/21/2039,33.5,76,416.6,Karachi,7,0.1,1005
11/22/2039,31.5,75,413.1,Karachi,16,0.1,1004
11/23/2039,28.4,85,413,Karachi,8,0.3,1009
11/24/2039,21.1,75,417.4,Karachi,8,0,1012
11/25/2039,26.9,77,417.4,Karachi,7,0.2,1006
11/26/2039,36.1,84,414.5,Karachi,13,0,1006
11/27/2039,27.3,80,413.7,Karachi,12,0,1009
11/28/2039,31.3,71,418.5,Karachi,18,0,1012
11/29/2039,32.3,89,413.9,Karachi,16,0,1013
11/30/2039,28.7,77,417.2,Karachi,14,0.1,1010
12/1/2039,25.5,78,414.6,Karachi,18,0.2,1013
12/2/2039,20.7,81,411.9,Karachi,16,0.2,1012
12/3/2039,30.1,83,419.8,Karachi,16,0.3,1009
12/4/2039,25.6,90,415.4,Karachi,6,0.2,1013
12/5/2039,28.5,72,412.9,Karachi,7,0.1,1006
12/6/2039,24.3,84,410.8,Karachi,17,0.1,1011
12/7/2039,27.2,84,411.1,Karachi,14,0.2,1007
12/8/2039,28.1,79,413.9,Karachi,11,0.1,1010
12/9/2039,28.8,84,420.8,Karachi,9,0,1014
12/10/2039,24.7,85,413.2,Karachi,5,0.1,1011
12/11/2039,31.6,73,419.3,Karachi,5,0.1,1010
12/12/2039,26.2,89,414.6,Karachi,16,0.1,1011
12/13/2039,23,72,411.5,Karachi,12,0.2,1012
12/14/2039,27.7,74,413.6,Karachi,10,0.1,1016
12/15/2039,28.1,79,411.2,Karachi,8,0.3,1012
12/16/2039,28.5,90,412.4,Karachi,7,0.2,1008
12/17/2039,32.1,78,412.3,Karachi,17,0,1009
12/18/2039,27.3,80,409.3,Karachi,13,0,1007
12/19/2039,27.6,87,419.5,Karachi,13,0,1006
12/20/2039,24.7,78,415.6,Karachi,16,0.2,1003
12/21/2039,30.5,74,412.9,Karachi,8,0,1009
12/22/2039,28.6,78,415.7,Karachi,15,0.1,1006
12/23/2039,26.7,87,412.5,Karachi,12,0.1,1010
12/24/2039,22.3,80,407,Karachi,8,0.1,1008
12/25/2039,32.3,90,423.9,Karachi,12,0,1007
12/26/2039,24.3,84,415.6,Karachi,11,0,1004
12/27/2039,26.2,77,413.2,Karachi,18,0,1009
12/28/2039,29.1,80,409.2,Karachi,16,0.1,1005
12/29/2039,24.4,76,410.5,Karachi,10,0,1012
12/30/2039,23.5,77,420,Karachi,11,0.2,1011
12/31/2039,21.6,100,419.5,Karachi,10,0,1009
1/1/2040,30.2,85,417.3,Karachi,15,0.1,1014
1/2/2040,26.4,84,411.7,Karachi,16,0.3,1010
1/3/2040,36.8,77,419.5,Karachi,10,0.1,1011
1/4/2040,25,88,416.3,Karachi,18,0,1012
1/5/2040,25.2,85,417,Karachi,11,0.2,1008
1/6/2040,26.3,89,416.3,Karachi,8,0,1008
1/7/2040,28.7,89,410.5,Karachi,16,0,1010
1/8/2040,26.6,73,411.4,Karachi,9,0,1006
1/9/2040,29.8,74,413.5,Karachi,13,0,1015
1/10/2040,25.1,75,416.9,Karachi,6,0.1,1010
1/11/2040,23.9,75,410.9,Karachi,13,0.1,1009
1/12/2040,22.6,82,414.5,Karachi,9,0.1,1016
1/13/2040,21.3,77,414.5,Karachi,14,0,1007
1/14/2040,26.4,90,417.4,Karachi,5,0.1,1015
1/15/2040,27.1,90,417,Karachi,15,0,1012
1/16/2040,26.1,80,412,Karachi,11,0,1013
1/17/2040,31.7,90,419.3,Karachi,9,0,1009
1/18/2040,31.7,87,411.5,Karachi,7,0.1,1010
1/19/2040,27,78,418.3,Karachi,7,0.1,1009
1/20/2040,22.6,70,413.3,Karachi,5,0,1013
1/21/2040,26.3,79,415.5,Karachi,11,0.3,1011
1/22/2040,26.2,77,415.7,Karachi,18,0,1008
1/23/2040,26,81,415.6,Karachi,6,0.1,1008
1/24/2040,25.9,80,417,Karachi,12,0,1010
1/25/2040,26,80,416.2,Karachi,18,0.1,1009
1/26/2040,26.8,83,417.4,Karachi,8,0.1,1014
1/27/2040,26.1,74,416.4,Karachi,8,0.1,1012
1/28/2040,28.6,82,411.2,Karachi,17,0,1012
1/29/2040,29.1,78,415.8,Karachi,15,0.1,1011
1/30/2040,25.3,81,413.3,Karachi,9,0.1,1008
1/31/2040,31.8,85,411.7,Karachi,13,0.1,1012
2/1/2040,25.1,74,414.1,Karachi,19,0,1004
2/2/2040,23.1,79,415.5,Karachi,11,0,1011
2/3/2040,29.1,79,415.7,Karachi,7,0,1008
2/4/2040,25.5,77,418.2,Karachi,8,0,1007
2/5/2040,29,84,418.9,Karachi,13,0,1009
2/6/2040,20.8,76,416,Karachi,5,0,1010
2/7/2040,32.2,77,416.6,Karachi,12,0.1,1010
2/8/2040,30,76,415.3,Karachi,12,0.1,1012
2/9/2040,23.5,85,417.3,Karachi,18,0.2,1009
2/10/2040,23.6,78,416.5,Karachi,17,0.1,1010
2/11/2040,33,82,414.8,Karachi,11,0.1,1006
2/12/2040,25.8,90,421.5,Karachi,17,0.1,1006
2/13/2040,25.5,80,413.4,Karachi,10,0.3,1011
2/14/2040,21.2,86,419.4,Karachi,11,0.1,1012
2/15/2040,26.9,88,410.9,Karachi,14,0.1,1009
2/16/2040,27.3,85,417.4,Karachi,8,0.2,1013
2/17/2040,30.1,80,419.3,Karachi,8,0,1006
2/18/2040,23.8,83,409.3,Karachi,9,0.1,1011
2/19/2040,23.4,74,415.4,Karachi,8,0,1007
2/20/2040,29.4,76,417.1,Karachi,8,0.2,1007
2/21/2040,31,77,415.8,Karachi,13,0.2,1008
2/22/2040,23.3,91,416.1,Karachi,10,0.1,1010
2/23/2040,31.2,76,415.4,Karachi,18,0.1,1011
2/24/2040,28.1,76,411.7,Karachi,7,0.1,1011
2/25/2040,31.3,75,422.1,Karachi,7,0.1,1009
2/26/2040,27.8,83,413.5,Karachi,14,0.2,1012
2/27/2040,20.4,81,416.3,Karachi,12,0.1,1015
2/28/2040,27.5,85,413.1,Karachi,7,0.2,1010
2/29/2040,31.2,83,408.2,Karachi,18,0.1,1010
3/1/2040,25.3,73,412.2,Karachi,8,0.1,1008
3/2/2040,26.8,76,410.7,Karachi,10,0,1009
3/3/2040,27.5,87,418.3,Karachi,13,0,1014
3/4/2040,19.3,79,413.2,Karachi,10,0.2,1014
3/5/2040,33,86,413.5,Karachi,7,0.1,1009
3/6/2040,25.3,79,411.8,Karachi,16,0.1,1011
3/7/2040,29.5,75,415.3,Karachi,10,0.1,1013
3/8/2040,27.7,78,412.9,Karachi,8,0,1009
3/9/2040,31.8,75,418,Karachi,9,0.1,1006
3/10/2040,29.2,77,415.9,Karachi,19,0,1012
3/11/2040,27.3,81,413.3,Karachi,18,0.2,1013
3/12/2040,25.3,83,417.6,Karachi,9,0.1,1012
3/13/2040,30.4,72,415,Karachi,7,0.2,1009
3/14/2040,22.4,80,415.1,Karachi,9,0.1,1015
3/15/2040,29.9,77,410.6,Karachi,16,0,1011
3/16/2040,24.7,77,414.8,Karachi,16,0.2,1007
3/17/2040,31.8,81,416,Karachi,9,0,1005
3/18/2040,28.5,77,419,Karachi,11,0.1,1009
3/19/2040,29.9,87,412.7,Karachi,13,0,1011
3/20/2040,28.2,86,421.8,Karachi,9,0.1,1009
3/21/2040,22.7,86,416.7,Karachi,13,0,1016
3/22/2040,25.4,78,410.4,Karachi,19,0.1,1011
3/23/2040,30,75,412.5,Karachi,9,0.3,1007
3/24/2040,28.5,80,419.3,Karachi,8,0.1,1003
3/25/2040,31.5,79,418.7,Karachi,10,0,1011
3/26/2040,29.2,77,415.1,Karachi,12,0.1,1013
3/27/2040,25.1,74,415.4,Karachi,8,0.2,1016
3/28/2040,25.6,80,411.5,Karachi,9,0,1009
3/29/2040,28.3,78,419,Karachi,14,0,1015
3/30/2040,21.1,83,412,Karachi,5,0,1006
3/31/2040,33,83,417.5,Karachi,14,0.1,1009
4/1/2040,29.3,86,419.1,Karachi,16,0.1,1007
4/2/2040,31.7,74,415.1,Karachi,19,0.1,1012
4/3/2040,23.3,82,417.9,Karachi,5,0.1,1006
4/4/2040,31.7,76,420.5,Karachi,18,0.1,1011
4/5/2040,34.7,74,415.8,Karachi,12,0.1,1006
4/6/2040,24,78,414.5,Karachi,11,0.1,1015
4/7/2040,30.3,85,414.8,Karachi,9,0,1009
4/8/2040,28,78,412.8,Karachi,13,0,1011
4/9/2040,23.4,88,412.7,Karachi,5,0,1005
4/10/2040,29.5,83,416.3,Karachi,19,0.2,1006
4/11/2040,30.5,78,414.5,Karachi,7,0.1,1008
4/12/2040,26.2,86,416,Karachi,10,0,1013
4/13/2040,31.5,82,410.5,Karachi,5,0,1012
4/14/2040,23,75,414.7,Karachi,18,0.1,1013
4/15/2040,23.5,89,418.1,Karachi,16,0.1,1005
4/16/2040,28.4,81,411.6,Karachi,10,0,1012
4/17/2040,28.1,80,415,Karachi,6,0,1008
4/18/2040,25.9,76,409.4,Karachi,14,0,1008
4/19/2040,30.4,86,411.1,Karachi,18,0.1,1008
4/20/2040,29.6,83,417.4,Karachi,9,0,1010
4/21/2040,30.6,83,414.1,Karachi,15,0.1,1012
4/22/2040,27.6,77,420.5,Karachi,14,0.4,1013
4/23/2040,29.8,84,416.3,Karachi,19,0,1012
4/24/2040,26.7,85,416.6,Karachi,6,0,1012
4/25/2040,34.2,77,411.8,Karachi,5,0,1015
4/26/2040,25.6,73,413.8,Karachi,18,0.1,1012
4/27/2040,34.3,83,412.8,Karachi,16,0.1,1009
4/28/2040,28.1,72,411.8,Karachi,18,0,1012
4/29/2040,23.9,81,417,Karachi,18,0,1015
4/30/2040,32.1,78,417.6,Karachi,16,0.1,1007
5/1/2040,28.4,86,416.2,Karachi,17,0.2,1009
5/2/2040,30.6,78,412.5,Karachi,8,0,1014
5/3/2040,31.7,86,416,Karachi,6,0,1009
5/4/2040,29,77,409.3,Karachi,13,0.1,1012
5/5/2040,26.2,85,419,Karachi,16,0,1014
5/6/2040,30.9,90,411.1,Karachi,15,0,1006
5/7/2040,28,75,411.6,Karachi,15,0.2,1009
5/8/2040,30.1,81,415.3,Karachi,7,0,1014
5/9/2040,21.5,94,415.6,Karachi,16,0.2,1010
5/10/2040,29.3,80,414.8,Karachi,13,0.1,1004
5/11/2040,26.1,80,411.7,Karachi,8,0,1008
5/12/2040,33,84,418.4,Karachi,14,0.1,1012
5/13/2040,29.9,80,409.9,Karachi,16,0.1,1014
5/14/2040,28.7,71,410.6,Karachi,11,0,1010
5/15/2040,29.5,86,414.7,Karachi,11,0,1011
5/16/2040,25,70,411.2,Karachi,10,0.1,1009
5/17/2040,32.9,78,418.7,Karachi,12,0.1,1013
5/18/2040,34,86,411.5,Karachi,15,0.1,1014
5/19/2040,29.2,78,419.7,Karachi,15,0,1012
5/20/2040,32.8,77,418.1,Karachi,10,0.3,1010
5/21/2040,26.3,84,418.7,Karachi,13,0.1,1011
5/22/2040,25.6,76,420.7,Karachi,9,0.1,1013
5/23/2040,28.1,74,415.2,Karachi,15,0.1,1010
5/24/2040,29.3,81,412,Karachi,7,0.1,1012
5/25/2040,26.8,79,414.7,Karachi,9,0.4,1011
5/26/2040,29.6,74,413.3,Karachi,8,0,1014
5/27/2040,28.9,83,412.9,Karachi,7,0.1,1012
5/28/2040,25,82,415.5,Karachi,5,0.1,1009
5/29/2040,29.6,78,414.1,Karachi,12,0.2,1014
5/30/2040,30.6,79,412.7,Karachi,19,0.1,1011
5/31/2040,28.5,82,414.3,Karachi,8,0.1,1010
6/1/2040,31.5,86,416.6,Karachi,16,0.3,1006
6/2/2040,24.3,79,417.9,Karachi,7,0.2,1011
6/3/2040,29.4,83,410.2,Karachi,16,0,1016
6/4/2040,24.5,83,414.1,Karachi,8,0,1002
6/5/2040,24.7,84,414.6,Karachi,5,0.1,1002
6/6/2040,26.1,80,411.5,Karachi,16,0.3,1012
6/7/2040,25.2,75,414.6,Karachi,10,0.1,1011
6/8/2040,26.4,78,415.4,Karachi,7,0,1012
6/9/2040,27.4,82,416.6,Karachi,12,0.1,1008
6/10/2040,30.5,89,415.2,Karachi,15,0,1004
6/11/2040,27,78,412.4,Karachi,18,0.1,1008
6/12/2040,23.2,84,421,Karachi,19,0,1015
6/13/2040,31.4,78,417.5,Karachi,18,0.1,1009
6/14/2040,25.5,81,416.7,Karachi,18,0.3,1009
6/15/2040,27.8,88,418,Karachi,17,0.1,1002
6/16/2040,29.3,84,415.7,Karachi,14,0,1005
6/17/2040,28.6,74,418.9,Karachi,9,0.1,1013
6/18/2040,31.3,77,415.2,Karachi,13,0,1009
6/19/2040,29.4,86,415,Karachi,13,0.2,1013
6/20/2040,25.4,81,416.9,Karachi,19,0.1,1008
6/21/2040,34.5,74,419.7,Karachi,15,0.1,1006
6/22/2040,28.6,76,419.5,Karachi,6,0.2,1009
6/23/2040,27.6,84,416.8,Karachi,9,0,1008
6/24/2040,30.9,85,416.5,Karachi,11,0.5,1008
6/25/2040,28.7,80,417.1,Karachi,11,0,1008
6/26/2040,29.2,92,418,Karachi,14,0.1,1010
6/27/2040,35.5,84,418.9,Karachi,7,0,1009
6/28/2040,27.2,79,414.3,Karachi,11,0,1007
6/29/2040,27,76,419,Karachi,11,0.1,1015
6/30/2040,28.3,75,416,Karachi,8,0,1011
7/1/2040,31.2,82,417,Karachi,15,0,1010
7/2/2040,23.5,78,419.1,Karachi,11,0,1010
7/3/2040,22.1,88,417.2,Karachi,12,0.1,1012
7/4/2040,26.2,87,417.7,Karachi,7,0,1012
7/5/2040,23.1,83,413.8,Karachi,6,0.1,1007
7/6/2040,26.7,74,419.5,Karachi,13,0.1,1005
7/7/2040,29.5,77,417.1,Karachi,16,0.1,1003
7/8/2040,25.3,86,415.4,Karachi,16,0,1015
7/9/2040,23.7,77,418.3,Karachi,11,0.1,1009
7/10/2040,28.2,86,422.8,Karachi,5,0.1,1012
7/11/2040,30.6,82,411.5,Karachi,14,0.1,1011
7/12/2040,22.9,80,412.6,Karachi,14,0.1,1013
7/13/2040,30.5,76,423.1,Karachi,13,0,1010
7/14/2040,30.5,80,416.3,Karachi,9,0.1,1006
7/15/2040,30.9,81,415.6,Karachi,6,0,1007
7/16/2040,31.7,85,414.7,Karachi,11,0,1009
7/17/2040,34.6,76,418.6,Karachi,13,0,1005
7/18/2040,26.9,79,422.8,Karachi,17,0.2,1007
7/19/2040,28.3,80,413,Karachi,7,0.1,1006
7/20/2040,26.8,83,414.7,Karachi,8,0.4,1009
7/21/2040,28,75,413.9,Karachi,13,0.3,1009
7/22/2040,32.6,73,417.2,Karachi,19,0.7,1010
7/23/2040,24,83,418.7,Karachi,6,0,1013
7/24/2040,25.4,72,419.9,Karachi,8,0.1,1009
7/25/2040,32.1,86,417.3,Karachi,9,0.1,1005
7/26/2040,31.1,79,422.6,Karachi,19,0.1,1004
7/27/2040,26.9,72,413.3,Karachi,8,0,1010
7/28/2040,30.6,78,412.5,Karachi,11,0,1008
7/29/2040,29,82,419.4,Karachi,10,0.1,1010
7/30/2040,32.5,77,415.4,Karachi,13,0.3,1011
7/31/2040,28.2,80,410.9,Karachi,15,0.1,1014
8/1/2040,31.1,84,414.1,Karachi,17,0,1005
8/2/2040,35.9,79,415.8,Karachi,19,0.3,1007
8/3/2040,29.8,75,413.1,Karachi,17,0,1010
8/4/2040,28.1,79,412,Karachi,17,0.2,1007
8/5/2040,30.2,87,414.4,Karachi,8,0.2,1006
8/6/2040,26.9,88,411.8,Karachi,15,0.1,1014
8/7/2040,35.2,70,416.9,Karachi,19,0.1,1007
8/8/2040,28.5,85,409.2,Karachi,13,0.1,1006
8/9/2040,27.2,81,415.3,Karachi,5,0.1,1007
8/10/2040,25.5,85,416.6,Karachi,16,0,1013
8/11/2040,31.3,77,414.7,Karachi,10,0.1,1008
8/12/2040,30.6,71,418.3,Karachi,11,0,1006
8/13/2040,26.5,83,410.9,Karachi,13,0.1,1007
8/14/2040,29.7,75,412.9,Karachi,5,0.1,1010
8/15/2040,23.5,73,414,Karachi,15,0,1013
8/16/2040,28.6,73,417.1,Karachi,16,0.2,1012
8/17/2040,29.4,83,415.7,Karachi,16,0.1,1008
8/18/2040,33.1,81,421.4,Karachi,17,0.1,1008
8/19/2040,25.7,84,412.6,Karachi,5,0,1016
8/20/2040,24.2,83,410.8,Karachi,6,0.1,1013
8/21/2040,25.3,78,420.4,Karachi,10,0,1009
8/22/2040,24,80,410.7,Karachi,7,0,1003
8/23/2040,32,77,417,Karachi,15,0,1009
8/24/2040,32.6,79,412.1,Karachi,19,0,1006
8/25/2040,29,75,408.8,Karachi,18,0.1,1007
8/26/2040,31.7,82,413.9,Karachi,10,0.1,1007
8/27/2040,28.4,85,417.7,Karachi,6,0.1,1009
8/28/2040,27.7,76,411.3,Karachi,17,0.1,1010
8/29/2040,27,86,416.7,Karachi,14,0.2,1008
8/30/2040,27.1,81,417.3,Karachi,10,0,1006
8/31/2040,23.4,81,411.2,Karachi,11,0.1,1009
9/1/2040,28.8,72,414.3,Karachi,10,0.2,1009
9/2/2040,27.9,71,419.7,Karachi,6,0,1004
9/3/2040,30.2,81,417,Karachi,9,0.1,1012
9/4/2040,28.3,84,414.2,Karachi,14,0.1,1008
9/5/2040,27.5,77,416.2,Karachi,19,0,1009
9/6/2040,25.4,88,412.9,Karachi,17,0,1009
9/7/2040,28.2,84,418.3,Karachi,18,0.2,1010
9/8/2040,30.2,75,418.3,Karachi,10,0.1,1010
9/9/2040,24.6,80,415.4,Karachi,18,0,1006
9/10/2040,28.3,92,415.7,Karachi,12,0.1,1011
9/11/2040,28.7,74,412,Karachi,13,0.1,1009
9/12/2040,25.8,83,410.9,Karachi,9,0,1013
9/13/2040,26.2,78,413.9,Karachi,18,0.1,1012
9/14/2040,28.7,84,414.7,Karachi,16,0.1,1014
9/15/2040,24.6,86,418.2,Karachi,11,0,1007
9/16/2040,29,78,417.8,Karachi,8,0.1,1014
9/17/2040,25.3,86,415.6,Karachi,14,0,1010
9/18/2040,31.2,91,418.6,Karachi,16,0,1012
9/19/2040,35,80,412.2,Karachi,9,0,1012
9/20/2040,25.4,84,418.2,Karachi,5,0.3,1011
9/21/2040,29.6,77,412.6,Karachi,17,0.2,1007
9/22/2040,25.8,80,418.7,Karachi,7,0.1,1013
9/23/2040,31.1,79,415,Karachi,6,0.1,1011
9/24/2040,24.2,84,409,Karachi,10,0,1006
9/25/2040,29.4,86,417.2,Karachi,13,0.1,1009
9/26/2040,25.4,79,417.4,Karachi,14,0,1006
9/27/2040,27.4,88,413.6,Karachi,7,0.1,1006
9/28/2040,24.9,88,413.9,Karachi,16,0.2,1013
9/29/2040,30.5,84,414.5,Karachi,15,0,1006
9/30/2040,25.5,77,409.2,Karachi,16,0.1,1006
10/1/2040,29.7,77,407.9,Karachi,6,0.1,1016
10/2/2040,27,76,418.9,Karachi,6,0,1009
10/3/2040,27.7,85,412.5,Karachi,18,0.1,1012
10/4/2040,28.4,74,420.6,Karachi,10,0.1,1013
10/5/2040,25.7,83,419.1,Karachi,14,0.1,1012
10/6/2040,28.6,75,419.7,Karachi,10,0,1010
10/7/2040,32.6,84,413,Karachi,9,0.1,1010
10/8/2040,25.7,80,410.2,Karachi,13,0.6,1012
10/9/2040,31.5,87,411.7,Karachi,17,0.1,1009
10/10/2040,32.5,86,413.7,Karachi,11,0.1,1012
10/11/2040,25.6,87,407.9,Karachi,11,0,1009
10/12/2040,23.6,87,413.6,Karachi,15,0,1010
10/13/2040,28.9,81,414.4,Karachi,19,0.3,1016
10/14/2040,26.4,74,411.1,Karachi,5,0,1009
10/15/2040,33.6,75,411.9,Karachi,14,0.5,1010
10/16/2040,28.1,70,414.3,Karachi,14,0,1011
10/17/2040,25.6,75,416.1,Karachi,6,0,1011
10/18/2040,24.6,80,412.3,Karachi,16,0,1011
10/19/2040,31.3,77,415.9,Karachi,7,0.1,1006
10/20/2040,26.3,79,415.4,Karachi,9,0.2,1010
10/21/2040,28.1,82,415.1,Karachi,18,0.4,1011
10/22/2040,30.9,78,413,Karachi,15,0,1013
10/23/2040,26.5,74,411,Karachi,19,0,1012
10/24/2040,27.9,80,420.1,Karachi,16,0.1,1014
10/25/2040,28,76,416.9,Karachi,8,0.1,1007
10/26/2040,30,79,418,Karachi,12,0.1,1007
10/27/2040,29.8,87,414.7,Karachi,15,0,1011
10/28/2040,27.3,79,414.5,Karachi,8,0,1013
10/29/2040,28.2,89,416.5,Karachi,10,0.1,1009
10/30/2040,26.9,87,409.5,Karachi,13,0.1,1008
10/31/2040,23.6,77,411.7,Karachi,6,0.1,1005
11/1/2040,28.8,74,412.6,Karachi,17,0,1011
11/2/2040,33.7,80,413.6,Karachi,12,0.2,1010
11/3/2040,25.3,86,412.4,Karachi,16,0,1009
11/4/2040,25.7,78,416,Karachi,9,0,1013
11/5/2040,25.4,85,415.2,Karachi,14,0.1,1010
11/6/2040,30.2,86,419.2,Karachi,10,0.1,1010
11/7/2040,29.3,76,422.4,Karachi,7,0,1013
11/8/2040,27.5,77,411.2,Karachi,19,0.3,1017
11/9/2040,25.2,84,415.4,Karachi,12,0.1,1009
11/10/2040,28.3,81,415.4,Karachi,18,0,1007
11/11/2040,23.3,77,415,Karachi,6,0.1,1007
11/12/2040,28.4,78,411.7,Karachi,17,0.1,1011
11/13/2040,30.6,80,412.2,Karachi,5,0.1,1007
11/14/2040,24.2,72,415.7,Karachi,15,0.2,1009
11/15/2040,23.4,84,412.2,Karachi,16,0.1,1009
11/16/2040,32.7,78,415.5,Karachi,5,0,1015
11/17/2040,26.2,66,414.3,Karachi,12,0.2,1014
11/18/2040,31.4,80,415.4,Karachi,6,0.1,1005
11/19/2040,27.5,76,412.1,Karachi,17,0.1,1015
11/20/2040,27.5,88,415.5,Karachi,17,0,1006
11/21/2040,29.3,77,412.4,Karachi,9,0.3,1010
11/22/2040,25.3,75,415.5,Karachi,6,0.1,1007
11/23/2040,28.4,83,419,Karachi,15,0.1,1009
11/24/2040,26.9,77,415.8,Karachi,8,0.1,1007
11/25/2040,24,76,416,Karachi,13,0.2,1015
11/26/2040,29,83,417.5,Karachi,6,0,1010
11/27/2040,27.2,75,410.8,Karachi,17,0.2,1011
11/28/2040,27.5,73,420.2,Karachi,8,0,1007
11/29/2040,24.4,89,411.8,Karachi,17,0.1,1006
11/30/2040,32.8,83,417.6,Karachi,14,0.1,1009
12/1/2040,30.6,79,417.2,Karachi,9,0.1,1012
12/2/2040,30.9,80,412.3,Karachi,14,0.1,1010
12/3/2040,27.1,83,418,Karachi,19,0,1013
12/4/2040,22.8,85,416.5,Karachi,17,0.1,1010
12/5/2040,33.9,76,420.7,Karachi,14,0.3,1010
12/6/2040,27.8,82,415.6,Karachi,9,0.1,1012
12/7/2040,25.8,77,414.7,Karachi,16,0,1010
12/8/2040,29.3,79,413.5,Karachi,16,0.3,1013
12/9/2040,31.5,81,409.8,Karachi,9,0.2,1012
12/10/2040,27.9,80,414,Karachi,17,0,1013
12/11/2040,31.8,84,414.2,Karachi,14,0.1,1012
12/12/2040,31.2,82,415.8,Karachi,14,0.1,1014
12/13/2040,24.8,72,410.7,Karachi,6,0,1012
12/14/2040,26,73,414.3,Karachi,12,0.2,1015
12/15/2040,30.9,78,416.7,Karachi,15,0,1008
12/16/2040,19.9,89,417,Karachi,9,0.1,1013
12/17/2040,27.6,76,409.4,Karachi,10,0.1,1006
12/18/2040,23.7,79,417.1,Karachi,12,0.3,1013
12/19/2040,26.6,77,414.3,Karachi,12,0,1010
12/20/2040,27.1,77,414.4,Karachi,17,0,1013
12/21/2040,26.9,81,407.9,Karachi,17,0.1,1015
12/22/2040,26.3,87,419.5,Karachi,17,0.2,1012
12/23/2040,24.7,82,415.5,Karachi,14,0.3,1009
12/24/2040,34.9,76,410.4,Karachi,19,0,1007
12/25/2040,33.6,94,416.1,Karachi,11,0.1,1012
12/26/2040,24.5,80,416,Karachi,19,0,1009
12/27/2040,32.7,77,418.7,Karachi,19,0.2,1012
12/28/2040,26.8,87,414.1,Karachi,12,0,1008
12/29/2040,28.4,78,415,Karachi,14,0.2,1007
12/30/2040,27.8,88,413.1,Karachi,15,0,1009
12/31/2040,26,76,416.8,Karachi,11,0.1,1012
1/1/2041,31,87,412.6,Karachi,14,0,1010
1/2/2041,28.4,81,412.3,Karachi,10,0.1,1008
1/3/2041,26.6,86,414.8,Karachi,9,0.1,1015
1/4/2041,24.1,90,411.3,Karachi,9,0,1010
1/5/2041,25.3,74,419.8,Karachi,19,0,1003
1/6/2041,23.1,86,420.8,Karachi,12,0,1013
1/7/2041,28,73,413.6,Karachi,5,0,1010
1/8/2041,24.4,75,410.8,Karachi,6,0,1009
1/9/2041,27.2,76,416,Karachi,5,0.1,1009
1/10/2041,32.1,83,413.6,Karachi,17,0.1,1009
1/11/2041,31.6,80,418.5,Karachi,14,0.2,1015
1/12/2041,27.9,79,412.6,Karachi,11,0,1011
1/13/2041,27.7,81,416.6,Karachi,17,0,1011
1/14/2041,33.6,83,415.3,Karachi,13,0.1,1009
1/15/2041,29.6,83,413,Karachi,11,0.1,1015
1/16/2041,27,85,415.7,Karachi,13,0,1013
1/17/2041,23.7,89,417.6,Karachi,8,0,1013
1/18/2041,29.2,80,415.3,Karachi,11,0,1011
1/19/2041,30.5,77,415.3,Karachi,16,0,1013
1/20/2041,26.1,83,412.4,Karachi,14,0.1,1011
1/21/2041,28.9,74,418.4,Karachi,14,0,1009
1/22/2041,26.9,77,418.1,Karachi,11,0.3,1011
1/23/2041,27.4,85,413.8,Karachi,14,0.2,1016
1/24/2041,20.5,79,414.6,Karachi,14,0.1,1011
1/25/2041,27.3,74,419.2,Karachi,6,0,1014
1/26/2041,30.9,73,411.6,Karachi,6,0,1014
1/27/2041,26.1,80,416.8,Karachi,12,0.1,1012
1/28/2041,28.2,86,413.3,Karachi,18,0,1015
1/29/2041,25.7,86,420.3,Karachi,6,0.2,1003
1/30/2041,29.1,81,415.2,Karachi,5,0,1004
1/31/2041,27.4,90,418.8,Karachi,5,0.1,1015
2/1/2041,25.2,79,412.7,Karachi,5,0.1,1008
2/2/2041,32,79,411.3,Karachi,10,0.2,1010
2/3/2041,30.8,67,414.3,Karachi,9,0.1,1015
2/4/2041,26.2,78,415.8,Karachi,11,0.1,1011
2/5/2041,29.5,84,413.5,Karachi,19,0.3,1015
2/6/2041,29.6,88,417.3,Karachi,7,0,1009
2/7/2041,29.9,76,414.4,Karachi,9,0,1012
2/8/2041,22.9,82,408.8,Karachi,6,0.1,1010
2/9/2041,31,85,416.7,Karachi,15,0.1,1014
2/10/2041,26.3,80,412.4,Karachi,13,0,1009
2/11/2041,26.9,69,413.9,Karachi,13,0,1007
2/12/2041,35.9,81,419.7,Karachi,8,0,1009
2/13/2041,28.9,84,420.3,Karachi,6,0.1,1009
2/14/2041,26.8,75,413.3,Karachi,14,0.1,1008
2/15/2041,21.4,79,416.7,Karachi,12,0.2,1008
2/16/2041,32.2,74,413.3,Karachi,8,0,1013
2/17/2041,24,67,414.1,Karachi,9,0.1,1014
2/18/2041,25,85,413.2,Karachi,8,0.1,1011
2/19/2041,27,80,409.8,Karachi,18,0.1,1008
2/20/2041,32.2,88,415.3,Karachi,6,0,1008
2/21/2041,30.3,84,415.9,Karachi,18,0,1004
2/22/2041,27.5,78,413,Karachi,18,0.3,1011
2/23/2041,28.9,80,418.3,Karachi,10,0.2,1008
2/24/2041,26.2,83,413.7,Karachi,5,0,1014
2/25/2041,28.4,85,413.1,Karachi,16,0.3,1006
2/26/2041,28.2,82,416.6,Karachi,12,0,1008
2/27/2041,30.9,86,410.4,Karachi,15,0.1,1010
2/28/2041,30.9,79,417.7,Karachi,5,0.1,1011
3/1/2041,29.5,75,413.8,Karachi,9,0,1015
3/2/2041,26.9,80,418,Karachi,13,0,1006
3/3/2041,30.2,81,418.9,Karachi,17,0.1,1009
3/4/2041,27.7,74,416.9,Karachi,5,0.1,1006
3/5/2041,24.8,73,412.6,Karachi,14,0,1012
3/6/2041,26.8,82,411.2,Karachi,11,0,1008
3/7/2041,28.3,78,410.7,Karachi,18,0.3,1010
3/8/2041,30.7,79,418.3,Karachi,11,0,1009
3/9/2041,27.4,78,414.6,Karachi,17,0,1010
3/10/2041,24.4,88,413.2,Karachi,9,0.1,1010
3/11/2041,28.2,86,414.6,Karachi,8,0,1007
3/12/2041,28.3,74,418.2,Karachi,13,0,1010
3/13/2041,28.6,77,417.3,Karachi,9,0.3,1008
3/14/2041,30.8,84,416.3,Karachi,17,0.3,1012
3/15/2041,31.1,83,416.9,Karachi,5,0,1010
3/16/2041,26.2,80,415.5,Karachi,13,0.2,1007
3/17/2041,26.2,74,415.9,Karachi,15,0.2,1017
3/18/2041,24.9,77,415.7,Karachi,16,0.1,1015
3/19/2041,30.1,77,415,Karachi,9,0.1,1017
3/20/2041,32.3,81,417.3,Karachi,13,0,1009
3/21/2041,27.1,89,416.1,Karachi,17,0,1007
3/22/2041,27.3,77,412.4,Karachi,15,0.1,1012
3/23/2041,32.4,75,416.6,Karachi,15,0.2,1013
3/24/2041,29.5,79,415.7,Karachi,12,0.1,1011
3/25/2041,29.3,85,416.8,Karachi,17,0,1004
3/26/2041,24.4,73,414.7,Karachi,16,0,1007
3/27/2041,30,87,417.4,Karachi,14,0.1,1011
3/28/2041,25.2,79,414.8,Karachi,11,0.1,1008
3/29/2041,24.6,76,417.2,Karachi,17,0,1006
3/30/2041,27,72,413.6,Karachi,15,0.1,1009
3/31/2041,26.2,84,413.8,Karachi,16,0.1,1000
4/1/2041,27.3,79,416.8,Karachi,10,0,1008
4/2/2041,23.7,81,414,Karachi,13,0,1009
4/3/2041,30.9,75,421.6,Karachi,19,0,1011
4/4/2041,31.4,78,416.7,Karachi,18,0.3,1012
4/5/2041,22.2,78,415.1,Karachi,16,0.1,1011
4/6/2041,30.9,79,417.5,Karachi,8,0.1,1013
4/7/2041,25.6,77,413.6,Karachi,19,0.1,1009
4/8/2041,30.6,72,417.8,Karachi,19,0,1006
4/9/2041,27.8,94,417.7,Karachi,9,0,1010
4/10/2041,28.1,73,418.8,Karachi,16,0.1,1007
4/11/2041,27.4,81,413.7,Karachi,5,0.1,1006
4/12/2041,31.6,71,411.3,Karachi,11,0,1012
4/13/2041,24.3,70,413.2,Karachi,10,0,1006
4/14/2041,29.8,80,414.2,Karachi,17,0.1,1012
4/15/2041,31.3,81,420,Karachi,15,0.1,1006
4/16/2041,30.1,86,421.6,Karachi,11,0,1009
4/17/2041,35,82,416,Karachi,5,0.1,1008
4/18/2041,26.4,79,415,Karachi,17,0.3,1013
4/19/2041,30.9,75,414,Karachi,11,0,1012
4/20/2041,27.7,87,417.5,Karachi,17,0.1,1008
4/21/2041,31.7,85,421.6,Karachi,11,0.1,1010
4/22/2041,28,74,420.4,Karachi,12,0,1014
4/23/2041,26.8,80,418.4,Karachi,6,0.1,1014
4/24/2041,31.9,81,418.4,Karachi,5,0.2,1006
4/25/2041,26.5,78,417.5,Karachi,16,0.2,1014
4/26/2041,23.8,84,414.9,Karachi,5,0,1014
4/27/2041,26.4,84,412.8,Karachi,12,0.2,1011
4/28/2041,29.9,79,414.9,Karachi,11,0.1,1010
4/29/2041,32.2,79,416.3,Karachi,13,0,1008
4/30/2041,28.3,87,410.6,Karachi,6,0,1006
5/1/2041,32,85,414.5,Karachi,19,0.2,1011
5/2/2041,23.9,80,412.5,Karachi,8,0.1,1009
5/3/2041,26.7,72,418,Karachi,12,0.2,1011
5/4/2041,27.1,82,413.4,Karachi,10,0,1011
5/5/2041,27.7,83,416,Karachi,6,0.1,1018
5/6/2041,28.3,66,412.9,Karachi,14,0,1014
5/7/2041,30.1,81,419.8,Karachi,6,0,1012
5/8/2041,26.7,78,409.9,Karachi,11,0.5,1004
5/9/2041,28.4,79,416.4,Karachi,13,0,1011
5/10/2041,27.9,75,411.2,Karachi,12,0.1,1015
5/11/2041,25.2,79,413.5,Karachi,18,0.2,1009
5/12/2041,27.7,87,415.6,Karachi,6,0.2,1017
5/13/2041,27.6,78,415.8,Karachi,7,0.1,1012
5/14/2041,27.5,85,415.7,Karachi,12,0.1,1011
5/15/2041,28.1,76,415.5,Karachi,8,0.1,1007
5/16/2041,28.2,84,413.1,Karachi,10,0,1015
5/17/2041,26.7,80,414.5,Karachi,16,0,1008
5/18/2041,31.8,82,415.1,Karachi,18,0,1008
5/19/2041,24.5,80,415.6,Karachi,6,0,1004
5/20/2041,25.8,83,414.8,Karachi,18,0,1013
5/21/2041,36.3,67,417.2,Karachi,5,0,1012
5/22/2041,24.9,73,415.3,Karachi,10,0,1010
5/23/2041,23.9,82,415.6,Karachi,19,0,1012
5/24/2041,30.2,70,413.9,Karachi,12,0.1,1012
5/25/2041,21.8,77,411.8,Karachi,17,0,1009
5/26/2041,27.3,80,415.5,Karachi,19,0.2,1008
5/27/2041,34.4,76,418.6,Karachi,9,0.2,1005
5/28/2041,23.4,77,416.3,Karachi,5,0,1009
5/29/2041,22.1,81,412.5,Karachi,14,0,1006
5/30/2041,23.5,85,417.4,Karachi,6,0.1,1010
5/31/2041,30.7,75,414,Karachi,7,0.3,1010
6/1/2041,31.4,77,417.1,Karachi,17,0,1009
6/2/2041,26.5,76,413.9,Karachi,17,0,1013
6/3/2041,30,68,416.1,Karachi,16,0,1007
6/4/2041,32.2,81,413.4,Karachi,6,0.1,1004
6/5/2041,33.4,85,413.5,Karachi,13,0.3,1009
6/6/2041,27.3,85,410.3,Karachi,14,0.1,1008
6/7/2041,21.1,76,416.5,Karachi,6,0.1,1010
6/8/2041,25.5,74,416.1,Karachi,7,0.1,1007
6/9/2041,26.7,80,416.3,Karachi,18,0,1011
6/10/2041,27.2,84,415.8,Karachi,18,0.1,1007
6/11/2041,27.4,81,412.7,Karachi,13,0,1007
6/12/2041,31.4,81,417.9,Karachi,15,0,1012
6/13/2041,31.8,86,418,Karachi,7,0,1010
6/14/2041,27.5,76,412.6,Karachi,12,0.1,1006
6/15/2041,31.3,79,416.6,Karachi,12,0.1,1007
6/16/2041,29.1,88,417.6,Karachi,15,0.1,1009
6/17/2041,28.2,79,413.6,Karachi,18,0,1007
6/18/2041,30.7,74,414.1,Karachi,7,0,1009
6/19/2041,28.2,77,416.6,Karachi,14,0,1009
6/20/2041,34.2,75,410.5,Karachi,18,0,1007
6/21/2041,23.7,82,411.7,Karachi,18,0.1,1012
6/22/2041,26.5,76,412,Karachi,16,0,1007
6/23/2041,27.6,81,409.6,Karachi,14,0.1,1014
6/24/2041,29.3,76,418.3,Karachi,7,0.1,1009
6/25/2041,31.8,69,409,Karachi,12,0,1008
6/26/2041,27.9,82,416,Karachi,7,0.1,1012
6/27/2041,23.7,81,417.4,Karachi,8,0,1010
6/28/2041,30.5,83,414.1,Karachi,9,0.1,1012
6/29/2041,30.3,77,413,Karachi,11,0.2,1004
6/30/2041,22.2,76,415.7,Karachi,5,0.1,1012
7/1/2041,28,82,415,Karachi,12,0,1008
7/2/2041,23.2,88,418,Karachi,7,0.2,1010
7/3/2041,26,80,407.1,Karachi,11,0.1,1010
7/4/2041,25.3,82,412.2,Karachi,15,0.1,1014
7/5/2041,30.4,78,416.7,Karachi,14,0.1,1004
7/6/2041,28.4,72,415.2,Karachi,15,0,1015
7/7/2041,24.1,85,417.3,Karachi,7,0.1,1012
7/8/2041,30.6,85,415.8,Karachi,13,0.1,1010
7/9/2041,23.7,84,414.6,Karachi,19,0.3,1006
7/10/2041,29,79,414.1,Karachi,14,0,1005
7/11/2041,25.6,83,422,Karachi,19,0,1008
7/12/2041,26.9,84,419.6,Karachi,9,0.3,1012
7/13/2041,29.5,88,416.5,Karachi,7,0,1010
7/14/2041,29.6,85,415.2,Karachi,7,0.2,1012
7/15/2041,32,80,416.6,Karachi,17,0,1006
7/16/2041,27.8,73,417.5,Karachi,8,0,1010
7/17/2041,28.9,81,416.3,Karachi,19,0,1013
7/18/2041,26.7,81,412.7,Karachi,9,0.1,1014
7/19/2041,28.5,84,420.4,Karachi,9,0,1006
7/20/2041,29.3,87,415.7,Karachi,12,0,1009
7/21/2041,27.7,80,421,Karachi,14,0,1009
7/22/2041,22.6,91,415.6,Karachi,10,0,1008
7/23/2041,29,71,414.3,Karachi,9,0.1,1013
7/24/2041,29.1,82,419.2,Karachi,6,0,1019
7/25/2041,26,76,415.9,Karachi,18,0,1007
7/26/2041,24.1,70,415.4,Karachi,9,0.1,1011
7/27/2041,32.4,79,411.4,Karachi,11,0.1,1011
7/28/2041,29.5,73,417,Karachi,15,0,1011
7/29/2041,27.3,79,413.5,Karachi,7,0.1,1014
7/30/2041,24.6,80,413.7,Karachi,18,0,1011
7/31/2041,25.5,86,413.5,Karachi,16,0,1004
8/1/2041,31.9,72,416.3,Karachi,18,0.2,1006
8/2/2041,28.4,85,410.4,Karachi,11,0.3,1007
8/3/2041,26.3,80,414.4,Karachi,17,0,1008
8/4/2041,29.5,85,417.9,Karachi,5,0.1,1010
8/5/2041,25.6,78,411.3,Karachi,17,0.1,1009
8/6/2041,32.5,73,415.5,Karachi,10,0.2,1005
8/7/2041,32.1,74,413.1,Karachi,19,0.2,1005
8/8/2041,26.6,74,413.8,Karachi,5,0.1,1004
8/9/2041,26.1,82,420,Karachi,19,0.4,1005
8/10/2041,20.1,87,410,Karachi,11,0.4,1013
8/11/2041,23.6,77,417.3,Karachi,10,0.1,1009
8/12/2041,24,83,413.6,Karachi,17,0.1,1007
8/13/2041,28.4,72,413.4,Karachi,14,0.1,1004
8/14/2041,27,81,411.7,Karachi,15,0,1007
8/15/2041,24,83,417.3,Karachi,19,0.1,1012
8/16/2041,27.2,73,414.4,Karachi,19,0.1,1011
8/17/2041,29.5,79,414,Karachi,5,0,1009
8/18/2041,29.6,84,415.3,Karachi,13,0.2,1009
8/19/2041,22.3,65,414.5,Karachi,9,0.3,1005
8/20/2041,27.6,87,409,Karachi,15,0,1008
8/21/2041,23.8,82,413.5,Karachi,11,0.2,1012
8/22/2041,30.7,84,417.7,Karachi,16,0,1008
8/23/2041,30.4,78,410.5,Karachi,5,0.1,1015
8/24/2041,25.3,71,411.7,Karachi,15,0.1,1014
8/25/2041,25.7,83,413.7,Karachi,15,0.1,1009
8/26/2041,26.6,80,412.8,Karachi,12,0.1,1009
8/27/2041,21.2,80,414.9,Karachi,12,0.2,1017
8/28/2041,29,85,411.7,Karachi,19,0.1,1013
8/29/2041,27.2,84,413.8,Karachi,13,0.1,1010
8/30/2041,30.9,90,414.9,Karachi,6,0.1,1011
8/31/2041,24.7,81,416.9,Karachi,10,0.3,1010
9/1/2041,26.1,77,418.7,Karachi,14,0,1010
9/2/2041,23.5,79,414.2,Karachi,9,0,1007
9/3/2041,25,82,420.7,Karachi,19,0.2,1009
9/4/2041,24.5,85,414.4,Karachi,10,0.1,1006
9/5/2041,31,73,417.5,Karachi,18,0.3,1012
9/6/2041,25.9,80,420.8,Karachi,9,0,1010
9/7/2041,28.4,88,415.4,Karachi,15,0.2,1012
9/8/2041,26.9,79,410.9,Karachi,19,0.2,1006
9/9/2041,24.2,85,415.3,Karachi,5,0.2,1014
9/10/2041,27.5,82,413.2,Karachi,6,0.1,1014
9/11/2041,29.8,85,414.2,Karachi,7,0,1005
9/12/2041,24.4,76,421,Karachi,11,0.1,1008
9/13/2041,30.4,76,411.3,Karachi,14,0.1,1009
9/14/2041,25.5,80,415.9,Karachi,13,0.1,1006
9/15/2041,26.6,72,412.4,Karachi,6,0.1,1009
9/16/2041,29.6,79,414.1,Karachi,16,0.1,1012
9/17/2041,26,81,417.2,Karachi,19,0,1009
9/18/2041,28.1,89,416,Karachi,17,0.1,1005
9/19/2041,27.1,82,414.3,Karachi,18,0,1012
9/20/2041,28.4,83,413.1,Karachi,14,0,1008
9/21/2041,20.9,86,415.9,Karachi,5,0.1,1008
9/22/2041,22.5,75,420.1,Karachi,19,0.1,1015
9/23/2041,29.8,79,412.3,Karachi,5,0.2,1011
9/24/2041,31.1,92,420.7,Karachi,8,0.1,1008
9/25/2041,25.3,80,418.6,Karachi,13,0.2,1006
9/26/2041,27.3,86,419.1,Karachi,8,0,1013
9/27/2041,28.9,85,415.9,Karachi,7,0.3,1013
9/28/2041,30.1,73,418.5,Karachi,14,0.3,1008
9/29/2041,21.9,82,412,Karachi,12,0.1,1006
9/30/2041,25.3,81,413,Karachi,13,0,1011
10/1/2041,27,82,417.3,Karachi,9,0.1,1012
10/2/2041,30.1,76,415.9,Karachi,6,0,1009
10/3/2041,35.5,74,414.6,Karachi,19,0.1,1007
10/4/2041,27.3,78,407.5,Karachi,8,0,1010
10/5/2041,23.8,80,413.7,Karachi,14,0.1,1011
10/6/2041,29.2,86,411.5,Karachi,12,0,1009
10/7/2041,32,89,416.5,Karachi,6,0,1011
10/8/2041,28.3,87,414.4,Karachi,13,0,1011
10/9/2041,25.3,84,413.1,Karachi,17,0,1013
10/10/2041,30.9,75,422.9,Karachi,15,0.1,1009
10/11/2041,30,78,418.1,Karachi,17,0,1007
10/12/2041,24.9,81,418.2,Karachi,18,0.1,1010
10/13/2041,29.1,77,421.6,Karachi,16,0.1,1015
10/14/2041,31,83,417.4,Karachi,18,0,1005
10/15/2041,31.5,84,412.7,Karachi,19,0,1003
10/16/2041,27.8,83,412.3,Karachi,17,0.1,1010
10/17/2041,26.9,85,417.9,Karachi,9,0.3,1009
10/18/2041,31.7,75,408.8,Karachi,16,0.1,1009
10/19/2041,24.4,85,414.8,Karachi,19,0.1,1009
10/20/2041,29.3,77,408.5,Karachi,11,0.1,1013
10/21/2041,23.9,75,415.3,Karachi,9,0.2,1010
10/22/2041,31.2,83,417.6,Karachi,7,0.3,1012
10/23/2041,27.2,86,415.8,Karachi,6,0.1,1003
10/24/2041,31.8,82,417.8,Karachi,7,0,1008
10/25/2041,29.5,80,420.9,Karachi,18,0.1,1008
10/26/2041,24.3,82,414.6,Karachi,6,0,1003
10/27/2041,32.3,81,423.4,Karachi,6,0.1,1010
10/28/2041,32.7,74,415.6,Karachi,17,0.1,1010
10/29/2041,30.6,74,417.8,Karachi,6,0.1,1009
10/30/2041,25.7,80,413.2,Karachi,16,0.1,1010
10/31/2041,27.1,80,419.9,Karachi,15,0,1010
11/1/2041,28.4,80,418.1,Karachi,6,0.4,1013
11/2/2041,25.9,83,419.4,Karachi,12,0,1012
11/3/2041,33.1,79,415.2,Karachi,17,0,1011
11/4/2041,28.4,83,411.2,Karachi,9,0.1,1017
11/5/2041,19.9,79,416.4,Karachi,17,0.2,1008
11/6/2041,29,89,409.9,Karachi,13,0.1,1006
11/7/2041,27,80,414,Karachi,15,0.1,1014
11/8/2041,27.8,92,415.6,Karachi,17,0.1,1016
11/9/2041,26.9,82,422.1,Karachi,19,0,1008
11/10/2041,30.4,79,416,Karachi,16,0.1,1014
11/11/2041,31.4,76,415.4,Karachi,9,0,1008
11/12/2041,28.8,73,414.8,Karachi,5,0.3,1012
11/13/2041,27,75,411,Karachi,12,0,1012
11/14/2041,27.9,76,415.3,Karachi,7,0,1008
11/15/2041,28.1,82,415.3,Karachi,14,0.1,1016
11/16/2041,25.6,77,412.1,Karachi,15,0.1,1016
11/17/2041,29.7,81,411.4,Karachi,14,0.1,1007
11/18/2041,29.4,86,413.6,Karachi,19,0,1011
11/19/2041,32.6,80,415.2,Karachi,6,0,1013
11/20/2041,31.8,90,413.6,Karachi,17,0.2,1004
11/21/2041,25.9,74,411.8,Karachi,10,0.1,1010
11/22/2041,30.5,79,415.9,Karachi,8,0.1,1005
11/23/2041,25.1,77,416.6,Karachi,8,0.1,1012
11/24/2041,30.1,85,415.4,Karachi,18,0.1,1010
11/25/2041,26.5,69,413.3,Karachi,17,0.1,1009
11/26/2041,24.9,73,416.8,Karachi,13,0.1,1005
11/27/2041,28.8,79,414.4,Karachi,14,0,1008
11/28/2041,20,88,411.4,Karachi,18,0.1,1012
11/29/2041,22.7,81,418.1,Karachi,16,0,1010
11/30/2041,27.5,73,416.1,Karachi,12,0.1,1014
12/1/2041,28.2,74,414.6,Karachi,7,0.1,1013
12/2/2041,26.9,88,410.3,Karachi,13,0,1013
12/3/2041,23.3,77,412.8,Karachi,17,0.1,1008
12/4/2041,25.5,75,421.1,Karachi,5,0,1011
12/5/2041,29.2,87,410.5,Karachi,19,0.3,1007
12/6/2041,29.7,85,414.2,Karachi,19,0,1006
12/7/2041,28,86,415,Karachi,16,0.6,1014
12/8/2041,31.5,75,416,Karachi,18,0.1,1006
12/9/2041,29.2,72,410.5,Karachi,11,0,1006
12/10/2041,25.8,81,415.5,Karachi,19,0,1010
12/11/2041,27.2,82,409.9,Karachi,11,0,1009
12/12/2041,23.8,82,415.3,Karachi,17,0,1009
12/13/2041,27.7,87,413,Karachi,16,0,1017
12/14/2041,31.3,71,412.4,Karachi,6,0,1007
12/15/2041,30.1,84,417.5,Karachi,11,0,1011
12/16/2041,32.2,75,414.3,Karachi,11,0.1,1010
12/17/2041,27.1,84,416.4,Karachi,19,0,1013
12/18/2041,32,78,416.5,Karachi,13,0.1,1008
12/19/2041,27.4,76,418.8,Karachi,10,0,1009
12/20/2041,32.4,77,411.4,Karachi,14,0.2,1010
12/21/2041,27.9,73,417.8,Karachi,15,0.1,1006
12/22/2041,30.1,80,415,Karachi,14,0.1,1005
12/23/2041,32.4,76,413.9,Karachi,13,0,1010
12/24/2041,27.4,84,411.6,Karachi,7,0.1,1014
12/25/2041,28.7,83,416.8,Karachi,12,0,1009
12/26/2041,31.9,88,412.2,Karachi,8,0.3,1009
12/27/2041,27.6,82,416.6,Karachi,18,0.2,1013
12/28/2041,24,83,420.8,Karachi,15,0.1,1010
12/29/2041,34.4,87,417.9,Karachi,5,0.1,1012
12/30/2041,26.6,77,419.2,Karachi,11,0.1,1018
12/31/2041,28.5,73,412.8,Karachi,17,0,1008
1/1/2042,31.5,81,417.3,Karachi,7,0.1,1009
1/2/2042,26.2,73,411.6,Karachi,8,0,1011
1/3/2042,25,92,414.3,Karachi,7,0.1,1014
1/4/2042,28.8,87,420.2,Karachi,10,0,1010
1/5/2042,22.6,91,413.2,Karachi,14,0,1012
1/6/2042,27.1,80,418.3,Karachi,17,0.1,1011
1/7/2042,28.7,83,418,Karachi,5,0,1010
1/8/2042,27.2,78,418.2,Karachi,17,0.1,1009
1/9/2042,23.4,84,411.2,Karachi,14,0.1,1008
1/10/2042,32.8,74,416.6,Karachi,19,0.3,1019
1/11/2042,28.3,67,414.5,Karachi,17,0,1005
1/12/2042,32.3,76,418.3,Karachi,19,0.1,1006
1/13/2042,27.2,73,410,Karachi,11,0.2,1011
1/14/2042,25.4,87,416.1,Karachi,14,0,1011
1/15/2042,28.8,89,415.7,Karachi,18,0.1,1011
1/16/2042,27.4,73,409,Karachi,12,0,1007
1/17/2042,24.5,86,412.3,Karachi,7,0,1007
1/18/2042,32.4,85,409.5,Karachi,13,0,1009
1/19/2042,26.1,72,412.8,Karachi,6,0.1,1013
1/20/2042,22.5,78,416.6,Karachi,19,0,1007
1/21/2042,32,77,415.6,Karachi,14,0,1010
1/22/2042,26.5,84,415.5,Karachi,15,0.1,1008
1/23/2042,26.2,74,411.9,Karachi,14,0,1005
1/24/2042,22.7,80,418.4,Karachi,13,0.1,1006
1/25/2042,33.2,77,414.9,Karachi,16,0,1013
1/26/2042,24.1,82,415.1,Karachi,9,0,1008
1/27/2042,28.2,79,417.8,Karachi,10,0.1,1014
1/28/2042,30.7,77,412,Karachi,18,0.1,1010
1/29/2042,29.3,79,415.7,Karachi,6,0.2,1006
1/30/2042,27.8,90,416.3,Karachi,9,0.1,1011
1/31/2042,22.9,78,413.4,Karachi,10,0.2,1008
2/1/2042,25.6,75,417,Karachi,9,0,1009
2/2/2042,28.6,83,416.4,Karachi,18,0.1,1013
2/3/2042,25.6,79,414.7,Karachi,8,0.1,1006
2/4/2042,28.6,73,414.6,Karachi,12,0.1,1009
2/5/2042,30,91,416.6,Karachi,6,0.4,1007
2/6/2042,30.9,78,417.4,Karachi,19,0.1,1006
2/7/2042,24.3,78,415.2,Karachi,5,0,1009
2/8/2042,34.6,81,418.4,Karachi,6,0.2,1007
2/9/2042,30.3,89,417,Karachi,17,0,1009
2/10/2042,28,72,409.6,Karachi,15,0,1012
2/11/2042,31.3,81,410.8,Karachi,8,0.1,1008
2/12/2042,35.1,90,418.5,Karachi,5,0,1006
2/13/2042,23.7,81,414.3,Karachi,13,0.1,1012
2/14/2042,27.3,74,415.5,Karachi,17,0.4,1008
2/15/2042,20.9,77,418.4,Karachi,5,0,1015
2/16/2042,28.6,81,415,Karachi,9,0.1,1009
2/17/2042,29.1,87,415.1,Karachi,12,0,1010
2/18/2042,27.9,78,412.4,Karachi,13,0,1003
2/19/2042,26,84,416.1,Karachi,13,0,1007
2/20/2042,21.9,73,416.8,Karachi,12,0.1,1003
2/21/2042,29.1,73,413.3,Karachi,10,0,1011
2/22/2042,32.4,78,412.2,Karachi,10,0.1,1010
2/23/2042,26.2,87,422.9,Karachi,17,0.1,1012
2/24/2042,29.3,80,414.7,Karachi,16,0.1,1012
2/25/2042,23.3,81,412.9,Karachi,13,0,1013
2/26/2042,29.4,81,417.1,Karachi,6,0,1009
2/27/2042,26.8,86,414.8,Karachi,7,0.1,1010
2/28/2042,25.7,77,411.7,Karachi,10,0.2,1012
3/1/2042,25.7,83,416.4,Karachi,12,0.1,1008
3/2/2042,26.8,76,412.4,Karachi,11,0.1,1007
3/3/2042,29.1,90,419.7,Karachi,12,0.2,1015
3/4/2042,24.1,76,416.5,Karachi,9,0,1005
3/5/2042,26.8,76,414.2,Karachi,13,0,1012
3/6/2042,27.9,83,415.3,Karachi,10,0.1,1011
3/7/2042,24.7,80,417.7,Karachi,16,0,1007
3/8/2042,33.4,82,415.6,Karachi,18,0.6,1008
3/9/2042,25.4,81,421.4,Karachi,14,0.1,1009
3/10/2042,26,75,418.4,Karachi,17,0,1011
3/11/2042,25.1,88,416.5,Karachi,6,0,1011
3/12/2042,33.4,84,412.2,Karachi,10,0.1,1010
3/13/2042,29.7,87,414.6,Karachi,15,0.1,1011
3/14/2042,25.2,77,416.4,Karachi,8,0.4,1012
3/15/2042,31.3,82,412.5,Karachi,9,0.1,1012
3/16/2042,28.6,81,418.9,Karachi,9,0.1,1015
3/17/2042,28.8,86,412.1,Karachi,5,0,1013
3/18/2042,27,86,413.1,Karachi,14,0,1010
3/19/2042,25.8,81,413.3,Karachi,9,0.1,1012
3/20/2042,29,72,417.2,Karachi,14,0.2,1011
3/21/2042,26.4,89,412.6,Karachi,15,0.1,1010
3/22/2042,33.5,83,409.6,Karachi,13,0.1,1007
3/23/2042,24.2,77,418.3,Karachi,19,0.1,1010
3/24/2042,32.6,82,413.7,Karachi,12,0.1,1004
3/25/2042,27.7,72,411.8,Karachi,12,0,1013
3/26/2042,28.9,85,412.7,Karachi,7,0.1,1011
3/27/2042,30.5,73,420.2,Karachi,13,0.1,1010
3/28/2042,26.1,79,413,Karachi,13,0.1,1009
3/29/2042,30.6,81,414.6,Karachi,14,0.1,1012
3/30/2042,19.9,85,413.7,Karachi,19,0,1016
3/31/2042,25.8,81,411.3,Karachi,11,0.1,1011
4/1/2042,25.2,83,412.8,Karachi,10,0.1,1016
4/2/2042,24.2,80,411.1,Karachi,13,0,1012
4/3/2042,27.4,80,417.9,Karachi,15,0.1,1008
4/4/2042,29.2,80,415.3,Karachi,10,0.1,1011
4/5/2042,30.1,79,422.4,Karachi,7,0.2,1011
4/6/2042,28.7,72,412.9,Karachi,19,0.2,1008
4/7/2042,26,76,412.4,Karachi,10,0.1,1009
4/8/2042,29.1,81,419.6,Karachi,15,0,1009
4/9/2042,28.4,79,418.2,Karachi,6,0.1,1010
4/10/2042,30.8,79,416.2,Karachi,6,0.1,1009
4/11/2042,30.3,78,411.7,Karachi,16,0.1,1011
4/12/2042,28.1,76,420.2,Karachi,11,0,1011
4/13/2042,25.3,78,414.8,Karachi,12,0.1,1014
4/14/2042,26,78,413.7,Karachi,11,0,1012
4/15/2042,26.4,80,418.4,Karachi,9,0,1008
4/16/2042,27.1,82,414.9,Karachi,8,0.4,1016
4/17/2042,28.8,79,411.5,Karachi,12,0.1,1008
4/18/2042,30.1,75,415.1,Karachi,16,0.1,1009
4/19/2042,27.8,73,412.7,Karachi,13,0.1,1012
4/20/2042,28,93,406,Karachi,11,0,1019
4/21/2042,28.4,74,412.4,Karachi,5,0.1,1011
4/22/2042,26.5,77,413.4,Karachi,8,0,1008
4/23/2042,25.2,83,411.5,Karachi,17,0.2,1005
4/24/2042,22.7,82,416.7,Karachi,8,0.1,1005
4/25/2042,25.9,83,412.7,Karachi,14,0,1010
4/26/2042,29.4,78,416.4,Karachi,7,0,1012
4/27/2042,25.9,81,411.3,Karachi,8,0.1,1006
4/28/2042,27.3,80,417.7,Karachi,13,0.1,1011
4/29/2042,29.4,78,411.2,Karachi,17,0.1,1006
4/30/2042,29.6,81,408,Karachi,5,0,1007
5/1/2042,24.8,85,418.7,Karachi,19,0.2,1012
5/2/2042,31,80,412.4,Karachi,6,0,1008
5/3/2042,31.4,80,420.3,Karachi,11,0.1,1014
5/4/2042,24.6,85,416.7,Karachi,18,0,1008
5/5/2042,25.5,85,417.4,Karachi,13,0,1013
5/6/2042,31.6,88,418.1,Karachi,11,0.1,1017
5/7/2042,27.6,71,415.3,Karachi,18,0,1008
5/8/2042,21.3,85,415.4,Karachi,5,0.2,1017
5/9/2042,23.8,83,418.8,Karachi,17,0.1,1010
5/10/2042,27.3,76,415.3,Karachi,11,0.2,1008
5/11/2042,24.5,81,412.8,Karachi,10,0.1,1009
5/12/2042,26.8,85,416.8,Karachi,17,0,1009
5/13/2042,28.1,76,408.7,Karachi,5,0.1,1014
5/14/2042,32.4,82,419,Karachi,5,0,1014
5/15/2042,27.1,84,419,Karachi,16,0.1,1014
5/16/2042,31.2,75,418.6,Karachi,6,0.1,1006
5/17/2042,32.3,79,418.5,Karachi,10,0.1,1011
5/18/2042,32.3,82,414.7,Karachi,16,0,1005
5/19/2042,28.9,76,414.7,Karachi,17,0.1,1013
5/20/2042,22.1,76,411.3,Karachi,8,0.1,1009
5/21/2042,29.4,79,420.2,Karachi,8,0.1,1012
5/22/2042,31.1,84,413.5,Karachi,10,0,1008
5/23/2042,27.8,83,416,Karachi,13,0.1,1005
5/24/2042,33.2,76,415.8,Karachi,5,0.1,1013
5/25/2042,30.6,83,411,Karachi,18,0.1,1013
5/26/2042,29.7,76,409.8,Karachi,6,0,1010
5/27/2042,31.3,72,415,Karachi,12,0.1,1004
5/28/2042,29,78,413.6,Karachi,12,0,1012
5/29/2042,20.5,86,414.7,Karachi,15,0.2,1008
5/30/2042,26.5,83,418.2,Karachi,15,0.1,1012
5/31/2042,31.6,80,415.7,Karachi,10,0.1,1009
6/1/2042,25.6,78,417.3,Karachi,10,0.1,1009
6/2/2042,27.3,78,416.3,Karachi,16,0,1011
6/3/2042,24.9,81,414.1,Karachi,12,0.1,1008
6/4/2042,33.4,75,412,Karachi,6,0,1009
6/5/2042,33,78,415.8,Karachi,6,0,1012
6/6/2042,25.3,79,415.3,Karachi,17,0,1016
6/7/2042,28.4,73,417.7,Karachi,5,0.1,1010
6/8/2042,26,76,414.5,Karachi,19,0,1013
6/9/2042,29.8,82,414.1,Karachi,10,0.2,1006
6/10/2042,29.5,80,414.3,Karachi,19,0,1015
6/11/2042,30.4,78,412.2,Karachi,10,0.4,1008
6/12/2042,29,75,419.3,Karachi,18,0.4,1010
6/13/2042,36.8,88,418.4,Karachi,10,0.1,1012
6/14/2042,24.9,76,411.4,Karachi,17,0.4,1008
6/15/2042,22.9,81,417.4,Karachi,15,0.2,1013
6/16/2042,26.8,78,409.5,Karachi,6,0,1008
6/17/2042,23.3,80,418,Karachi,11,0.3,1012
6/18/2042,23.5,82,412.9,Karachi,7,0,1013
6/19/2042,25,73,416.1,Karachi,5,0,1012
6/20/2042,25.2,80,409.2,Karachi,5,0.1,1012
6/21/2042,25.1,86,411.4,Karachi,18,0,1018
6/22/2042,29.6,89,416.4,Karachi,19,0,1011
6/23/2042,26.5,79,412.9,Karachi,13,0.3,1010
6/24/2042,27.5,80,412.5,Karachi,7,0.5,1011
6/25/2042,30.7,91,419.2,Karachi,12,0.2,1014
6/26/2042,25.7,86,421.6,Karachi,19,0.1,1017
6/27/2042,27.2,77,417.8,Karachi,14,0.2,1010
6/28/2042,29.1,77,411.7,Karachi,11,0,1007
6/29/2042,22.2,85,420.3,Karachi,17,0.3,1013
6/30/2042,20.8,75,410.3,Karachi,6,0,1006
7/1/2042,29,85,414.1,Karachi,6,0.2,1011
7/2/2042,29.5,82,415.2,Karachi,8,0.1,1011
7/3/2042,34.2,83,420.8,Karachi,6,0.3,1010
7/4/2042,28.5,79,417.7,Karachi,9,0.2,1010
7/5/2042,30.5,77,413.6,Karachi,16,0.2,1005
7/6/2042,27.4,87,412.2,Karachi,14,0.1,1007
7/7/2042,28.9,79,418,Karachi,16,0.2,1013
7/8/2042,33,78,413.4,Karachi,11,0.1,1004
7/9/2042,21.6,80,415.7,Karachi,6,0,1010
7/10/2042,29.2,81,410.9,Karachi,13,0.1,1009
7/11/2042,34.4,75,416.7,Karachi,5,0,1004
7/12/2042,28.8,77,416.5,Karachi,6,0.2,1015
7/13/2042,33,77,411.3,Karachi,11,0,1007
7/14/2042,26.1,84,418.1,Karachi,16,0.4,1012
7/15/2042,27.9,76,416.7,Karachi,9,0.1,1009
7/16/2042,28.1,71,417.2,Karachi,5,0,1007
7/17/2042,21.3,70,413.9,Karachi,8,0.3,1009
7/18/2042,24.5,73,415.5,Karachi,12,0,1009
7/19/2042,24.7,87,415.2,Karachi,9,0.1,1009
7/20/2042,30.5,80,414.6,Karachi,16,0.1,1008
7/21/2042,30.6,83,415.5,Karachi,6,0,1007
7/22/2042,29,83,418.8,Karachi,13,0.1,1013
7/23/2042,30.5,80,418.2,Karachi,5,0.1,1010
7/24/2042,27.5,80,411.5,Karachi,5,0.3,1010
7/25/2042,31.6,85,418,Karachi,14,0,1007
7/26/2042,28,81,418.6,Karachi,17,0,1015
7/27/2042,28.2,87,414.5,Karachi,9,0.1,1010
7/28/2042,27.2,83,416.5,Karachi,18,0.1,1004
7/29/2042,30.1,77,416.5,Karachi,18,0.1,1011
7/30/2042,26.7,78,412.5,Karachi,19,0,1008
7/31/2042,30.9,76,413.9,Karachi,13,0.1,1013
8/1/2042,24.6,86,417.3,Karachi,10,0.2,1013
8/2/2042,24.7,78,413.5,Karachi,19,0,1013
8/3/2042,30.1,76,417.9,Karachi,9,0,1009
8/4/2042,27.7,82,418.9,Karachi,10,0.1,1010
8/5/2042,26.6,80,418.4,Karachi,10,0,1011
8/6/2042,30.7,81,420.9,Karachi,13,0.1,1013
8/7/2042,26.2,89,414.7,Karachi,17,0,1007
8/8/2042,27.4,85,415.5,Karachi,19,0,1010
8/9/2042,32.2,80,416,Karachi,13,0.1,1016
8/10/2042,32.6,73,414.8,Karachi,9,0,1008
8/11/2042,32.7,78,416.6,Karachi,8,0.2,1010
8/12/2042,27.2,84,409.9,Karachi,5,0.3,1018
8/13/2042,31.7,74,415.6,Karachi,10,0.1,1009
8/14/2042,25.2,91,410.9,Karachi,11,0.1,1005
8/15/2042,25.3,80,412.1,Karachi,11,0,1010
8/16/2042,20.9,80,417.2,Karachi,19,0.1,1015
8/17/2042,33,77,414.4,Karachi,18,0.1,1013
8/18/2042,25.4,82,417.1,Karachi,5,0,1007
8/19/2042,27.6,74,414.3,Karachi,10,0,1011
8/20/2042,25.3,91,418.3,Karachi,12,0,1009
8/21/2042,30.1,87,414.3,Karachi,7,0,1012
8/22/2042,26.9,85,409.1,Karachi,5,0.1,1008
8/23/2042,24.1,73,415.7,Karachi,17,0.3,1011
8/24/2042,29.3,81,408.5,Karachi,11,0.1,1016
8/25/2042,23.7,86,410.6,Karachi,8,0.1,1002
8/26/2042,25.5,83,412.4,Karachi,16,0.1,1012
8/27/2042,21.7,75,412,Karachi,9,0,1014
8/28/2042,23.7,77,413.4,Karachi,6,0.1,1005
8/29/2042,28.5,78,411.9,Karachi,11,0,1008
8/30/2042,22.1,77,410.8,Karachi,18,0,1009
8/31/2042,23.6,88,419.6,Karachi,5,0.1,1008
9/1/2042,28,70,413,Karachi,19,0,1008
9/2/2042,26.4,83,408.3,Karachi,8,0,1009
9/3/2042,34,74,413.9,Karachi,12,0,1013
9/4/2042,33.5,75,411.6,Karachi,17,0,1014
9/5/2042,25.4,70,412.3,Karachi,16,0.1,1014
9/6/2042,29.7,77,417.1,Karachi,11,0,1013
9/7/2042,30.2,88,413.7,Karachi,19,0,1015
9/8/2042,26.2,81,411.5,Karachi,11,0,1016
9/9/2042,23.5,74,416.3,Karachi,11,0,1010
9/10/2042,28,85,418.4,Karachi,16,0.3,1014
9/11/2042,27.5,86,416.6,Karachi,19,0,1011
9/12/2042,26.7,81,407.6,Karachi,9,0,1009
9/13/2042,29.3,90,411.7,Karachi,15,0.1,1010
9/14/2042,25.7,84,415.1,Karachi,16,0,1013
9/15/2042,24.5,83,414.3,Karachi,16,0.1,1014
9/16/2042,28.3,76,414,Karachi,14,0,1012
9/17/2042,29.2,83,412.1,Karachi,7,0.4,1009
9/18/2042,24.5,81,410.8,Karachi,14,0.4,1009
9/19/2042,30.8,83,421,Karachi,17,0.1,1004
9/20/2042,22.7,77,415.1,Karachi,11,0.1,1011
9/21/2042,26.3,81,416.9,Karachi,12,0.1,1011
9/22/2042,27.2,76,415,Karachi,11,0.3,1007
9/23/2042,26.1,69,415.1,Karachi,10,0.1,1011
9/24/2042,26.3,85,414.8,Karachi,19,0,1011
9/25/2042,33.6,72,411.6,Karachi,13,0,1006
9/26/2042,25.4,81,410.5,Karachi,17,0,1009
9/27/2042,35.3,82,416.2,Karachi,15,0.1,1014
9/28/2042,29.3,82,415.6,Karachi,10,0,1008
9/29/2042,28.3,79,417.8,Karachi,9,0.1,1010
9/30/2042,29.4,81,417.2,Karachi,15,0,1010
10/1/2042,35.6,82,412.6,Karachi,10,0.2,1010
10/2/2042,25,84,418.4,Karachi,14,0.1,1012
10/3/2042,24.6,89,417.3,Karachi,8,0.1,1013
10/4/2042,25.7,81,417.1,Karachi,17,0.1,1014
10/5/2042,28.1,80,421.7,Karachi,19,0.2,1009
10/6/2042,22.8,75,421.1,Karachi,17,0,1012
10/7/2042,28.1,82,417.1,Karachi,10,0,1013
10/8/2042,33.1,83,416.7,Karachi,8,0.1,1010
10/9/2042,28.5,79,418.2,Karachi,9,0.1,1008
10/10/2042,27.1,83,413.2,Karachi,19,0.1,1010
10/11/2042,26.1,79,413.3,Karachi,17,0,1008
10/12/2042,30.7,83,417,Karachi,10,0,1008
10/13/2042,25.5,85,412.4,Karachi,5,0,1011
10/14/2042,33.5,84,416.8,Karachi,18,0.2,1009
10/15/2042,33.8,81,415.5,Karachi,10,0,1011
10/16/2042,28.8,75,412.4,Karachi,10,0.1,1005
10/17/2042,28,77,415.1,Karachi,5,0.2,1009
10/18/2042,31.1,83,418.9,Karachi,11,0,1003
10/19/2042,31.3,92,415.2,Karachi,16,0,1007
10/20/2042,25.6,78,415.3,Karachi,14,0,1010
10/21/2042,26.4,82,416,Karachi,9,0.1,1014
10/22/2042,24,77,416.4,Karachi,12,0,1012
10/23/2042,29.2,75,414,Karachi,18,0,1010
10/24/2042,30,77,416.1,Karachi,9,0,1009
10/25/2042,24,70,411.9,Karachi,14,0,1009
10/26/2042,26.6,87,412.6,Karachi,9,0,1014
10/27/2042,24,69,413,Karachi,6,0,1007
10/28/2042,25.3,79,416.4,Karachi,8,0,1008
10/29/2042,29.7,74,415.5,Karachi,8,0.1,1013
10/30/2042,25.8,76,414.6,Karachi,14,0,1009
10/31/2042,27.1,87,417.1,Karachi,14,0.1,1016
11/1/2042,23.1,81,416.1,Karachi,12,0.1,1012
11/2/2042,28.6,75,414.1,Karachi,7,0.2,1013
11/3/2042,27.9,77,411.9,Karachi,5,0,1005
11/4/2042,25.8,76,412.5,Karachi,11,0,1013
11/5/2042,27.4,80,410.6,Karachi,13,0.2,1007
11/6/2042,28.5,81,415.4,Karachi,10,0.2,1012
11/7/2042,25.6,89,412.4,Karachi,17,0,1009
11/8/2042,23.6,70,413.5,Karachi,17,0,1011
11/9/2042,33.4,80,414.6,Karachi,6,0.2,1007
11/10/2042,26.1,78,418.1,Karachi,18,0,1005
11/11/2042,27.7,85,417.8,Karachi,6,0.2,1010
11/12/2042,31,82,414.8,Karachi,5,0.3,1009
11/13/2042,38.6,83,418.8,Karachi,10,0,1007
11/14/2042,24.3,82,409,Karachi,18,0.2,1005
11/15/2042,29.3,75,420.6,Karachi,17,0.1,1002
11/16/2042,25.9,86,417.1,Karachi,12,0.2,1012
11/17/2042,26.4,84,415.3,Karachi,19,0.1,1009
11/18/2042,25.8,85,412.3,Karachi,5,0,1008
11/19/2042,24.6,86,413.7,Karachi,16,0.1,1011
11/20/2042,27.9,82,416.8,Karachi,5,0,1013
11/21/2042,23.6,87,416.9,Karachi,5,0.3,1011
11/22/2042,30.8,82,417,Karachi,14,0.1,1009
11/23/2042,28.2,79,412.8,Karachi,9,0,1016
11/24/2042,29.3,80,412.2,Karachi,11,0,1008
11/25/2042,26.6,80,415.6,Karachi,8,0.2,1006
11/26/2042,26.9,77,417.3,Karachi,5,0,1010
11/27/2042,28.9,88,415,Karachi,5,0.2,1009
11/28/2042,24.5,81,419.4,Karachi,14,0,1013
11/29/2042,26.9,80,415.1,Karachi,18,0.1,1008
11/30/2042,25.4,82,415,Karachi,7,0.2,1010
12/1/2042,25.3,95,417,Karachi,9,0,1007
12/2/2042,21.7,74,418.7,Karachi,17,0,1012
12/3/2042,32,76,411,Karachi,9,0.2,1010
12/4/2042,25.9,73,411.6,Karachi,13,0.1,1009
12/5/2042,31.5,79,414.1,Karachi,13,0.1,1010
12/6/2042,31.2,81,424.5,Karachi,13,0.2,1010
12/7/2042,24.1,78,414.2,Karachi,12,0.1,1006
12/8/2042,24.7,77,414.6,Karachi,18,0.2,1013
12/9/2042,35.7,81,416.9,Karachi,15,0.1,1013
12/10/2042,33.3,77,417.9,Karachi,13,0.1,1010
12/11/2042,27.9,82,415.5,Karachi,12,0,1010
12/12/2042,28.8,86,418.5,Karachi,17,0.3,1007
12/13/2042,26.1,83,411.4,Karachi,18,0.2,1015
12/14/2042,29.3,84,412.7,Karachi,12,0,1014
12/15/2042,25.8,85,418.5,Karachi,12,0.1,1011
12/16/2042,21.9,81,415,Karachi,12,0,1012
12/17/2042,24,79,411.2,Karachi,9,0.1,1014
12/18/2042,28.1,76,411,Karachi,14,0.5,1013
12/19/2042,24.6,78,412.6,Karachi,7,0,1007
12/20/2042,27.8,77,415,Karachi,8,0.3,1009
12/21/2042,24.8,84,416.4,Karachi,13,0,1011
12/22/2042,25.7,82,414,Karachi,11,0.1,1011
12/23/2042,30.6,83,416.2,Karachi,16,0.1,1012
12/24/2042,28.7,74,413.7,Karachi,13,0,1012
12/25/2042,28,87,418.7,Karachi,15,0.1,1011
12/26/2042,30.6,78,422.7,Karachi,15,0.2,1002
12/27/2042,29.4,74,413.8,Karachi,17,0,1014
12/28/2042,32.3,78,416.4,Karachi,15,0,1013
12/29/2042,26.6,92,416.2,Karachi,18,0.1,1016
12/30/2042,26.7,78,415.4,Karachi,18,0.1,1009
12/31/2042,24.1,78,417,Karachi,11,0.3,1004
1/1/2043,26.7,79,416.4,Karachi,16,0,1009
1/2/2043,30.9,79,413.6,Karachi,12,0.2,1011
1/3/2043,31.9,76,418.9,Karachi,16,0.1,1009
1/4/2043,30.9,81,415.6,Karachi,7,0,1014
1/5/2043,22.6,85,413.8,Karachi,12,0.3,1008
1/6/2043,31.2,82,422.3,Karachi,8,0,1010
1/7/2043,22.5,74,414.7,Karachi,10,0.1,1009
1/8/2043,30.7,78,415.8,Karachi,5,0.2,1018
1/9/2043,26.9,77,415.5,Karachi,6,0.1,1007
1/10/2043,30.1,80,414.6,Karachi,11,0.1,1012
1/11/2043,24,87,416.3,Karachi,10,0.1,1006
1/12/2043,31.5,79,412.5,Karachi,17,0,1011
1/13/2043,23.6,80,416.8,Karachi,14,0.1,1007
1/14/2043,26,89,409.7,Karachi,16,0.3,1013
1/15/2043,25,84,411.1,Karachi,9,0.1,1013
1/16/2043,22.7,83,420.5,Karachi,11,0.5,1011
1/17/2043,28.3,90,411.2,Karachi,6,0.1,1006
1/18/2043,33.4,82,409.1,Karachi,14,0.1,1010
1/19/2043,36,70,411.3,Karachi,8,0.1,1009
1/20/2043,28.3,84,420.2,Karachi,9,0,1012
1/21/2043,31.4,72,409.6,Karachi,12,0.2,1007
1/22/2043,28.7,82,412.1,Karachi,10,0.2,1013
1/23/2043,29.5,71,410.6,Karachi,10,0.2,1013
1/24/2043,27,78,414.2,Karachi,9,0.1,1006
1/25/2043,28.6,78,413.7,Karachi,14,0.2,1009
1/26/2043,29.6,76,413.6,Karachi,17,0.1,1010
1/27/2043,26.3,78,420.6,Karachi,19,0.1,1013
1/28/2043,27.8,85,411.4,Karachi,18,0.3,1008
1/29/2043,27.8,76,414.7,Karachi,9,0.1,1011
1/30/2043,30.5,83,416,Karachi,5,0.1,1013
1/31/2043,24.8,75,412.1,Karachi,16,0,1011
2/1/2043,27.8,79,416.5,Karachi,18,0.3,1004
2/2/2043,33.7,82,413.8,Karachi,8,0,1009
2/3/2043,31.5,75,416.1,Karachi,13,0,1013
2/4/2043,32,73,414.7,Karachi,19,0,1012
2/5/2043,28.1,82,408.8,Karachi,19,0.1,1003
2/6/2043,29,86,418.9,Karachi,6,0,1011
2/7/2043,31,80,421.2,Karachi,15,0.1,1013
2/8/2043,32.7,78,414.5,Karachi,10,0,1012
2/9/2043,22.1,81,412.3,Karachi,6,0.1,1012
2/10/2043,24.1,80,419.5,Karachi,13,0,1016
2/11/2043,31.9,81,420.7,Karachi,9,0,1010
2/12/2043,27.2,67,414.5,Karachi,13,0.2,1011
2/13/2043,26,75,414.3,Karachi,16,0,1007
2/14/2043,24.2,76,414.8,Karachi,17,0,1008
2/15/2043,26.3,81,410,Karachi,14,0.3,1009
2/16/2043,23.8,81,414.1,Karachi,9,0,1013
2/17/2043,34.3,83,420.1,Karachi,16,0,1008
2/18/2043,27.9,81,414.5,Karachi,13,0,1014
2/19/2043,27.8,73,411.9,Karachi,19,0,1007
2/20/2043,29.8,87,416.5,Karachi,6,0,1012
2/21/2043,30.9,86,413,Karachi,15,0.2,1012
2/22/2043,30.8,74,414.8,Karachi,11,0,1011
2/23/2043,31.2,82,411.2,Karachi,12,0,1013
2/24/2043,26.1,77,411.9,Karachi,7,0.2,1008
2/25/2043,27.1,81,417.2,Karachi,5,0.1,1009
2/26/2043,30.3,85,415.3,Karachi,6,0,1007
2/27/2043,26.4,91,412.7,Karachi,19,0.1,1010
2/28/2043,28,84,415.4,Karachi,19,0,1010
3/1/2043,29.2,81,413.2,Karachi,14,0.1,1013
3/2/2043,30.4,78,412.6,Karachi,9,0.1,1011
3/3/2043,22.7,81,418.5,Karachi,19,0.3,1012
3/4/2043,30.1,87,417.3,Karachi,18,0,1009
3/5/2043,27.3,80,414.9,Karachi,13,0.1,1011
3/6/2043,30.1,76,415.4,Karachi,9,0,1015
3/7/2043,30.3,72,415,Karachi,5,0.1,1006
3/8/2043,32.8,83,416.5,Karachi,16,0,1004
3/9/2043,32.1,81,412.6,Karachi,5,0.1,1012
3/10/2043,32,77,417.6,Karachi,17,0.1,1007
3/11/2043,32.3,85,416.1,Karachi,6,0.4,1006
3/12/2043,28.9,78,414.2,Karachi,5,0.2,1012
3/13/2043,28.1,79,413.5,Karachi,19,0.1,1007
3/14/2043,30.6,80,417.5,Karachi,12,0,1015
3/15/2043,30.2,78,414.5,Karachi,6,0.1,1010
3/16/2043,27.1,81,412.9,Karachi,16,0.2,1009
3/17/2043,29.2,86,413.8,Karachi,15,0,1008
3/18/2043,27.9,74,417.3,Karachi,12,0.1,1011
3/19/2043,25.4,82,410.2,Karachi,15,0,1005
3/20/2043,31.9,81,413.9,Karachi,9,0,1003
3/21/2043,28.2,81,418.2,Karachi,5,0,1005
3/22/2043,34.1,84,414.5,Karachi,8,0.3,1013
3/23/2043,23.1,80,415.8,Karachi,16,0,1007
3/24/2043,26.3,82,418.3,Karachi,6,0,1006
3/25/2043,28.1,84,417.7,Karachi,10,0.4,1010
3/26/2043,31.4,77,413.7,Karachi,19,0.1,1017
3/27/2043,29.2,81,414.6,Karachi,9,0.1,1013
3/28/2043,28.9,79,417.7,Karachi,16,0,1008
3/29/2043,24.6,79,417.8,Karachi,13,0.1,1008
3/30/2043,24.5,78,414.7,Karachi,16,0,1008
3/31/2043,29,82,414.8,Karachi,7,0.1,1007
4/1/2043,23.9,80,415.8,Karachi,9,0.1,1012
4/2/2043,26.4,82,419.1,Karachi,14,0.1,1009
4/3/2043,29.5,80,418.2,Karachi,11,0.1,1007
4/4/2043,25.1,72,417.1,Karachi,13,0.2,1006
4/5/2043,32.8,80,411.8,Karachi,7,0.1,1017
4/6/2043,31.7,80,414.2,Karachi,8,0.1,1012
4/7/2043,23.3,81,414.3,Karachi,17,0,1007
4/8/2043,25.2,77,419.3,Karachi,17,0.2,1014
4/9/2043,21.1,74,414.3,Karachi,5,0,1007
4/10/2043,25.7,83,418.8,Karachi,6,0.1,1010
4/11/2043,30.3,79,413.3,Karachi,7,0,1009
4/12/2043,26.8,81,413.5,Karachi,18,0.2,1011
4/13/2043,29.4,79,416.4,Karachi,14,0.2,1007
4/14/2043,23.4,80,419.7,Karachi,11,0,1010
4/15/2043,30.4,78,414.4,Karachi,11,0.1,1005
4/16/2043,26.3,75,407.3,Karachi,5,0,1009
4/17/2043,28,82,410.3,Karachi,13,0,1014
4/18/2043,27.7,77,415.9,Karachi,7,0.2,1013
4/19/2043,24.2,81,410.6,Karachi,17,0,1008
4/20/2043,24.5,82,412.4,Karachi,17,0,1005
4/21/2043,30.9,77,415,Karachi,7,0.1,1003
4/22/2043,29.2,74,407.7,Karachi,6,0.2,1012
4/23/2043,31.2,92,413.9,Karachi,19,0,1011
4/24/2043,29,77,411.5,Karachi,7,0,1011
4/25/2043,28.4,83,410.5,Karachi,10,0,1015
4/26/2043,22.8,90,412.6,Karachi,17,0,1010
4/27/2043,27.2,84,411.8,Karachi,14,0,1011
4/28/2043,27.9,78,416.4,Karachi,8,0.3,1006
4/29/2043,33.9,80,418.6,Karachi,6,0,1015
4/30/2043,30.1,76,413.9,Karachi,19,0.1,1010
5/1/2043,32.6,84,413.2,Karachi,12,0.3,1008
5/2/2043,29.8,83,413.8,Karachi,17,0.1,1011
5/3/2043,25.9,77,411.7,Karachi,5,0,1016
5/4/2043,28.4,75,411.1,Karachi,14,0.1,1016
5/5/2043,28.7,73,410.1,Karachi,19,0.2,1007
5/6/2043,25.2,85,411,Karachi,12,0,1014
5/7/2043,26.8,81,419.9,Karachi,6,0,1011
5/8/2043,27.4,81,412.9,Karachi,13,0,1013
5/9/2043,32.8,76,406.2,Karachi,17,0.1,1011
5/10/2043,21.8,73,413.2,Karachi,8,0,1012
5/11/2043,31.6,85,410.2,Karachi,8,0.1,1014
5/12/2043,25.2,80,415.2,Karachi,11,0.1,1005
5/13/2043,23.9,85,414.9,Karachi,7,0.1,1011
5/14/2043,31.5,78,415.2,Karachi,16,0.1,1006
5/15/2043,30.2,79,414.9,Karachi,16,0,1009
5/16/2043,31.8,84,413.9,Karachi,14,0.1,1010
5/17/2043,30.4,84,410.6,Karachi,7,0.1,1007
5/18/2043,34.2,84,414.8,Karachi,8,0.1,1008
5/19/2043,29.7,79,418.1,Karachi,14,0,1006
5/20/2043,27.5,83,420.4,Karachi,7,0.1,1008
5/21/2043,29,86,414.3,Karachi,14,0.1,1012
5/22/2043,31.7,79,414.6,Karachi,12,0.1,1013
5/23/2043,25.7,77,416.5,Karachi,13,0,1008
5/24/2043,26,87,419.5,Karachi,17,0,1014
5/25/2043,27.1,77,413.5,Karachi,17,0.1,1012
5/26/2043,21.7,83,417.1,Karachi,9,0.1,1014
5/27/2043,28.4,80,412.5,Karachi,16,0.1,1005
5/28/2043,22.3,71,416,Karachi,17,0.1,1011
5/29/2043,28.2,86,417.9,Karachi,17,0,1012
5/30/2043,30.6,66,411.1,Karachi,7,0,1005
5/31/2043,26.6,70,413.4,Karachi,11,0.1,1017
6/1/2043,33,83,417.9,Karachi,7,0.1,1008
6/2/2043,23.6,83,416.8,Karachi,10,0.1,1012
6/3/2043,31.6,77,418.1,Karachi,15,0.2,1013
6/4/2043,30,81,417.5,Karachi,8,0.1,1010
6/5/2043,22.9,67,414,Karachi,11,0,1014
6/6/2043,36.1,84,421.6,Karachi,18,0.1,1016
6/7/2043,27.8,81,415.4,Karachi,10,0.1,1007
6/8/2043,25.4,80,405.8,Karachi,17,0,1010
6/9/2043,23.8,80,414.2,Karachi,16,0.3,1013
6/10/2043,27.3,82,413.6,Karachi,19,0.1,1005
6/11/2043,27.6,80,417.4,Karachi,11,0.1,1013
6/12/2043,28.3,71,413.6,Karachi,16,0.3,1015
6/13/2043,27.1,91,418.3,Karachi,16,0,1014
6/14/2043,29.9,86,416.7,Karachi,8,0,1011
6/15/2043,26.8,74,412,Karachi,16,0,1015
6/16/2043,22.2,78,414.6,Karachi,16,0,1011
6/17/2043,27.6,79,412.7,Karachi,18,0,1006
6/18/2043,20.9,85,415.6,Karachi,17,0.5,1008
6/19/2043,29.1,69,412.7,Karachi,15,0.3,1009
6/20/2043,25.1,78,415.2,Karachi,10,0.1,1010
6/21/2043,28.5,71,414.2,Karachi,14,0.1,1010
6/22/2043,31.9,79,414.5,Karachi,11,0,1009
6/23/2043,25.2,78,421.2,Karachi,14,0.1,1011
6/24/2043,31.2,80,413.9,Karachi,12,0,1015
6/25/2043,26.7,77,409.2,Karachi,14,0,1011
6/26/2043,33.3,76,418,Karachi,19,0,1012
6/27/2043,26.9,83,418,Karachi,13,0.1,1003
6/28/2043,25.5,82,409.1,Karachi,7,0,1010
6/29/2043,30.1,83,412.9,Karachi,9,0,1013
6/30/2043,26.7,79,416.3,Karachi,16,0.1,1014
7/1/2043,25.5,77,416.6,Karachi,14,0.1,1013
7/2/2043,26.6,79,415,Karachi,19,0,1011
7/3/2043,27.9,83,415.1,Karachi,7,0,1011
7/4/2043,32,69,412.2,Karachi,9,0.2,1008
7/5/2043,22.2,82,407.8,Karachi,6,0,1013
7/6/2043,28.1,82,421.1,Karachi,7,0.1,1008
7/7/2043,29.9,80,412.1,Karachi,11,0,1012
7/8/2043,28.6,79,415.5,Karachi,18,0.1,1010
7/9/2043,31.9,67,414.5,Karachi,12,0.1,1010
7/10/2043,27.8,78,417.7,Karachi,9,0.2,1013
7/11/2043,27.4,89,415.3,Karachi,19,0.1,1012
7/12/2043,29.8,80,415.5,Karachi,18,0,1011
7/13/2043,28.3,78,407.1,Karachi,7,0.2,1009
7/14/2043,26.8,80,412.5,Karachi,8,0.1,1015
7/15/2043,29.5,82,417.2,Karachi,7,0.2,1011
7/16/2043,26,83,417,Karachi,7,0.1,1012
7/17/2043,26.2,79,412.1,Karachi,13,0.1,1010
7/18/2043,26.4,82,410.3,Karachi,8,0.7,1008
7/19/2043,32.1,88,415.4,Karachi,10,0.1,1011
7/20/2043,18.3,85,406.3,Karachi,7,0.1,1008
7/21/2043,29.2,92,411.6,Karachi,12,0.1,1011
7/22/2043,28.1,77,420.3,Karachi,16,0.1,1000
7/23/2043,23,88,419.3,Karachi,15,0.1,1009
7/24/2043,28.9,76,416.5,Karachi,19,0.2,1010
7/25/2043,29.4,82,415.9,Karachi,8,0.1,1007
7/26/2043,29.8,84,409.1,Karachi,17,0.1,1011
7/27/2043,20,77,412.8,Karachi,19,0.1,1009
7/28/2043,32.1,80,414.1,Karachi,12,0,1010
7/29/2043,25.8,85,412.8,Karachi,6,0,1008
7/30/2043,30.1,76,413.9,Karachi,13,0,1013
7/31/2043,30.2,88,418.9,Karachi,6,0.1,1012
8/1/2043,25.4,73,413.4,Karachi,7,0.2,1011
8/2/2043,30,90,414,Karachi,7,0.1,1010
8/3/2043,26.8,85,417.2,Karachi,9,0.4,1018
8/4/2043,21.8,80,410.7,Karachi,7,0,1010
8/5/2043,31.5,78,412.5,Karachi,18,0.1,1008
8/6/2043,25.7,77,412.8,Karachi,16,0,1006
8/7/2043,25.4,79,415.2,Karachi,12,0,1013
8/8/2043,26.8,80,414,Karachi,18,0.2,1015
8/9/2043,28.8,86,414.1,Karachi,14,0,1007
8/10/2043,27.8,90,413,Karachi,11,0,1009
8/11/2043,29.6,81,411.8,Karachi,15,0,1009
8/12/2043,24,76,416.8,Karachi,17,0.2,1010
8/13/2043,25.8,77,414,Karachi,5,0.1,1005
8/14/2043,27.7,79,416.9,Karachi,10,0,1012
8/15/2043,33.7,75,411.7,Karachi,6,0,1014
8/16/2043,27.7,74,413,Karachi,17,0,1004
8/17/2043,31.3,90,414.3,Karachi,17,0,1015
8/18/2043,28.1,82,414.6,Karachi,12,0.2,1015
8/19/2043,26.5,76,417.3,Karachi,14,0.3,1001
8/20/2043,27.3,84,413.7,Karachi,17,0.3,1003
8/21/2043,27.5,74,417.2,Karachi,12,0.2,1010
8/22/2043,29.8,75,416.1,Karachi,11,0.2,1014
8/23/2043,32.1,76,414.7,Karachi,19,0.2,1011
8/24/2043,29.1,88,412.1,Karachi,12,0.3,1010
8/25/2043,31.6,79,417.3,Karachi,5,0.2,1012
8/26/2043,25.1,68,412.2,Karachi,12,0.1,1008
8/27/2043,26.8,86,414.9,Karachi,5,0,1014
8/28/2043,25.8,78,414.8,Karachi,7,0.1,1010
8/29/2043,28.9,71,414.4,Karachi,8,0.1,1005
8/30/2043,26.9,78,413.8,Karachi,7,0.1,1008
8/31/2043,30.2,83,412.5,Karachi,16,0.1,1011
9/1/2043,25.2,82,410.1,Karachi,6,0.1,1009
9/2/2043,28.1,89,419.2,Karachi,17,0,1009
9/3/2043,30.1,76,413.5,Karachi,15,0,1011
9/4/2043,21.8,80,414.6,Karachi,17,0.2,1011
9/5/2043,34.4,77,414.6,Karachi,15,0.1,1006
9/6/2043,27.2,72,418.3,Karachi,7,0,1014
9/7/2043,21.9,84,420.8,Karachi,13,0.2,1010
9/8/2043,28.5,82,415.5,Karachi,16,0,1011
9/9/2043,28.1,81,414.5,Karachi,6,0.1,1010
9/10/2043,27.8,82,411.6,Karachi,19,0,1009
9/11/2043,31,77,410.7,Karachi,9,0.2,1013
9/12/2043,30.2,75,409.7,Karachi,7,0.1,1010
9/13/2043,28.9,80,412.6,Karachi,17,0.1,1010
9/14/2043,29.4,86,408.7,Karachi,13,0.3,1003
9/15/2043,27.7,88,418.2,Karachi,11,0.3,1012
9/16/2043,33.3,84,416.3,Karachi,14,0.1,1009
9/17/2043,23.6,80,414.2,Karachi,16,0.2,1012
9/18/2043,28.4,81,418.3,Karachi,16,0.1,1015
9/19/2043,28.2,80,411.8,Karachi,7,0.1,1012
9/20/2043,30.4,75,412.5,Karachi,19,0.1,1010
9/21/2043,25.5,80,409.2,Karachi,6,0,1009
9/22/2043,22.8,73,417.3,Karachi,16,0,1018
9/23/2043,28.5,79,412.6,Karachi,6,0.2,1011
9/24/2043,28.8,88,415,Karachi,9,0,1011
9/25/2043,32.5,84,418,Karachi,13,0.1,1009
9/26/2043,24.2,75,419.1,Karachi,6,0,1007
9/27/2043,31.5,80,414.9,Karachi,6,0.1,1004
9/28/2043,35.1,76,416.2,Karachi,19,0,1015
9/29/2043,26.9,80,412.3,Karachi,12,0.2,1008
9/30/2043,24.1,85,420.1,Karachi,16,0.4,1009
10/1/2043,26.8,83,414.5,Karachi,18,0.3,1010
10/2/2043,28,92,415.2,Karachi,7,0.1,1014
10/3/2043,29.7,86,413.8,Karachi,19,0.4,1008
10/4/2043,26.2,81,418.6,Karachi,7,0.1,1011
10/5/2043,32.7,83,415.6,Karachi,10,0.1,1012
10/6/2043,24.7,79,417.3,Karachi,10,0,1006
10/7/2043,22.8,74,416.1,Karachi,19,0.2,1006
10/8/2043,31.3,87,414.3,Karachi,10,0,1008
10/9/2043,21.2,85,417.8,Karachi,9,0.1,1011
10/10/2043,27.4,79,416,Karachi,8,0.2,1010
10/11/2043,37.4,81,412.1,Karachi,16,0.1,1010
10/12/2043,28,86,412,Karachi,13,0,1012
10/13/2043,24.6,84,415.4,Karachi,15,0.1,1007
10/14/2043,27.8,73,417.7,Karachi,8,0.1,1009
10/15/2043,27.8,81,419.9,Karachi,18,0,1010
10/16/2043,28.5,79,409.7,Karachi,17,0.1,1008
10/17/2043,30,86,415.1,Karachi,19,0.2,1017
10/18/2043,24.9,85,416.5,Karachi,5,0.4,1004
10/19/2043,33.1,87,415.9,Karachi,12,0.1,1014
10/20/2043,28.7,74,418,Karachi,15,0,1012
10/21/2043,30.2,76,417,Karachi,12,0.1,1012
10/22/2043,26.1,86,412,Karachi,15,0.1,1010
10/23/2043,31.9,77,412,Karachi,7,0.2,1014
10/24/2043,27.2,72,415.9,Karachi,13,0.3,1009
10/25/2043,28.8,83,418,Karachi,11,0.2,1011
10/26/2043,25.2,77,415.4,Karachi,19,0.1,1010
10/27/2043,25,89,410.3,Karachi,17,0.1,1009
10/28/2043,30.1,81,411.9,Karachi,11,0,1010
10/29/2043,26.7,81,417.1,Karachi,9,0,1007
10/30/2043,25.4,78,414,Karachi,16,0.2,1008
10/31/2043,26.1,88,415.4,Karachi,16,0.1,1015
11/1/2043,30.1,82,418.2,Karachi,7,0.1,1019
11/2/2043,26.1,78,411.4,Karachi,18,0,1012
11/3/2043,27.6,76,413.8,Karachi,14,0,1013
11/4/2043,28,80,413.4,Karachi,16,0.1,1011
11/5/2043,22.2,75,416.1,Karachi,9,0.2,1011
11/6/2043,23.6,85,417.3,Karachi,7,0,1012
11/7/2043,29,71,410.6,Karachi,17,0,1013
11/8/2043,25.8,79,415,Karachi,7,0.1,1015
11/9/2043,31.2,83,417.6,Karachi,5,0,1007
11/10/2043,30.9,82,409.4,Karachi,8,0,1018
11/11/2043,30.2,76,414.8,Karachi,18,0,1010
11/12/2043,33.5,83,411.4,Karachi,13,0.1,1010
11/13/2043,27.8,76,413.1,Karachi,16,0.1,1009
11/14/2043,29.9,80,407.5,Karachi,10,0.2,1009
11/15/2043,26.2,83,419.2,Karachi,10,0.1,1012
11/16/2043,35.4,82,413.9,Karachi,10,0.1,1012
11/17/2043,34,77,412.6,Karachi,17,0,1012
11/18/2043,28,86,416,Karachi,9,0.1,1009
11/19/2043,29.2,80,411.9,Karachi,6,0.1,1002
11/20/2043,32.1,84,411.6,Karachi,9,0,1005
11/21/2043,27.6,88,419.5,Karachi,15,0.1,1010
11/22/2043,26,86,420.4,Karachi,14,0,1011
11/23/2043,30.6,86,413.2,Karachi,7,0.1,1009
11/24/2043,28.2,81,418.2,Karachi,14,0.1,1008
11/25/2043,28.5,84,416.1,Karachi,15,0.1,1011
11/26/2043,25.5,81,410.8,Karachi,6,0.2,1010
11/27/2043,22.8,74,412.2,Karachi,16,0.3,1009
11/28/2043,28.7,82,419.7,Karachi,18,0.2,1005
11/29/2043,30.7,81,410.7,Karachi,8,0.2,1007
11/30/2043,27.3,83,421.8,Karachi,14,0,1013
12/1/2043,32.3,79,413.3,Karachi,13,0,1007
12/2/2043,25.9,76,419.7,Karachi,11,0,1012
12/3/2043,24.8,83,414.1,Karachi,14,0,1014
12/4/2043,27.8,73,417.4,Karachi,13,0,1008
12/5/2043,27.8,87,419.2,Karachi,18,0.2,1009
12/6/2043,30.3,79,419.2,Karachi,7,0.1,1013
12/7/2043,25.7,81,413.2,Karachi,6,0.1,1014
12/8/2043,32.1,83,412.4,Karachi,13,0,1008
12/9/2043,33.9,83,414.8,Karachi,10,0.1,1005
12/10/2043,27.9,73,411.1,Karachi,14,0.2,1014
12/11/2043,31.7,84,415.7,Karachi,8,0,1012
12/12/2043,24.8,82,412.5,Karachi,8,0.3,1011
12/13/2043,31.2,77,418.2,Karachi,14,0,1013
12/14/2043,31.1,76,413.3,Karachi,14,0.3,1006
12/15/2043,30.6,78,409.8,Karachi,17,0,1011
12/16/2043,28,74,419.2,Karachi,10,0.1,1009
12/17/2043,19.1,89,415.6,Karachi,11,0.4,1012
12/18/2043,26.1,87,415.1,Karachi,16,0.1,1012
12/19/2043,26.1,82,418.3,Karachi,15,0.1,1013
12/20/2043,25.1,79,417.6,Karachi,14,0.1,1012
12/21/2043,28.4,79,412.7,Karachi,9,0,1011
12/22/2043,26.7,84,413.7,Karachi,19,0,1011
12/23/2043,25.5,89,411.7,Karachi,18,0,1011
12/24/2043,24.8,77,410.6,Karachi,12,0,1008
12/25/2043,25.9,74,416.7,Karachi,14,0.3,1009
12/26/2043,31.4,88,416.2,Karachi,16,0.2,1011
12/27/2043,26,71,417.3,Karachi,5,0,1012
12/28/2043,26.5,75,418.8,Karachi,18,0.2,1008
12/29/2043,26.6,79,417.3,Karachi,5,0,1007
12/30/2043,29,72,417.6,Karachi,8,0,1005
12/31/2043,29.4,86,408.8,Karachi,12,0.1,1006
1/1/2044,18.9,84,414.1,Karachi,15,0,1008
1/2/2044,31.1,77,417.9,Karachi,12,0,1009
1/3/2044,32.3,86,411.5,Karachi,10,0.1,1009
1/4/2044,24.8,87,415.3,Karachi,9,0.5,1006
1/5/2044,25.1,79,416.6,Karachi,14,0.1,1005
1/6/2044,26.6,78,416.3,Karachi,14,0,1010
1/7/2044,25.7,91,416.1,Karachi,19,0,1010
1/8/2044,28.7,84,416.8,Karachi,6,0.1,1012
1/9/2044,22.2,81,415.5,Karachi,17,0.1,1012
1/10/2044,24.6,87,410.6,Karachi,9,0.2,1011
1/11/2044,32.6,82,416.5,Karachi,16,0.2,1010
1/12/2044,25.2,77,415.9,Karachi,9,0.2,1013
1/13/2044,31.7,80,410.7,Karachi,6,0.1,1014
1/14/2044,29.1,85,419.1,Karachi,12,0.1,1008
1/15/2044,22.6,70,416.6,Karachi,18,0.1,1012
1/16/2044,29.9,79,410.9,Karachi,19,0.1,1008
1/17/2044,27.6,87,412.5,Karachi,14,0,1011
1/18/2044,26.6,77,413.3,Karachi,9,0.1,1013
1/19/2044,28.7,88,413.3,Karachi,9,0,1009
1/20/2044,29.4,87,415.9,Karachi,19,0.2,1007
1/21/2044,30.1,80,412.1,Karachi,16,0,1009
1/22/2044,31.5,77,418.4,Karachi,5,0.2,1007
1/23/2044,29.2,79,418.1,Karachi,17,0,1007
1/24/2044,23.9,93,416.9,Karachi,5,0.1,1014
1/25/2044,26.6,89,415.1,Karachi,15,0,1012
1/26/2044,36.8,81,417.8,Karachi,19,0.1,1008
1/27/2044,30.2,77,414.2,Karachi,5,0,1007
1/28/2044,35.1,81,412.8,Karachi,12,0.1,1007
1/29/2044,32.2,81,418.6,Karachi,17,0,1008
1/30/2044,28.7,74,416,Karachi,14,0.1,1013
1/31/2044,28.9,80,412.9,Karachi,6,0.2,1010
2/1/2044,27.9,87,413.7,Karachi,12,0.1,1016
2/2/2044,22.8,71,412.8,Karachi,17,0,1010
2/3/2044,28.1,84,421.1,Karachi,16,0.1,1008
2/4/2044,31.6,87,415,Karachi,10,0.2,1013
2/5/2044,26.2,77,415.5,Karachi,17,0.1,1005
2/6/2044,29.2,88,417.2,Karachi,9,0,1011
2/7/2044,30.6,77,411.4,Karachi,10,0,1006
2/8/2044,25.3,82,418.3,Karachi,8,0.1,1003
2/9/2044,26.6,78,413.2,Karachi,16,0,1010
2/10/2044,24.9,78,420.5,Karachi,15,0.1,1013
2/11/2044,25.5,77,414.1,Karachi,7,0.1,1011
2/12/2044,24.1,83,418.1,Karachi,15,0,1010
2/13/2044,25.3,84,407.5,Karachi,8,0.1,1002
2/14/2044,32.3,80,411.5,Karachi,13,0.2,1010
2/15/2044,25.3,73,414.1,Karachi,17,0,1010
2/16/2044,28.4,82,408.9,Karachi,19,0,1012
2/17/2044,26.5,82,416.8,Karachi,12,0.1,1007
2/18/2044,31.5,79,415.9,Karachi,15,0,1012
2/19/2044,31.9,89,412,Karachi,12,0.2,1008
2/20/2044,30.6,72,415,Karachi,19,0.3,1009
2/21/2044,28.9,69,417.4,Karachi,5,0.3,1012
2/22/2044,27.3,76,408.7,Karachi,9,0.1,1006
2/23/2044,24.4,84,411.2,Karachi,10,0.1,1012
2/24/2044,33.8,75,414,Karachi,18,0.2,1006
2/25/2044,25.7,75,415.1,Karachi,18,0,1012
2/26/2044,30,85,414.8,Karachi,19,0,1009
2/27/2044,31.2,82,417.7,Karachi,13,0,1010
2/28/2044,26.3,82,416.4,Karachi,18,0.2,1001
2/29/2044,31.1,84,417.1,Karachi,14,0.1,1008
3/1/2044,30.3,78,410.8,Karachi,14,0.1,1009
3/2/2044,33.2,78,415.4,Karachi,10,0.1,1015
3/3/2044,26.6,84,414.1,Karachi,19,0.1,1010
3/4/2044,24.1,73,419.4,Karachi,17,0,1008
3/5/2044,26.5,69,415.5,Karachi,5,0.1,1013
3/6/2044,28.6,78,413,Karachi,5,0.1,1008
3/7/2044,28.2,85,417.6,Karachi,18,0.1,1013
3/8/2044,26.8,81,416.7,Karachi,16,0.1,1011
3/9/2044,22.3,84,412.5,Karachi,11,0.1,1007
3/10/2044,29.4,70,414,Karachi,7,0.2,1013
3/11/2044,33.9,82,414,Karachi,11,0.1,1012
3/12/2044,29.4,83,418.7,Karachi,9,0.1,1013
3/13/2044,29.8,73,415.6,Karachi,5,0.2,1009
3/14/2044,29.7,84,417.2,Karachi,15,0.2,1012
3/15/2044,29.2,79,413.5,Karachi,18,0.1,1016
3/16/2044,30.8,95,416,Karachi,12,0,1011
3/17/2044,29.2,69,418.9,Karachi,17,0,1009
3/18/2044,27.1,87,413.9,Karachi,13,0,1015
3/19/2044,25.6,78,415.3,Karachi,10,0,1012
3/20/2044,27.3,72,410.9,Karachi,6,0.1,1009
3/21/2044,28.9,77,412.7,Karachi,13,0.2,1015
3/22/2044,27.1,81,414,Karachi,6,0.1,1006
3/23/2044,28.9,85,411.8,Karachi,10,0,1012
3/24/2044,29.3,89,419,Karachi,14,0,1013
3/25/2044,30.5,87,412.5,Karachi,8,0.1,1013
3/26/2044,31.8,75,417.4,Karachi,18,0.1,1007
3/27/2044,28.2,86,415.6,Karachi,10,0.2,1006
3/28/2044,24.1,82,415.1,Karachi,8,0.3,1011
3/29/2044,27,77,419.5,Karachi,15,0.2,1012
3/30/2044,28.1,79,408.2,Karachi,17,0.1,1007
3/31/2044,22.5,76,414.4,Karachi,7,0.1,1011
4/1/2044,32.2,80,411.8,Karachi,19,0,1006
4/2/2044,28.4,76,409.1,Karachi,16,0,1013
4/3/2044,29.1,75,411.4,Karachi,15,0,1008
4/4/2044,32.1,82,415.1,Karachi,12,0,1010
4/5/2044,26.1,83,412.8,Karachi,17,0,1013
4/6/2044,29.7,79,417.7,Karachi,9,0.2,1012
4/7/2044,27.7,87,414.4,Karachi,5,0.1,1011
4/8/2044,27.4,79,414,Karachi,12,0.2,1013
4/9/2044,25.7,78,414,Karachi,7,0.3,1011
4/10/2044,33,83,414.7,Karachi,8,0.5,1014
4/11/2044,26.9,79,413.7,Karachi,13,0.3,1005
4/12/2044,30.1,80,412.4,Karachi,7,0.1,1010
4/13/2044,22.4,67,418,Karachi,18,0.1,1010
4/14/2044,31.5,80,413.1,Karachi,9,0.1,1009
4/15/2044,31.2,71,413.8,Karachi,16,0.2,1011
4/16/2044,28.3,74,416.3,Karachi,12,0.2,1011
4/17/2044,27.3,73,416,Karachi,10,0.3,1012
4/18/2044,29.2,75,412.3,Karachi,7,0.1,1006
4/19/2044,34.9,77,417.3,Karachi,12,0.1,1017
4/20/2044,22.7,78,416.6,Karachi,17,0.3,1009
4/21/2044,30.3,83,415.5,Karachi,9,0.3,1011
4/22/2044,25.3,81,413.7,Karachi,10,0.1,1009
4/23/2044,27.9,70,413.8,Karachi,15,0.1,1010
4/24/2044,27.3,80,414.4,Karachi,7,0.2,1008
4/25/2044,26.7,82,411.3,Karachi,12,0.1,1011
4/26/2044,28,78,414.9,Karachi,8,0.2,1012
4/27/2044,24.6,80,417.7,Karachi,13,0,1003
4/28/2044,31.1,81,417.6,Karachi,9,0.1,1009
4/29/2044,22.6,84,413.9,Karachi,5,0.1,1009
4/30/2044,29.6,72,418.2,Karachi,13,0.1,1017
5/1/2044,27,79,420.7,Karachi,12,0,1013
5/2/2044,24.5,88,414.1,Karachi,9,0,1015
5/3/2044,28.6,87,417.1,Karachi,7,0.2,1012
5/4/2044,23.3,84,408.2,Karachi,17,0,1010
5/5/2044,28.1,83,411.2,Karachi,18,0,1011
5/6/2044,23.7,88,415.3,Karachi,13,0.1,1013
5/7/2044,29.4,90,412,Karachi,16,0.1,1015
5/8/2044,25.2,79,421.1,Karachi,17,0.2,1011
5/9/2044,26.6,75,416.8,Karachi,11,0.1,1008
5/10/2044,28.9,79,417.9,Karachi,16,0.1,1013
5/11/2044,25.7,95,414.9,Karachi,15,0.1,1007
5/12/2044,27.8,72,412,Karachi,12,0.3,1011
5/13/2044,23.5,78,413.4,Karachi,7,0,1012
5/14/2044,29.9,73,415.8,Karachi,10,0,1010
5/15/2044,33.3,81,413.1,Karachi,16,0.4,1007
5/16/2044,36.4,74,417,Karachi,19,0.1,1009
5/17/2044,28.3,79,417.1,Karachi,8,0.1,1009
5/18/2044,30.4,70,415,Karachi,17,0,1007
5/19/2044,22.7,83,409.5,Karachi,7,0.1,1009
5/20/2044,32.5,86,420.1,Karachi,8,0,1006
5/21/2044,30.3,78,414.4,Karachi,6,0,1012
5/22/2044,26.5,79,423.1,Karachi,9,0.1,1011
5/23/2044,31.7,79,417,Karachi,12,0.4,1011
5/24/2044,27.2,81,414.4,Karachi,9,0,1009
5/25/2044,26.6,80,416.3,Karachi,6,0,1009
5/26/2044,29.4,84,408.9,Karachi,11,0,1008
5/27/2044,24.8,86,418.1,Karachi,12,0.2,1012
5/28/2044,31.1,76,422.7,Karachi,15,0.1,1006
5/29/2044,24.8,78,408.7,Karachi,16,0,1010
5/30/2044,24.8,85,414.1,Karachi,8,0.2,1008
5/31/2044,25.3,73,414.7,Karachi,7,0,1015
6/1/2044,30.3,70,417.6,Karachi,19,0,1012
6/2/2044,26.1,81,421.3,Karachi,12,0,1010
6/3/2044,24,82,416.1,Karachi,14,0,1007
6/4/2044,26.2,76,421.4,Karachi,6,0,1006
6/5/2044,27.9,77,415.5,Karachi,11,0,1011
6/6/2044,24.5,76,416.4,Karachi,14,0.1,1015
6/7/2044,24.5,76,416,Karachi,12,0,1011
6/8/2044,34.3,83,418.7,Karachi,9,0,1011
6/9/2044,25.4,74,413.7,Karachi,11,0,1011
6/10/2044,27,79,417.5,Karachi,16,0,1010
6/11/2044,26.9,75,411.3,Karachi,13,0,1011
6/12/2044,26.7,73,414.1,Karachi,17,0,1008
6/13/2044,29.9,84,413.1,Karachi,12,0.4,1007
6/14/2044,30.8,77,415.3,Karachi,9,0.1,1010
6/15/2044,27.1,81,414.1,Karachi,8,0.1,1014
6/16/2044,24.3,72,418.4,Karachi,7,0.2,1012
6/17/2044,31.8,76,412.4,Karachi,19,0.1,1006
6/18/2044,27.7,84,409.8,Karachi,19,0.1,1009
6/19/2044,33.2,93,410.9,Karachi,10,0.1,1012
6/20/2044,21.3,70,418,Karachi,8,0.1,1015
6/21/2044,28.6,79,412.1,Karachi,15,0.3,1015
6/22/2044,33.8,82,416.2,Karachi,8,0,1009
6/23/2044,26.9,77,414.1,Karachi,17,0,1012
6/24/2044,27.3,84,417.5,Karachi,11,0,1011
6/25/2044,28.9,76,414.3,Karachi,18,0.2,1010
6/26/2044,26.3,81,423.3,Karachi,19,0.1,1010
6/27/2044,27.1,77,420.7,Karachi,14,0.2,1010
6/28/2044,27,86,414.1,Karachi,17,0.1,1014
6/29/2044,26.1,77,413.6,Karachi,9,0.1,1006
6/30/2044,31.7,78,424.4,Karachi,5,0.1,1011
7/1/2044,29.4,85,411.8,Karachi,17,0.1,1015
7/2/2044,28.8,75,414.8,Karachi,9,0.1,1014
7/3/2044,30.4,80,415.1,Karachi,17,0,1012
7/4/2044,27.2,71,415,Karachi,10,0.1,1008
7/5/2044,25.7,75,409.8,Karachi,5,0,1012
7/6/2044,26.2,82,416.5,Karachi,7,0.1,1014
7/7/2044,28,75,412.1,Karachi,10,0.1,1008
7/8/2044,24.8,77,419.3,Karachi,18,0.2,1011
7/9/2044,26.5,82,410.6,Karachi,19,0.2,1009
7/10/2044,26.5,77,415.2,Karachi,19,0.1,1008
7/11/2044,34.4,84,408.4,Karachi,11,0,1009
7/12/2044,19.7,81,408.5,Karachi,11,0.2,1010
7/13/2044,27.5,82,412.5,Karachi,11,0,1007
7/14/2044,33.2,86,412.9,Karachi,13,0.1,1007
7/15/2044,28.4,82,419.4,Karachi,6,0,1007
7/16/2044,30.3,88,414.9,Karachi,7,0,1011
7/17/2044,28.3,85,418.9,Karachi,11,0.1,1006
7/18/2044,26,77,413.9,Karachi,10,0,1003
7/19/2044,21.3,86,416.8,Karachi,18,0.3,1014
7/20/2044,28.6,81,412.8,Karachi,5,0.1,1007
7/21/2044,25.7,78,412.6,Karachi,14,0.1,1009
7/22/2044,25.6,81,409.5,Karachi,11,0,1013
7/23/2044,26.5,86,416,Karachi,6,0,1006
7/24/2044,33.2,82,415.8,Karachi,8,0.1,1006
7/25/2044,35.2,89,417.3,Karachi,11,0.1,1008
7/26/2044,28.7,85,415.6,Karachi,8,0.1,1013
7/27/2044,26.6,83,421.1,Karachi,10,0.1,1010
7/28/2044,24.5,75,415.5,Karachi,18,0.1,1010
7/29/2044,29.4,79,418,Karachi,17,0.1,1009
7/30/2044,33.3,80,414,Karachi,15,0.1,1012
7/31/2044,27.3,83,412.3,Karachi,13,0.1,1014
8/1/2044,20.9,83,417.2,Karachi,9,0.2,1019
8/2/2044,30,81,414.7,Karachi,7,0.1,1010
8/3/2044,31,81,417.5,Karachi,10,0,1015
8/4/2044,23.2,84,416.1,Karachi,8,0.1,1013
8/5/2044,28.5,76,412.6,Karachi,13,0.1,1011
8/6/2044,29.4,88,418.2,Karachi,6,0,1003
8/7/2044,27.8,70,412.4,Karachi,14,0.1,1009
8/8/2044,25.6,87,416.9,Karachi,9,0.1,1009
8/9/2044,31,80,418.8,Karachi,17,0.1,1011
8/10/2044,26.8,85,413.8,Karachi,13,0.2,1009
8/11/2044,23.5,82,418.5,Karachi,14,0.2,1008
8/12/2044,21.9,82,416.2,Karachi,11,0,1016
8/13/2044,31.8,83,417.6,Karachi,19,0.1,1014
8/14/2044,29.8,84,412.5,Karachi,9,0.1,1004
8/15/2044,28.3,78,415.6,Karachi,12,0,1009
8/16/2044,26.7,85,410.8,Karachi,6,0,1012
8/17/2044,26.4,75,420.1,Karachi,8,0,1014
8/18/2044,24.8,80,409,Karachi,17,0,1009
8/19/2044,26.7,84,413.9,Karachi,10,0.2,1009
8/20/2044,21.6,85,412.2,Karachi,11,0,1010
8/21/2044,25.8,82,417,Karachi,15,0,1012
8/22/2044,27.1,78,420.8,Karachi,12,0,1005
8/23/2044,29.8,84,417,Karachi,17,0.1,1004
8/24/2044,27.9,77,423.9,Karachi,8,0,1014
8/25/2044,30.4,89,410.9,Karachi,13,0,1007
8/26/2044,32,80,411.1,Karachi,11,0,1016
8/27/2044,31.2,72,412.3,Karachi,6,0,1007
8/28/2044,29.4,74,415.4,Karachi,19,0.1,1009
8/29/2044,28,80,411.9,Karachi,18,0.1,1011
8/30/2044,25.1,81,412.7,Karachi,13,0,1004
8/31/2044,30.2,90,416.9,Karachi,11,0,1019
9/1/2044,33,75,411.3,Karachi,9,0,1009
9/2/2044,29,80,411.6,Karachi,7,0.2,1007
9/3/2044,33.8,75,413.8,Karachi,13,0,1007
9/4/2044,23.4,78,414.1,Karachi,11,0.6,1011
9/5/2044,24.5,88,418,Karachi,7,0.2,1011
9/6/2044,30.6,74,412.3,Karachi,9,0.1,1007
9/7/2044,28.8,83,412.8,Karachi,19,0.1,1006
9/8/2044,31.9,82,416.7,Karachi,7,0.1,1013
9/9/2044,28,80,417.4,Karachi,7,0.1,1008
9/10/2044,25.4,83,419.3,Karachi,16,0.1,1005
9/11/2044,27.4,74,416.4,Karachi,11,0.1,1010
9/12/2044,23.4,88,415.4,Karachi,13,0,1009
9/13/2044,24.6,90,416.7,Karachi,9,0.1,1016
9/14/2044,30.9,80,414.2,Karachi,16,0.1,1008
9/15/2044,30.6,92,414.2,Karachi,15,0,1009
9/16/2044,29.1,78,409.7,Karachi,8,0.4,1011
9/17/2044,22.8,82,417.7,Karachi,8,0,1008
9/18/2044,26.9,87,415.6,Karachi,7,0.2,1011
9/19/2044,24.3,78,417.3,Karachi,17,0.1,1007
9/20/2044,31.5,73,406.6,Karachi,19,0.1,1009
9/21/2044,26.2,72,414.9,Karachi,12,0.2,1011
9/22/2044,24.7,90,412.4,Karachi,14,0.2,1013
9/23/2044,28.1,77,419.5,Karachi,16,0,1008
9/24/2044,26.1,79,416.8,Karachi,5,0.1,1008
9/25/2044,32.5,74,415.7,Karachi,7,0,1015
9/26/2044,25.8,85,413.7,Karachi,6,0.1,1008
9/27/2044,23.8,76,416.2,Karachi,16,0.3,1010
9/28/2044,21.5,78,412.2,Karachi,15,0,1015
9/29/2044,27.9,81,414.7,Karachi,15,0,1010
9/30/2044,26.3,75,413.3,Karachi,16,0.1,1009
10/1/2044,23.7,79,421.8,Karachi,11,0,1009
10/2/2044,31.6,87,419.4,Karachi,10,0,1008
10/3/2044,30,82,418.2,Karachi,18,0.1,1011
10/4/2044,27.9,81,410.5,Karachi,5,0.1,1007
10/5/2044,32.1,81,417.6,Karachi,7,0.1,1012
10/6/2044,30,78,415.6,Karachi,15,0.1,1010
10/7/2044,25.5,90,418.7,Karachi,8,0.5,1011
10/8/2044,24.9,76,416,Karachi,14,0.3,1015
10/9/2044,30.5,81,415,Karachi,15,0.1,1006
10/10/2044,29.2,81,415.7,Karachi,11,0,1010
10/11/2044,28.5,85,409.6,Karachi,7,0,1012
10/12/2044,25.5,86,412.7,Karachi,8,0.2,1008
10/13/2044,29.8,80,416.1,Karachi,18,0.1,1013
10/14/2044,25.7,81,418.4,Karachi,15,0.3,1008
10/15/2044,27.7,82,413.3,Karachi,11,0.1,1011
10/16/2044,32.3,69,414.9,Karachi,8,0.2,1010
10/17/2044,26,72,410.2,Karachi,13,0,1010
10/18/2044,23.3,77,419.4,Karachi,16,0.1,1010
10/19/2044,24.8,77,418.3,Karachi,19,0.1,1010
10/20/2044,31,74,417,Karachi,10,0.2,1009
10/21/2044,28.8,84,416.2,Karachi,6,0.1,1008
10/22/2044,27.6,80,419.7,Karachi,15,0,1011
10/23/2044,26.5,79,412.6,Karachi,5,0.2,1010
10/24/2044,29.5,74,412.3,Karachi,12,0.1,1008
10/25/2044,25.5,80,418.2,Karachi,15,0,1011
10/26/2044,28.9,67,418,Karachi,7,0.1,1009
10/27/2044,25.8,79,411.4,Karachi,11,0.1,1015
10/28/2044,25.3,80,413.4,Karachi,18,0.1,1017
10/29/2044,26.1,81,420.1,Karachi,8,0.2,1014
10/30/2044,26.9,72,416.2,Karachi,7,0.1,1014
10/31/2044,27.9,81,417.4,Karachi,18,0.1,1012
11/1/2044,28.7,75,411.5,Karachi,13,0,1009
11/2/2044,16.9,76,417,Karachi,19,0.1,1004
11/3/2044,25.6,84,410.7,Karachi,10,0,1007
11/4/2044,26.8,90,409.1,Karachi,10,0,1008
11/5/2044,32.5,80,417.2,Karachi,10,0,1014
11/6/2044,24.8,76,419.3,Karachi,19,0,1011
11/7/2044,28.5,81,414.2,Karachi,17,0,1008
11/8/2044,32.5,85,413.4,Karachi,18,0.1,1004
11/9/2044,24.1,83,420.1,Karachi,7,0,1017
11/10/2044,29.2,94,414.4,Karachi,10,0,1012
11/11/2044,25.6,76,414.8,Karachi,8,0.3,1013
11/12/2044,26.5,81,420.1,Karachi,6,0.1,1008
11/13/2044,25.6,88,413.9,Karachi,7,0.1,1010
11/14/2044,25.8,87,413,Karachi,18,0,1009
11/15/2044,36.2,70,417.4,Karachi,18,0.1,1010
11/16/2044,30.5,80,412.9,Karachi,8,0.1,1016
11/17/2044,31.3,87,414.6,Karachi,15,0.1,1006
11/18/2044,29.5,94,411,Karachi,17,0.1,1010
11/19/2044,23.2,84,415.6,Karachi,17,0.1,1011
11/20/2044,29.2,78,415.2,Karachi,5,0.3,1010
11/21/2044,31.2,75,417.9,Karachi,17,0.2,1013
11/22/2044,25.4,91,417.6,Karachi,19,0,1005
11/23/2044,30.9,84,416.7,Karachi,11,0.1,1016
11/24/2044,30.1,76,416.2,Karachi,16,0,1006
11/25/2044,33.6,79,414.8,Karachi,9,0.1,1007
11/26/2044,26.7,82,416.8,Karachi,16,0.1,1009
11/27/2044,24.7,83,411.7,Karachi,15,0.1,1008
11/28/2044,26.9,76,408,Karachi,13,0.1,1011
11/29/2044,32.3,77,418.5,Karachi,18,0.1,1011
11/30/2044,22.5,72,417,Karachi,10,0.1,1010
12/1/2044,21.8,85,414.6,Karachi,18,0,1006
12/2/2044,28.3,78,418.2,Karachi,12,0.1,1010
12/3/2044,26.7,82,412.8,Karachi,13,0.2,1010
12/4/2044,28,87,412.9,Karachi,10,0,1014
12/5/2044,30.8,81,412.5,Karachi,17,0,1011
12/6/2044,26.3,79,416.7,Karachi,11,0.2,1011
12/7/2044,22.4,81,410.3,Karachi,10,0.1,1016
12/8/2044,34.1,80,412.7,Karachi,10,0.1,1007
12/9/2044,25,86,415.9,Karachi,6,0.1,1009
12/10/2044,24.8,82,411.4,Karachi,19,0.4,1007
12/11/2044,31.3,77,413,Karachi,9,0.3,1015
12/12/2044,26.8,85,408.4,Karachi,10,0,1015
12/13/2044,27.8,86,416.8,Karachi,14,0,1015
12/14/2044,29.4,73,412.9,Karachi,9,0.1,1012
12/15/2044,31.3,88,411.7,Karachi,8,0,1011
12/16/2044,27,82,411.1,Karachi,16,0.1,1009
12/17/2044,32.6,81,413.7,Karachi,10,0.1,1012
12/18/2044,21.6,85,410.3,Karachi,10,0.2,1006
12/19/2044,30.3,77,420.8,Karachi,12,0.2,1006
12/20/2044,25.5,85,407.8,Karachi,12,0,1009
12/21/2044,32.1,78,413.6,Karachi,14,0.2,1016
12/22/2044,28.4,73,415.3,Karachi,5,0.1,1008
12/23/2044,26,75,412.7,Karachi,6,0,1009
12/24/2044,30,83,415.6,Karachi,15,0.1,1011
12/25/2044,30.7,75,412.6,Karachi,5,0.2,1013
12/26/2044,29.9,88,419.6,Karachi,14,0.1,1014
12/27/2044,24.9,86,411.6,Karachi,11,0.5,1007
12/28/2044,26.5,87,407.9,Karachi,12,0.1,1010
12/29/2044,28,81,411.1,Karachi,19,0.1,1011
12/30/2044,27.9,81,416.2,Karachi,7,0,1011
12/31/2044,30.2,74,414.6,Karachi,7,0,1013
1/1/2045,22,85,417.3,Karachi,11,0.1,1012
1/2/2045,29,82,416.5,Karachi,12,0.1,1010
1/3/2045,27.1,83,413.1,Karachi,18,0.1,1013
1/4/2045,25.5,88,413.5,Karachi,19,0.1,1013
1/5/2045,25.8,77,413.8,Karachi,17,0.2,1013
1/6/2045,27.4,79,420.7,Karachi,10,0,1008
1/7/2045,17.2,82,417.1,Karachi,12,0.1,1012
1/8/2045,25.9,75,420.7,Karachi,6,0.1,1014
1/9/2045,25.4,79,417.5,Karachi,11,0,1008
1/10/2045,29.6,82,414.8,Karachi,16,0.3,1010
1/11/2045,25.6,78,411.9,Karachi,19,0.1,1015
1/12/2045,27.4,87,415.6,Karachi,18,0,1011
1/13/2045,32.6,72,414.8,Karachi,9,0.2,1010
1/14/2045,31,86,414.7,Karachi,10,0.3,1014
1/15/2045,30.7,83,414.4,Karachi,18,0.2,1009
1/16/2045,26.5,77,408.8,Karachi,11,0.1,1005
1/17/2045,29.6,75,418.8,Karachi,13,0.5,1008
1/18/2045,27.3,70,414.8,Karachi,11,0,1013
1/19/2045,27.4,76,410.8,Karachi,19,0.1,1012
1/20/2045,29.2,85,416.4,Karachi,19,0,1010
1/21/2045,26.2,80,412.4,Karachi,16,0.1,1013
1/22/2045,32.5,86,416.7,Karachi,15,0.3,1011
1/23/2045,27.5,77,417.6,Karachi,5,0.2,1009
1/24/2045,29.9,84,418.1,Karachi,19,0.2,1013
1/25/2045,32.4,76,414.5,Karachi,19,0,1009
1/26/2045,31.1,75,413.8,Karachi,9,0.3,1011
1/27/2045,23.8,79,413.1,Karachi,18,0,1008
1/28/2045,29.3,77,412.8,Karachi,15,0,1007
1/29/2045,30.6,72,414.9,Karachi,18,0.1,1007
1/30/2045,30.7,79,414.4,Karachi,15,0,1010
1/31/2045,24.7,81,412.5,Karachi,15,0,1008
2/1/2045,26,86,411.6,Karachi,8,0.3,1008
2/2/2045,31,85,414.7,Karachi,17,0.1,1010
2/3/2045,25.7,86,413.7,Karachi,17,0.3,1010
2/4/2045,27.1,84,411.6,Karachi,18,0.1,1005
2/5/2045,32.7,82,417.5,Karachi,12,0,1002
2/6/2045,27.9,74,420.3,Karachi,11,0,1011
2/7/2045,25.8,81,417.9,Karachi,8,0.2,1010
2/8/2045,25.4,83,412.8,Karachi,17,0,1006
2/9/2045,29,87,414.8,Karachi,15,0.1,1011
2/10/2045,24,83,419.6,Karachi,7,0,1011
2/11/2045,27.3,86,411.5,Karachi,10,0.1,1009
2/12/2045,29,75,417.3,Karachi,12,0,1016
2/13/2045,31.9,78,410.7,Karachi,7,0,1014
2/14/2045,30,82,420.1,Karachi,9,0.1,1009
2/15/2045,25.9,86,413.7,Karachi,14,0,1009
2/16/2045,31.5,79,421.7,Karachi,5,0.1,1006
2/17/2045,27.1,80,420.2,Karachi,14,0.1,1014
2/18/2045,24.3,83,414.7,Karachi,16,0.1,1011
2/19/2045,27.5,74,412.8,Karachi,14,0,1012
2/20/2045,32.3,88,415.6,Karachi,12,0.1,1004
2/21/2045,28.5,76,414.5,Karachi,11,0.3,1012
2/22/2045,28,70,413.8,Karachi,12,0.1,1008
2/23/2045,32.9,80,410,Karachi,18,0.1,1012
2/24/2045,23.7,88,413.5,Karachi,6,0.2,1012
2/25/2045,24.1,83,411.7,Karachi,11,0.2,1010
2/26/2045,23.2,84,416.7,Karachi,18,0,1008
2/27/2045,29.1,80,418,Karachi,8,0.5,1011
2/28/2045,28.5,79,417.2,Karachi,6,0,1007
3/1/2045,32.6,72,416,Karachi,13,0.4,1013
3/2/2045,28.7,69,412.4,Karachi,9,0,1008
3/3/2045,26.8,81,415.6,Karachi,11,0.1,1010
3/4/2045,28,87,417.4,Karachi,8,0.2,1008
3/5/2045,28.4,82,413.2,Karachi,14,0,1010
3/6/2045,23,83,415.4,Karachi,15,0,1007
3/7/2045,36.1,88,414.6,Karachi,15,0.1,1008
3/8/2045,29.6,82,420,Karachi,8,0.1,1017
3/9/2045,28.6,79,417.6,Karachi,7,0,1013
3/10/2045,29.8,76,416.8,Karachi,5,0.1,1011
3/11/2045,30.1,90,409.8,Karachi,19,0.1,1012
3/12/2045,27.6,83,415.5,Karachi,6,0,1011
3/13/2045,26.1,75,414.5,Karachi,13,0.1,1010
3/14/2045,29.8,74,414.5,Karachi,5,0,1012
3/15/2045,29.2,86,410.3,Karachi,9,0,1008
3/16/2045,25.6,75,411.7,Karachi,6,0.1,1015
3/17/2045,32.3,89,414.8,Karachi,8,0.2,1010
3/18/2045,28.9,66,418.3,Karachi,15,0.1,1012
3/19/2045,30.2,87,413.2,Karachi,11,0,1015
3/20/2045,32.2,82,413.8,Karachi,9,0.1,1011
3/21/2045,28.1,81,420.3,Karachi,5,0.2,1008
3/22/2045,29,79,414.1,Karachi,7,0.1,1014
3/23/2045,30.4,89,414.6,Karachi,14,0.1,1015
3/24/2045,25.8,84,414.7,Karachi,13,0.5,1004
3/25/2045,28.2,75,411,Karachi,5,0.1,1010
3/26/2045,28.4,71,416.7,Karachi,14,0.2,1011
3/27/2045,25.1,81,413,Karachi,8,0.1,1009
3/28/2045,35,80,414.9,Karachi,9,0,1006
3/29/2045,23.8,72,416.3,Karachi,14,0,1007
3/30/2045,24.1,80,420.8,Karachi,7,0.1,1004
3/31/2045,31.9,77,411,Karachi,7,0.1,1013
4/1/2045,30.1,80,417.6,Karachi,5,0.1,1014
4/2/2045,24.9,84,417.6,Karachi,19,0,1014
4/3/2045,29.8,87,413.1,Karachi,10,0.2,1010
4/4/2045,32.4,85,416.8,Karachi,17,0.2,1011
4/5/2045,27.9,76,419.9,Karachi,16,0.1,1013
4/6/2045,35.8,82,412.7,Karachi,8,0.1,1009
4/7/2045,22.8,80,415.7,Karachi,12,0,1007
4/8/2045,30.1,73,416.2,Karachi,10,0.1,1008
4/9/2045,31.5,82,416.6,Karachi,7,0.1,1011
4/10/2045,30.7,89,417.3,Karachi,16,0.1,1008
4/11/2045,27.4,80,415.5,Karachi,11,0.1,1011
4/12/2045,27.1,72,416.5,Karachi,7,0.1,1006
4/13/2045,29.3,80,412.3,Karachi,17,0,1009
4/14/2045,30.4,74,415.5,Karachi,18,0,1011
4/15/2045,29.8,84,413.6,Karachi,13,0.2,1010
4/16/2045,31.1,83,411.3,Karachi,12,0,1008
4/17/2045,24.9,79,413.5,Karachi,19,0,1012
4/18/2045,27.3,78,415.8,Karachi,7,0.1,1011
4/19/2045,25.2,79,416.3,Karachi,17,0,1004
4/20/2045,26.8,80,411.2,Karachi,18,0.1,1011
4/21/2045,31,76,412.2,Karachi,15,0.1,1009
4/22/2045,28.3,73,417.2,Karachi,6,0,1008
4/23/2045,35.8,86,416.5,Karachi,7,0,1008
4/24/2045,28.6,78,417.7,Karachi,17,0,1007
4/25/2045,28.2,81,419.1,Karachi,8,0.1,1011
4/26/2045,28.3,81,416.6,Karachi,7,0.2,1012
4/27/2045,26.1,82,413.8,Karachi,13,0,1010
4/28/2045,27.8,74,415.3,Karachi,17,0.1,1013
4/29/2045,31.4,72,420,Karachi,16,0.2,1012
4/30/2045,28.3,77,423.3,Karachi,17,0,1004
5/1/2045,25.6,82,416.4,Karachi,15,0.1,1007
5/2/2045,25.2,76,416.6,Karachi,14,0.1,1014
5/3/2045,26.6,78,417.2,Karachi,6,0.1,1006
5/4/2045,28.2,91,415.1,Karachi,12,0.2,1002
5/5/2045,31.6,71,418.5,Karachi,11,0.1,1015
5/6/2045,24,76,418,Karachi,5,0,1011
5/7/2045,27,89,416.1,Karachi,10,0.1,1008
5/8/2045,28.4,80,414,Karachi,10,0,1007
5/9/2045,22.5,76,410.4,Karachi,19,0,1012
5/10/2045,25.5,86,417.2,Karachi,13,0.2,1011
5/11/2045,26,80,415.6,Karachi,16,0.1,1011
5/12/2045,25.6,78,412.8,Karachi,14,0.1,1009
5/13/2045,28.6,81,411.6,Karachi,15,0,1006
5/14/2045,27.5,77,417,Karachi,12,0,1010
5/15/2045,26.3,75,410.2,Karachi,11,0,1013
5/16/2045,29.3,79,415.9,Karachi,17,0.2,1008
5/17/2045,33.2,75,417.5,Karachi,11,0.4,1012
5/18/2045,32.9,80,416.6,Karachi,9,0.1,1009
5/19/2045,22.2,82,413.8,Karachi,6,0,1012
5/20/2045,29.7,84,411.3,Karachi,19,0.1,1007
5/21/2045,27.5,86,416.8,Karachi,14,0.2,1010
5/22/2045,28.5,78,418.6,Karachi,17,0.3,1011
5/23/2045,26.8,82,413.3,Karachi,16,0.1,1008
5/24/2045,28.4,82,416.5,Karachi,9,0.1,1011
5/25/2045,28.5,82,419.7,Karachi,5,0.1,1010
5/26/2045,26.3,78,416,Karachi,19,0,1010
5/27/2045,25.3,75,413.8,Karachi,15,0.1,1008
5/28/2045,26.7,83,418.1,Karachi,19,0.1,1013
5/29/2045,28.7,71,412.8,Karachi,14,0.1,1007
5/30/2045,29.8,79,411.1,Karachi,10,0.1,1011
5/31/2045,30.6,67,417.4,Karachi,19,0.1,1007
6/1/2045,26.5,73,413.8,Karachi,6,0.1,1010
6/2/2045,28.9,76,414.1,Karachi,16,0,1012
6/3/2045,30.9,85,413.1,Karachi,5,0.2,1009
6/4/2045,31.5,83,413.6,Karachi,19,0.1,1001
6/5/2045,27.8,77,419.2,Karachi,17,0.1,1006
6/6/2045,27.3,84,420,Karachi,5,0,1004
6/7/2045,28.6,84,420.4,Karachi,5,0.3,1010
6/8/2045,24.6,79,418.3,Karachi,8,0.1,1010
6/9/2045,27.4,73,416.4,Karachi,16,0.1,1009
6/10/2045,30.2,79,410.7,Karachi,18,0.3,1008
6/11/2045,29.9,80,414.4,Karachi,9,0.2,1011
6/12/2045,27.2,74,421.5,Karachi,18,0.1,1006
6/13/2045,28.7,82,413.7,Karachi,9,0,1013
6/14/2045,25.5,81,419.5,Karachi,15,0.3,1010
6/15/2045,30.1,82,415.2,Karachi,5,0.4,1007
6/16/2045,27.8,81,407,Karachi,17,0,1009
6/17/2045,27.2,84,416.9,Karachi,16,0.1,1010
6/18/2045,26.9,79,418.8,Karachi,15,0.1,1006
6/19/2045,27.8,81,414.9,Karachi,10,0,1012
6/20/2045,26.7,78,418.7,Karachi,7,0,1013
6/21/2045,30,77,410,Karachi,8,0.1,1010
6/22/2045,26.8,87,410.8,Karachi,9,0.3,1013
6/23/2045,32.8,70,415.6,Karachi,16,0,1018
6/24/2045,32.4,84,416.4,Karachi,17,0.2,1004
6/25/2045,25.3,77,419.1,Karachi,8,0.2,1010
6/26/2045,28.2,76,416.9,Karachi,8,0.2,1006
6/27/2045,26,81,411.4,Karachi,14,0,1015
6/28/2045,27,73,415.6,Karachi,17,0.1,1011
6/29/2045,34,76,416.8,Karachi,5,0.1,1008
6/30/2045,27.1,76,409.4,Karachi,6,0.3,1009
7/1/2045,29.1,79,414.9,Karachi,6,0.1,1014
7/2/2045,29.6,76,414,Karachi,6,0,1011
7/3/2045,25,88,413,Karachi,14,0,1012
7/4/2045,25.4,89,416.5,Karachi,5,0.1,1014
7/5/2045,24.4,70,411.6,Karachi,14,0.3,1013
7/6/2045,25.3,83,416.3,Karachi,18,0.1,1013
7/7/2045,19.4,84,416.7,Karachi,12,0.1,1010
7/8/2045,29.6,83,418.3,Karachi,5,0,1003
7/9/2045,34.2,77,411.6,Karachi,18,0.2,1010
7/10/2045,28.4,79,410.5,Karachi,12,0.1,1008
7/11/2045,23.8,76,415.8,Karachi,5,0.3,1012
7/12/2045,26.1,78,414.1,Karachi,18,0.1,1005
7/13/2045,26.6,74,423.7,Karachi,14,0.1,1012
7/14/2045,24.9,79,416.4,Karachi,7,0.1,1011
7/15/2045,30.6,72,415.2,Karachi,13,0,1011
7/16/2045,30.4,79,414.5,Karachi,12,0,1012
7/17/2045,24.5,74,411.3,Karachi,6,0,1010
7/18/2045,30.2,81,416.7,Karachi,19,0.1,1009
7/19/2045,32.6,77,414.8,Karachi,19,0.1,1013
7/20/2045,33.7,81,414.8,Karachi,8,0,1012
7/21/2045,36.6,85,415.3,Karachi,12,0.1,1012
7/22/2045,25.3,88,415.7,Karachi,16,0.1,1010
7/23/2045,36.5,67,409.8,Karachi,17,0.1,1010
7/24/2045,26.9,76,417.5,Karachi,19,0,1010
7/25/2045,26.2,78,412.5,Karachi,13,0.1,1005
7/26/2045,29,82,414.6,Karachi,11,0,1006
7/27/2045,26.3,72,418.9,Karachi,5,0,1010
7/28/2045,29.2,75,420.3,Karachi,12,0.1,1004
7/29/2045,24,81,409.9,Karachi,18,0,1010
7/30/2045,27.3,80,415.1,Karachi,16,0.2,1007
7/31/2045,31.9,82,415.8,Karachi,5,0.3,1010
8/1/2045,27.8,82,410.5,Karachi,19,0.1,1011
8/2/2045,28.4,82,417.4,Karachi,13,0,1004
8/3/2045,29.4,81,415.3,Karachi,12,0.1,1011
8/4/2045,31.5,80,415.6,Karachi,8,0.1,1009
8/5/2045,23,83,412.2,Karachi,14,0,1003
8/6/2045,29.8,69,416.2,Karachi,18,0,1009
8/7/2045,27.2,88,417.5,Karachi,16,0,1011
8/8/2045,28.5,69,415.4,Karachi,15,0,1009
8/9/2045,31.2,75,413.5,Karachi,19,0.1,1009
8/10/2045,24.4,79,413.7,Karachi,19,0.2,1010
8/11/2045,25,83,415.7,Karachi,8,0,1009
8/12/2045,22.2,65,415.1,Karachi,18,0,1009
8/13/2045,26.4,80,417.7,Karachi,8,0,1006
8/14/2045,32,84,413.6,Karachi,10,0.1,1008
8/15/2045,27.6,85,411.3,Karachi,19,0,1016
8/16/2045,24,77,416.1,Karachi,6,0,1011
8/17/2045,26.5,78,413.6,Karachi,8,0,1011
8/18/2045,23.5,77,417.4,Karachi,8,0.1,1008
8/19/2045,24.6,78,415,Karachi,12,0.1,1009
8/20/2045,29.2,75,417,Karachi,6,0.2,1009
8/21/2045,24.5,76,412,Karachi,19,0.1,1013
8/22/2045,31.3,82,415.4,Karachi,12,0,1014
8/23/2045,27.8,81,412.9,Karachi,16,0.1,1009
8/24/2045,28.3,82,411.3,Karachi,14,0,1010
8/25/2045,27.2,81,412.4,Karachi,15,0.1,1009
8/26/2045,30.3,84,413.4,Karachi,6,0,1012
8/27/2045,30.3,84,418.7,Karachi,13,0,1011
8/28/2045,29,71,413.3,Karachi,13,0.1,1010
8/29/2045,29.7,76,411.2,Karachi,10,0,1013
8/30/2045,27.4,79,415.4,Karachi,14,0,1012
8/31/2045,29.6,80,415.1,Karachi,16,0,1008
9/1/2045,27,77,413.5,Karachi,9,0.1,1010
9/2/2045,28,85,414.5,Karachi,11,0,1009
9/3/2045,27.2,90,417.9,Karachi,19,0.1,1007
9/4/2045,26.6,81,417,Karachi,17,0.1,1009
9/5/2045,25.9,80,416.8,Karachi,12,0,1013
9/6/2045,29.4,84,411.4,Karachi,12,0.2,1013
9/7/2045,31.9,71,423.7,Karachi,7,0.2,1013
9/8/2045,31.5,80,418.2,Karachi,7,0.4,1012
9/9/2045,24.2,85,416.6,Karachi,9,0.1,1011
9/10/2045,31.9,77,411.5,Karachi,9,0,1008
9/11/2045,27,74,417.8,Karachi,6,0.1,1012
9/12/2045,29.8,79,413.5,Karachi,9,0,1005
9/13/2045,25.3,80,414.4,Karachi,5,0,1008
9/14/2045,28.4,75,410,Karachi,15,0,1013
9/15/2045,28.9,90,411.3,Karachi,11,0.1,1009
9/16/2045,23.5,78,416.3,Karachi,18,0,1012
9/17/2045,29.8,74,418,Karachi,19,0.1,1009
9/18/2045,32,80,417.1,Karachi,15,0,1012
9/19/2045,27.5,85,417,Karachi,11,0.1,1005
9/20/2045,32.1,80,414.8,Karachi,5,0.1,1014
9/21/2045,27.4,82,413.8,Karachi,7,0,1007
9/22/2045,30.5,76,415.9,Karachi,12,0,1006
9/23/2045,21.3,87,417.5,Karachi,17,0,1014
9/24/2045,35.3,83,415,Karachi,15,0,1010
9/25/2045,32.5,85,418.6,Karachi,13,0.1,1009
9/26/2045,27.1,82,414.4,Karachi,7,0.3,1015
9/27/2045,22.1,84,412.1,Karachi,18,0.1,1012
9/28/2045,28.9,76,415,Karachi,10,0.2,1009
9/29/2045,23.7,78,415.3,Karachi,10,0.4,1010
9/30/2045,29.3,87,414.8,Karachi,19,0.1,1013
10/1/2045,29.2,88,418.8,Karachi,10,0,1007
10/2/2045,25.2,74,417.4,Karachi,9,0.3,1014
10/3/2045,31.4,81,410.7,Karachi,10,0.1,1009
10/4/2045,30.4,78,419.6,Karachi,10,0.3,1007
10/5/2045,30.9,77,406.8,Karachi,14,0.1,1013
10/6/2045,28,81,421.5,Karachi,10,0.1,1012
10/7/2045,23.8,86,414.1,Karachi,17,0.2,1005
10/8/2045,30.9,82,414.4,Karachi,12,0.1,1010
10/9/2045,27.2,78,414.8,Karachi,18,0.1,1007
10/10/2045,23.8,83,416.2,Karachi,15,0.1,1012
10/11/2045,32.1,78,415,Karachi,10,0.2,1015
10/12/2045,34.3,82,414.6,Karachi,16,0.1,1012
10/13/2045,27.9,87,418.9,Karachi,7,0,1008
10/14/2045,34.5,70,416.7,Karachi,11,0.1,1013
10/15/2045,28.3,84,412.1,Karachi,10,0.1,1010
10/16/2045,26.9,72,417.2,Karachi,18,0,1010
10/17/2045,26.1,86,416.6,Karachi,15,0,1009
10/18/2045,32.9,77,413.4,Karachi,13,0,1010
10/19/2045,25.7,74,417.4,Karachi,8,0.2,1010
10/20/2045,30.2,83,414.5,Karachi,5,0,1003
10/21/2045,26.3,82,414.3,Karachi,10,0.1,1010
10/22/2045,26.6,75,414.3,Karachi,13,0.2,1010
10/23/2045,31.1,74,407.7,Karachi,17,0,1011
10/24/2045,26.9,79,413.4,Karachi,12,0,1004
10/25/2045,26.8,74,417.1,Karachi,6,0.3,1012
10/26/2045,31.4,75,414.9,Karachi,7,0.1,1010
10/27/2045,32.8,81,411.1,Karachi,12,0,1011
10/28/2045,29.9,75,417.9,Karachi,16,0.2,1005
10/29/2045,26,82,414.1,Karachi,15,0.2,1006
10/30/2045,26.5,87,411.3,Karachi,13,0.2,1004
10/31/2045,28.2,79,421.6,Karachi,12,0,1010
11/1/2045,29,81,411.8,Karachi,19,0.1,1009
11/2/2045,25,90,417.6,Karachi,14,0.1,1010
11/3/2045,30.2,74,412.7,Karachi,5,0,1006
11/4/2045,28.3,86,415.4,Karachi,7,0,1006
11/5/2045,22.9,85,412.3,Karachi,17,0,1003
11/6/2045,25.2,84,411.3,Karachi,15,0.1,1006
11/7/2045,26.5,86,416.6,Karachi,12,0,1008
11/8/2045,27.8,81,416.2,Karachi,5,0,1008
11/9/2045,33.7,77,418.4,Karachi,16,0.1,1010
11/10/2045,28.7,85,414.9,Karachi,11,0.1,1012
11/11/2045,25.5,86,421.7,Karachi,8,0,1008
11/12/2045,28.7,86,415.8,Karachi,16,0.1,1011
11/13/2045,26.9,80,416.7,Karachi,11,0.1,1012
11/14/2045,29,76,410.9,Karachi,8,0.1,1013
11/15/2045,29.7,81,413.2,Karachi,12,0,1011
11/16/2045,31.6,85,416.6,Karachi,16,0,1010
11/17/2045,27.9,85,414.7,Karachi,10,0.1,1007
11/18/2045,32.9,78,415.6,Karachi,14,0.4,1011
11/19/2045,30.7,82,412.6,Karachi,14,0,1009
11/20/2045,25.9,73,415.4,Karachi,17,0.1,1014
11/21/2045,34.6,85,415.4,Karachi,12,0,1010
11/22/2045,29,76,411.5,Karachi,16,0,1010
11/23/2045,25.5,84,416.9,Karachi,5,0,1014
11/24/2045,33,74,409.9,Karachi,13,0.2,1009
11/25/2045,34.2,85,415.6,Karachi,15,0,1010
11/26/2045,27.9,82,420.3,Karachi,16,0,1016
11/27/2045,26.5,76,417,Karachi,19,0.1,1011
11/28/2045,27.5,83,417,Karachi,19,0,1013
11/29/2045,30.1,77,412.3,Karachi,13,0,1015
11/30/2045,31.8,84,420.3,Karachi,10,0,1008
12/1/2045,29.7,79,419.1,Karachi,17,0.3,1013
12/2/2045,28.3,71,412.5,Karachi,13,0,1009
12/3/2045,32.5,75,413.6,Karachi,10,0.5,1016
12/4/2045,27.1,78,418.8,Karachi,10,0,1014
12/5/2045,31.1,87,420.4,Karachi,17,0,1012
12/6/2045,27.1,85,411.2,Karachi,8,0.2,1013
12/7/2045,29.3,88,412,Karachi,7,0.1,1008
12/8/2045,27.7,88,414.6,Karachi,7,0,1015
12/9/2045,27.8,77,408.5,Karachi,6,0.1,1007
12/10/2045,26.9,79,415.1,Karachi,8,0,1011
12/11/2045,32,78,418.6,Karachi,13,0.1,1008
12/12/2045,25.8,77,410.7,Karachi,11,0.1,1013
12/13/2045,25.8,71,415.4,Karachi,7,0,1015
12/14/2045,34.4,80,413.3,Karachi,12,0.2,1011
12/15/2045,30.9,74,419.9,Karachi,18,0.1,1011
12/16/2045,20.8,80,413.3,Karachi,17,0,1010
12/17/2045,26.3,91,419.6,Karachi,18,0,1010
12/18/2045,22.6,77,413.2,Karachi,17,0.2,1009
12/19/2045,25.1,81,417.3,Karachi,13,0,1015
12/20/2045,18.6,85,415.8,Karachi,5,0.1,1012
12/21/2045,27.6,81,414.6,Karachi,16,0.3,1009
12/22/2045,24.6,81,412.6,Karachi,5,0.1,1010
12/23/2045,28.2,78,416,Karachi,13,0.1,1019
12/24/2045,23.1,79,413.7,Karachi,13,0,1011
12/25/2045,28.2,75,412.9,Karachi,11,0.1,1014
12/26/2045,26.8,84,419.4,Karachi,7,0.1,1008
12/27/2045,32.5,71,416.6,Karachi,8,0.2,1011
12/28/2045,32.2,85,416.9,Karachi,11,0,1008
12/29/2045,30.4,73,413.8,Karachi,19,0,1008
12/30/2045,27,85,414.4,Karachi,13,0,1012
12/31/2045,34,78,414.3,Karachi,19,0,1007
1/1/2046,23.3,74,416,Karachi,12,0,1006
1/2/2046,23.8,83,416.9,Karachi,12,0.2,1012
1/3/2046,27.7,85,414.9,Karachi,5,0.3,1009
1/4/2046,34.8,78,412.6,Karachi,10,0.1,1009
1/5/2046,27.4,84,417.3,Karachi,10,0,1005
1/6/2046,27.5,69,415.1,Karachi,19,0,1006
1/7/2046,23.7,73,410.7,Karachi,9,0.3,1011
1/8/2046,30.8,86,408.6,Karachi,15,0,1009
1/9/2046,30.9,79,415.9,Karachi,5,0.1,1013
1/10/2046,30.4,71,412.5,Karachi,7,0,1007
1/11/2046,26.1,77,416.3,Karachi,16,0.7,1010
1/12/2046,25.9,75,412.7,Karachi,8,0,1010
1/13/2046,24.1,79,415.4,Karachi,18,0,1009
1/14/2046,28.3,78,413.9,Karachi,14,0.1,1012
1/15/2046,24.8,81,420.3,Karachi,11,0,1007
1/16/2046,24.5,80,417.9,Karachi,19,0.1,1012
1/17/2046,26.7,87,419,Karachi,9,0,1013
1/18/2046,26.5,82,415.1,Karachi,6,0.1,1008
1/19/2046,26.4,82,417.5,Karachi,7,0,1011
1/20/2046,29.4,86,415.3,Karachi,17,0.1,1011
1/21/2046,28.2,78,419.4,Karachi,18,0.2,1012
1/22/2046,27.1,74,414.8,Karachi,5,0.4,1010
1/23/2046,28.5,86,410.8,Karachi,18,0.1,1014
1/24/2046,25,81,409,Karachi,10,0.1,1016
1/25/2046,28.3,81,420,Karachi,17,0.1,1012
1/26/2046,28.5,77,416.4,Karachi,17,0,1011
1/27/2046,23.5,77,416.6,Karachi,12,0.1,1010
1/28/2046,31,84,419.5,Karachi,8,0,1006
1/29/2046,25.4,85,410,Karachi,6,0,1006
1/30/2046,28.3,84,413.9,Karachi,16,0.1,1007
1/31/2046,31.5,84,414.3,Karachi,8,0.1,1011
2/1/2046,30.8,83,417.2,Karachi,14,0,1009
2/2/2046,28.1,81,412.9,Karachi,8,0.1,1015
2/3/2046,26.9,79,411.4,Karachi,9,0.3,1002
2/4/2046,30.8,86,411.4,Karachi,7,0.1,1010
2/5/2046,30,78,418.4,Karachi,13,0.1,1011
2/6/2046,26.1,82,412.8,Karachi,11,0,1013
2/7/2046,25.6,76,413.3,Karachi,13,0.4,1010
2/8/2046,21.8,77,416.9,Karachi,19,0,1011
2/9/2046,28.5,79,412.9,Karachi,11,0.2,1011
2/10/2046,27.8,76,409.9,Karachi,16,0.3,1011
2/11/2046,31.4,84,410.3,Karachi,14,0.1,1010
2/12/2046,29.1,73,414.8,Karachi,17,0.2,1016
2/13/2046,32,80,416.5,Karachi,8,0.1,1012
2/14/2046,25.9,81,414.4,Karachi,9,0.3,1011
2/15/2046,31.4,71,416.3,Karachi,17,0.1,1008
2/16/2046,26.4,78,410.2,Karachi,11,0,1009
2/17/2046,30.3,81,410.4,Karachi,19,0,1015
2/18/2046,23.6,82,421.8,Karachi,10,0.1,1003
2/19/2046,28.7,79,418.7,Karachi,19,0.2,1010
2/20/2046,22,83,417.3,Karachi,13,0.2,1010
2/21/2046,27.2,79,413,Karachi,7,0.2,1012
2/22/2046,29.3,80,414.3,Karachi,12,0,1011
2/23/2046,26.4,81,415,Karachi,15,0.1,1015
2/24/2046,24.8,85,418.9,Karachi,14,0.1,1010
2/25/2046,30.5,77,416.2,Karachi,15,0.1,1010
2/26/2046,27.7,78,416.6,Karachi,8,0,1013
2/27/2046,26.5,77,414.5,Karachi,13,0.1,1015
2/28/2046,28.1,78,417.4,Karachi,5,0.1,1012
3/1/2046,35.9,87,415.9,Karachi,9,0.1,1013
3/2/2046,31.5,83,415.1,Karachi,16,0.1,1009
3/3/2046,31.5,74,412.8,Karachi,8,0.1,1010
3/4/2046,29.3,77,414.7,Karachi,9,0,1014
3/5/2046,28.5,82,411.8,Karachi,10,0.2,1012
3/6/2046,20.8,75,414.9,Karachi,18,0,1009
3/7/2046,26,76,415.3,Karachi,17,0.1,1010
3/8/2046,26.6,87,407.8,Karachi,5,0,1013
3/9/2046,22.4,77,414.3,Karachi,12,0.1,1013
3/10/2046,24.5,85,411.5,Karachi,19,0.2,1007
3/11/2046,22.1,86,416.5,Karachi,16,0,1011
3/12/2046,27.9,76,416.9,Karachi,15,0.4,1010
3/13/2046,30.5,76,413.7,Karachi,7,0,1010
3/14/2046,31.3,79,416.6,Karachi,11,0,1014
3/15/2046,29.2,75,416.8,Karachi,11,0.2,1009
3/16/2046,25.1,81,414.3,Karachi,13,0.1,1008
3/17/2046,22.2,79,419.6,Karachi,15,0,1008
3/18/2046,22.7,82,412.8,Karachi,15,0.3,1009
3/19/2046,24.2,87,419.4,Karachi,11,0.1,1008
3/20/2046,25.3,84,414.3,Karachi,16,0,1007
3/21/2046,27.5,82,412.5,Karachi,12,0.2,1007
3/22/2046,25,70,413.9,Karachi,8,0.1,1008
3/23/2046,29,82,411.7,Karachi,14,0,1008
3/24/2046,27.3,89,417.4,Karachi,8,0.2,1011
3/25/2046,28,65,410.2,Karachi,14,0.1,1004
3/26/2046,31.4,83,419.2,Karachi,12,0.1,1008
3/27/2046,24.5,79,412.2,Karachi,18,0.2,1010
3/28/2046,29.3,76,417.5,Karachi,8,0.2,1013
3/29/2046,28,84,415.1,Karachi,17,0,1009
3/30/2046,27,89,415.8,Karachi,8,0.2,1010
3/31/2046,30.7,84,413.2,Karachi,14,0,1010
4/1/2046,30.6,78,416.1,Karachi,7,0.1,1005
4/2/2046,25.2,75,415.4,Karachi,16,0.4,1012
4/3/2046,27.5,81,410.6,Karachi,7,0.1,1012
4/4/2046,28.8,84,412.1,Karachi,15,0,1012
4/5/2046,27.2,78,413.4,Karachi,8,0.1,1018
4/6/2046,29.8,79,412.7,Karachi,16,0.1,1006
4/7/2046,28.8,94,418.8,Karachi,17,0,1006
4/8/2046,33.5,85,415,Karachi,18,0.2,1012
4/9/2046,23.4,86,412.7,Karachi,6,0.2,1009
4/10/2046,27.6,73,413.5,Karachi,16,0.2,1007
4/11/2046,25.3,76,413.5,Karachi,7,0.1,1009
4/12/2046,29.8,80,414.1,Karachi,15,0,1008
4/13/2046,23.1,75,411.8,Karachi,16,0.2,1015
4/14/2046,29,88,412.6,Karachi,6,0,1017
4/15/2046,26.1,87,417.3,Karachi,18,0,1005
4/16/2046,25.8,77,415.6,Karachi,15,0.4,1006
4/17/2046,23.7,89,414.5,Karachi,18,0.2,1008
4/18/2046,26.6,80,415,Karachi,10,0.1,1008
4/19/2046,31.3,93,414.9,Karachi,17,0,1008
4/20/2046,27.9,81,414.4,Karachi,7,0,1009
4/21/2046,29.9,83,416.6,Karachi,6,0.1,1009
4/22/2046,33,87,416.3,Karachi,13,0.1,1006
4/23/2046,28.8,86,410.3,Karachi,12,0.1,1007
4/24/2046,26.3,83,414.6,Karachi,9,0.2,1015
4/25/2046,29.4,79,410.5,Karachi,17,0.1,1009
4/26/2046,26.4,83,416.9,Karachi,13,0.1,1009
4/27/2046,26.5,76,417.3,Karachi,9,0.2,1005
4/28/2046,23.4,81,413.2,Karachi,9,0.1,1009
4/29/2046,30.8,74,414.6,Karachi,17,0.3,1013
4/30/2046,26.8,71,408.7,Karachi,15,0.2,1012
5/1/2046,28.5,80,417.9,Karachi,15,0,1012
5/2/2046,24.9,86,417.1,Karachi,8,0.3,1006
5/3/2046,29.3,85,418.5,Karachi,16,0,1006
5/4/2046,25.7,80,419.5,Karachi,7,0.5,1013
5/5/2046,27.6,89,411.3,Karachi,17,0.1,1012
5/6/2046,30.6,77,417.7,Karachi,14,0.1,1009
5/7/2046,30.4,70,419.4,Karachi,13,0,1013
5/8/2046,27.9,69,410.5,Karachi,8,0,1006
5/9/2046,22.7,74,414.5,Karachi,11,0,1006
5/10/2046,37,84,413.9,Karachi,19,0.2,1005
5/11/2046,33.2,77,417.6,Karachi,9,0.1,1011
5/12/2046,30.2,82,407.8,Karachi,11,0.1,1011
5/13/2046,25.7,88,420.4,Karachi,16,0.3,1008
5/14/2046,27.7,74,414.7,Karachi,12,0,1008
5/15/2046,26.4,82,417.7,Karachi,18,0.1,1017
5/16/2046,31.8,83,414.8,Karachi,12,0.1,1009
5/17/2046,28.8,76,416.5,Karachi,14,0,1014
5/18/2046,25.6,87,408,Karachi,10,0.2,1010
5/19/2046,26.6,79,413.8,Karachi,9,0.1,1008
5/20/2046,31.4,78,417.5,Karachi,19,0,1014
5/21/2046,32.8,91,415.9,Karachi,15,0.1,1012
5/22/2046,32.6,83,410.1,Karachi,6,0.2,1010
5/23/2046,30.3,85,415.2,Karachi,16,0,1013
5/24/2046,27.2,87,412.5,Karachi,19,0.1,1018
5/25/2046,18.3,77,412.3,Karachi,12,0.2,1008
5/26/2046,28.9,86,410.4,Karachi,9,0.2,1011
5/27/2046,28,77,416.9,Karachi,12,0.1,1009
5/28/2046,28.4,77,418.3,Karachi,10,0,1007
5/29/2046,28.2,79,421.4,Karachi,12,0.1,1007
5/30/2046,24,77,410.6,Karachi,17,0.1,1015
5/31/2046,29.7,84,417.3,Karachi,5,0,1005
6/1/2046,29.9,81,417.5,Karachi,19,0.1,1012
6/2/2046,30,78,413.3,Karachi,13,0.1,1008
6/3/2046,30.8,83,412.2,Karachi,18,0.2,1015
6/4/2046,29.8,79,411.7,Karachi,13,0,1009
6/5/2046,26.8,78,413.4,Karachi,7,0,1009
6/6/2046,27.8,80,415.6,Karachi,17,0.1,1015
6/7/2046,28.3,82,419.1,Karachi,9,0.1,1013
6/8/2046,28.3,82,418.3,Karachi,16,0.1,1012
6/9/2046,31,78,410.2,Karachi,11,0,1012
6/10/2046,29.9,84,412.6,Karachi,12,0,1007
6/11/2046,34.2,79,418.9,Karachi,19,0.1,1012
6/12/2046,34.6,77,412.8,Karachi,11,0.2,1009
6/13/2046,28.2,73,414.8,Karachi,7,0.2,1011
6/14/2046,16.5,85,409.9,Karachi,19,0.1,1011
6/15/2046,31.7,80,418.5,Karachi,19,0.4,1007
6/16/2046,26.4,81,409.3,Karachi,11,0.1,1012
6/17/2046,25.6,85,410.1,Karachi,5,0.1,1009
6/18/2046,26.8,78,418.2,Karachi,9,0,1006
6/19/2046,26.7,73,420.8,Karachi,13,0.3,1010
6/20/2046,29.8,80,414.1,Karachi,6,0.1,1010
6/21/2046,23.3,82,414.9,Karachi,7,0,1012
6/22/2046,24.8,79,417.7,Karachi,13,0,1003
6/23/2046,29,87,415.9,Karachi,7,0,1011
6/24/2046,29.9,68,413.9,Karachi,12,0,1008
6/25/2046,29.9,86,413.5,Karachi,10,0,1012
6/26/2046,25.6,84,410.3,Karachi,11,0.3,1010
6/27/2046,25.1,82,415.7,Karachi,9,0,1009
6/28/2046,26.5,63,414.7,Karachi,14,0.1,1009
6/29/2046,28.7,86,413.7,Karachi,16,0,1011
6/30/2046,32.5,75,412,Karachi,11,0.2,1013
7/1/2046,21.9,77,412.3,Karachi,14,0.1,1007
7/2/2046,27.3,79,416.9,Karachi,15,0,1009
7/3/2046,24,82,417.6,Karachi,14,0.2,1014
7/4/2046,23,83,414,Karachi,17,0.2,1009
7/5/2046,30.9,84,413.7,Karachi,7,0.3,1011
7/6/2046,29.6,84,412.4,Karachi,19,0,1006
7/7/2046,29.3,81,417.8,Karachi,15,0.1,1005
7/8/2046,30.8,82,415.1,Karachi,9,0.9,1007
7/9/2046,26.6,75,416.1,Karachi,10,0.2,1008
7/10/2046,26.7,76,416.1,Karachi,13,0.2,1013
7/11/2046,34.6,84,414.1,Karachi,8,0.1,1013
7/12/2046,27.3,84,411.5,Karachi,12,0.1,1004
7/13/2046,30.2,84,412,Karachi,18,0.2,1008
7/14/2046,28,77,418.4,Karachi,19,0,1012
7/15/2046,22.5,85,412.8,Karachi,18,0.1,1010
7/16/2046,21.9,74,413.8,Karachi,12,0.2,1015
7/17/2046,26.3,85,411.6,Karachi,14,0,1012
7/18/2046,31.2,79,411.4,Karachi,19,0,1009
7/19/2046,30.4,88,412.7,Karachi,19,0,1009
7/20/2046,30.7,72,420.1,Karachi,10,0.2,1010
7/21/2046,25,89,417,Karachi,16,0.2,1007
7/22/2046,32.8,78,413.4,Karachi,19,0.1,1013
7/23/2046,25.1,78,418.2,Karachi,12,0.2,1012
7/24/2046,28.6,81,414.5,Karachi,19,0.1,1011
7/25/2046,28,77,419.1,Karachi,16,0.2,1011
7/26/2046,27.5,80,421.6,Karachi,18,0,1007
7/27/2046,32,76,418.1,Karachi,9,0.1,1012
7/28/2046,25.9,76,415.3,Karachi,5,0,1010
7/29/2046,24,82,417.1,Karachi,8,0,1016
7/30/2046,28.1,75,415,Karachi,15,0,1006
7/31/2046,26.8,76,409.5,Karachi,10,0.1,1008
8/1/2046,38.1,73,413,Karachi,19,0.2,1005
8/2/2046,30,77,412.1,Karachi,13,0.1,1009
8/3/2046,26.8,87,413,Karachi,17,0,1005
8/4/2046,24.8,76,420.4,Karachi,18,0.5,1014
8/5/2046,22.4,76,418.4,Karachi,8,0,1013
8/6/2046,24.9,81,416.3,Karachi,10,0.4,1010
8/7/2046,28.3,78,417.4,Karachi,17,0.3,1007
8/8/2046,32.3,91,409.3,Karachi,14,0.1,1005
8/9/2046,31.4,79,417.2,Karachi,17,0,1008
8/10/2046,28.7,82,417.8,Karachi,15,0.1,1012
8/11/2046,27,85,408.3,Karachi,9,0.2,1008
8/12/2046,28.8,85,417.3,Karachi,13,0.1,1016
8/13/2046,26.4,81,410.7,Karachi,14,0,1014
8/14/2046,33.2,79,409.1,Karachi,18,0.2,1010
8/15/2046,27.4,90,419,Karachi,10,0.1,1009
8/16/2046,27.7,80,412,Karachi,7,0,1008
8/17/2046,21.4,78,412.9,Karachi,6,0.3,1015
8/18/2046,27.4,77,418,Karachi,7,0.3,1008
8/19/2046,30.5,71,414.1,Karachi,10,0,1013
8/20/2046,24.8,84,414.5,Karachi,14,0,1010
8/21/2046,25.7,68,414.4,Karachi,12,0.1,1012
8/22/2046,30.4,80,416,Karachi,12,0,1008
8/23/2046,23.6,79,414.3,Karachi,16,0,1009
8/24/2046,31.2,91,415.3,Karachi,9,0.2,1010
8/25/2046,26.4,71,413.5,Karachi,5,0.6,1008
8/26/2046,26.8,75,416.1,Karachi,5,0,1014
8/27/2046,24.6,79,415.9,Karachi,16,0.1,1008
8/28/2046,29.1,79,420.7,Karachi,11,0,1008
8/29/2046,35.4,77,413.9,Karachi,6,0,1014
8/30/2046,30.3,80,414.4,Karachi,17,0,1013
8/31/2046,25.4,74,415.7,Karachi,8,0,1015
9/1/2046,31.4,82,417.9,Karachi,14,0.1,1004
9/2/2046,27,68,411.7,Karachi,9,0.2,1011
9/3/2046,32.1,80,415.3,Karachi,12,0.1,1010
9/4/2046,30.4,77,407.5,Karachi,14,0.1,1008
9/5/2046,19.2,85,414.2,Karachi,13,0,1011
9/6/2046,25,89,418.2,Karachi,17,0.1,1009
9/7/2046,30.8,78,412.8,Karachi,5,0,1010
9/8/2046,28.5,87,415.5,Karachi,13,0,1020
9/9/2046,24.9,78,413.4,Karachi,9,0,1011
9/10/2046,26.1,75,412.4,Karachi,8,0,1011
9/11/2046,22.3,89,417.9,Karachi,14,0.1,1012
9/12/2046,27.7,83,411.9,Karachi,9,0,1011
9/13/2046,34.6,80,415.9,Karachi,18,0.2,1007
9/14/2046,30.4,83,415.9,Karachi,13,0.2,1005
9/15/2046,34.6,81,412.4,Karachi,12,0,1010
9/16/2046,30.6,80,415.5,Karachi,14,0.1,1009
9/17/2046,31.1,73,412.2,Karachi,17,0.1,1004
9/18/2046,33.9,79,416.6,Karachi,16,0.4,1015
9/19/2046,29.1,83,411.1,Karachi,9,0,1010
9/20/2046,27.4,79,414,Karachi,17,0.1,1014
9/21/2046,31.1,85,414.2,Karachi,15,0,1003
9/22/2046,32.4,82,418.3,Karachi,18,0.1,1014
9/23/2046,26.6,76,415.4,Karachi,14,0,1009
9/24/2046,25.8,73,417.9,Karachi,9,0,1014
9/25/2046,28.4,79,416.7,Karachi,5,0,1011
9/26/2046,30.5,77,416.6,Karachi,13,0,1011
9/27/2046,30.4,82,414,Karachi,7,0,1011
9/28/2046,23.7,76,418.1,Karachi,5,0.1,1009
9/29/2046,33.7,77,413.9,Karachi,9,0.1,1008
9/30/2046,26.1,85,409.8,Karachi,14,0.1,1009
10/1/2046,27.2,81,414.4,Karachi,7,0,1006
10/2/2046,25.3,76,416.4,Karachi,10,0,1009
10/3/2046,36.1,80,410.2,Karachi,11,0.2,1008
10/4/2046,28.7,87,412.3,Karachi,15,0,1006
10/5/2046,25.4,81,411.3,Karachi,8,0.2,1011
10/6/2046,30.6,83,417.4,Karachi,8,0.2,1010
10/7/2046,30.3,76,420,Karachi,6,0,1011
10/8/2046,27.4,85,414.4,Karachi,6,0.2,1012
10/9/2046,30.5,92,416.6,Karachi,11,0.1,1009
10/10/2046,25.5,76,416.5,Karachi,15,0.1,1007
10/11/2046,26.5,74,419.7,Karachi,9,0.2,1011
10/12/2046,22,81,413,Karachi,9,0.1,1001
10/13/2046,24,84,414.3,Karachi,16,0.1,1010
10/14/2046,33.4,80,414,Karachi,6,0.1,1012
10/15/2046,32.9,75,415.2,Karachi,11,0.1,1013
10/16/2046,28.2,79,422.5,Karachi,6,0.1,1008
10/17/2046,33,83,415.1,Karachi,17,0,1003
10/18/2046,27.5,78,412.4,Karachi,16,0,1002
10/19/2046,27.3,83,411.5,Karachi,9,0.3,1012
10/20/2046,28.2,86,418.8,Karachi,9,0,1009
10/21/2046,27.6,81,412.4,Karachi,7,0.1,1016
10/22/2046,27.4,80,417,Karachi,6,0,1006
10/23/2046,31.4,84,413,Karachi,7,0,1011
10/24/2046,28.5,76,411.2,Karachi,15,0,1015
10/25/2046,30.1,75,416.8,Karachi,9,0,1011
10/26/2046,31.1,79,413.1,Karachi,16,0.1,1005
10/27/2046,29.2,78,416.3,Karachi,17,0.2,1018
10/28/2046,25.1,76,416.5,Karachi,10,0.1,1015
10/29/2046,23.9,89,416.6,Karachi,8,0.1,1009
10/30/2046,28.4,91,414.2,Karachi,11,0.1,1012
10/31/2046,27.5,78,417.1,Karachi,6,0.2,1012
11/1/2046,28.3,80,412.2,Karachi,18,0.1,1012
11/2/2046,28,79,407.6,Karachi,10,0,1006
11/3/2046,35.8,86,417.1,Karachi,18,0.1,1011
11/4/2046,24,87,415.5,Karachi,13,0.2,1014
11/5/2046,22,71,413.2,Karachi,14,0.1,1012
11/6/2046,29,82,410.6,Karachi,9,0.2,1011
11/7/2046,26.9,73,408.9,Karachi,8,0,1008
11/8/2046,28.9,89,415.2,Karachi,18,0.4,1007
11/9/2046,29.8,82,419.9,Karachi,13,0,1005
11/10/2046,31.9,76,414.6,Karachi,10,0,1012
11/11/2046,23.5,79,413.9,Karachi,16,0.1,1009
11/12/2046,26.3,79,414.9,Karachi,19,0,1006
11/13/2046,29.3,83,421.5,Karachi,8,0.1,1013
11/14/2046,30.3,85,417.3,Karachi,19,0.2,1008
11/15/2046,34.6,74,412.2,Karachi,5,0.3,1007
11/16/2046,30.9,89,415.1,Karachi,13,0.1,1009
11/17/2046,27.8,88,416,Karachi,14,0.1,1009
11/18/2046,25.3,76,411.8,Karachi,7,0.5,1011
11/19/2046,26.3,80,417.3,Karachi,10,0.1,1007
11/20/2046,26.2,89,412.5,Karachi,5,0.3,1013
11/21/2046,30,86,410.5,Karachi,10,0.2,1011
11/22/2046,28.8,78,415.2,Karachi,7,0,1008
11/23/2046,24,84,414.8,Karachi,7,0,1010
11/24/2046,26.7,95,415,Karachi,15,0.1,1009
11/25/2046,30.6,81,412.7,Karachi,11,0.2,1010
11/26/2046,29.1,77,413.1,Karachi,15,0.2,1015
11/27/2046,29.7,81,418.4,Karachi,13,0.1,1009
11/28/2046,29.1,81,416.3,Karachi,10,0,1011
11/29/2046,32.9,77,412.1,Karachi,16,0,1008
11/30/2046,28.7,82,409.1,Karachi,18,0.3,1012
12/1/2046,26.8,74,412.3,Karachi,18,0.1,1011
12/2/2046,25.3,77,415.5,Karachi,5,0.1,1014
12/3/2046,28.7,84,413.1,Karachi,13,0.2,1008
12/4/2046,20.7,71,412.9,Karachi,17,0.2,1012
12/5/2046,27.4,85,413.2,Karachi,9,0.1,1014
12/6/2046,27.4,70,414.8,Karachi,6,0.1,1009
12/7/2046,23.9,71,417.4,Karachi,7,0.1,1010
12/8/2046,25.2,78,415,Karachi,15,0,1011
12/9/2046,30.4,81,415.2,Karachi,9,0.1,1009
12/10/2046,28.7,87,414.3,Karachi,16,0,1011
12/11/2046,28.3,80,413.5,Karachi,6,0.2,1012
12/12/2046,28.9,79,417.7,Karachi,18,0.6,1010
12/13/2046,28.3,83,417.2,Karachi,16,0.3,1010
12/14/2046,31.7,76,421.1,Karachi,17,0,1011
12/15/2046,28.4,81,416.8,Karachi,18,0.1,1009
12/16/2046,23.6,74,413.5,Karachi,16,0,1009
12/17/2046,32.9,80,412.3,Karachi,7,0,1007
12/18/2046,29.1,79,417.9,Karachi,12,0.1,1010
12/19/2046,26.2,76,412.6,Karachi,17,0.1,1011
12/20/2046,24.2,81,417.4,Karachi,10,0,1009
12/21/2046,29.2,81,412.7,Karachi,16,0.1,1008
12/22/2046,27.6,86,416,Karachi,6,0.1,1010
12/23/2046,32.7,72,411.8,Karachi,6,0,1011
12/24/2046,27,80,417.3,Karachi,5,0,1010
12/25/2046,25.5,76,411.3,Karachi,11,0.1,1017
12/26/2046,30.7,84,415.8,Karachi,10,0.1,1008
12/27/2046,30.8,84,414.4,Karachi,17,0.1,1010
12/28/2046,28.5,83,415.3,Karachi,17,0,1012
12/29/2046,30,76,413.8,Karachi,10,0,1008
12/30/2046,27.9,84,413.7,Karachi,9,0,1016
12/31/2046,28.7,72,415.5,Karachi,7,0,1010
1/1/2047,31.5,71,412,Karachi,12,0,1012
1/2/2047,29.9,74,412,Karachi,7,0.2,1010
1/3/2047,27.5,80,413.9,Karachi,9,0,1013
1/4/2047,32.1,83,413.8,Karachi,12,0,1007
1/5/2047,20.9,65,412,Karachi,18,0,1015
1/6/2047,34.2,87,417.8,Karachi,16,0.1,1011
1/7/2047,22.9,81,414,Karachi,7,0,1012
1/8/2047,26.1,72,414.3,Karachi,18,0,1008
1/9/2047,27.9,81,411,Karachi,9,0,1011
1/10/2047,27.6,85,421.2,Karachi,15,0.3,1007
1/11/2047,31,83,422.3,Karachi,10,0.2,1014
1/12/2047,24.8,85,412.7,Karachi,5,0.1,1006
1/13/2047,28.8,73,418.7,Karachi,6,0,1010
1/14/2047,26.3,78,414.7,Karachi,11,0,1009
1/15/2047,28.9,75,419.8,Karachi,13,0.1,1005
1/16/2047,27.8,89,416,Karachi,17,0,1007
1/17/2047,28.3,83,415.3,Karachi,18,0.1,1011
1/18/2047,26.4,94,407.5,Karachi,14,0.1,1007
1/19/2047,26.5,78,412.4,Karachi,8,0.1,1008
1/20/2047,28.9,76,415.1,Karachi,9,0.1,1011
1/21/2047,30.8,79,415.6,Karachi,16,0,1013
1/22/2047,26.2,87,411.4,Karachi,8,0.2,1012
1/23/2047,25.4,78,412.8,Karachi,15,0.1,1010
1/24/2047,29.8,81,416.7,Karachi,7,0.1,1011
1/25/2047,27.9,80,410.9,Karachi,14,0,1010
1/26/2047,30.5,80,415.4,Karachi,6,0.1,1007
1/27/2047,25.3,77,418.7,Karachi,18,0.3,1011
1/28/2047,22.7,79,416.2,Karachi,7,0.1,1007
1/29/2047,26.4,79,416,Karachi,19,0.1,1012
1/30/2047,25.7,80,408.9,Karachi,6,0.2,1010
1/31/2047,27.8,85,412.5,Karachi,18,0.1,1004
2/1/2047,26.1,89,421.2,Karachi,12,0.2,1013
2/2/2047,30.2,76,413.2,Karachi,5,0.1,1008
2/3/2047,27.1,78,418.8,Karachi,9,0.1,1008
2/4/2047,28.5,76,413.2,Karachi,5,0.1,1013
2/5/2047,28.5,81,414.2,Karachi,9,0,1010
2/6/2047,28.6,77,416.5,Karachi,18,0.1,1012
2/7/2047,27.9,81,415.3,Karachi,7,0,1008
2/8/2047,29.5,86,416.1,Karachi,19,0.1,1012
2/9/2047,25.6,67,412.5,Karachi,13,0.1,1011
2/10/2047,32.2,82,411.6,Karachi,19,0.1,1011
2/11/2047,27.3,78,412.3,Karachi,16,0,1009
2/12/2047,24.1,82,413.4,Karachi,5,0,1015
2/13/2047,28.6,76,414.3,Karachi,14,0,1016
2/14/2047,25.4,86,418.1,Karachi,5,0.2,1003
2/15/2047,30,85,415.3,Karachi,12,0.2,1013
2/16/2047,34.6,83,416.5,Karachi,7,0.2,1007
2/17/2047,25.6,84,415.4,Karachi,15,0,1012
2/18/2047,29,76,411.7,Karachi,11,0,1005
2/19/2047,22.7,77,415.1,Karachi,14,0.2,1011
2/20/2047,29.4,84,415.4,Karachi,9,0,1007
2/21/2047,25.3,76,417.3,Karachi,6,0.1,1009
2/22/2047,26.1,87,411.8,Karachi,18,0.2,1009
2/23/2047,24.7,78,408.9,Karachi,17,0.1,1008
2/24/2047,30.2,83,415.5,Karachi,15,0.1,1008
2/25/2047,31,90,416.1,Karachi,11,0,1009
2/26/2047,28.1,76,414.5,Karachi,11,0.3,1010
2/27/2047,25.4,80,415.1,Karachi,7,0,1011
2/28/2047,32.8,85,417.6,Karachi,10,0,1016
3/1/2047,25.7,85,413.6,Karachi,9,0.1,1007
3/2/2047,21.5,78,414.2,Karachi,5,0,1010
3/3/2047,29.4,77,415.2,Karachi,5,0.1,1012
3/4/2047,24.7,79,411.3,Karachi,6,0.1,1008
3/5/2047,31,87,414.5,Karachi,11,0,1003
3/6/2047,26.9,79,414.8,Karachi,7,0,1004
3/7/2047,29.8,80,419.9,Karachi,13,0,1003
3/8/2047,32.2,78,414.1,Karachi,7,0,1015
3/9/2047,24.4,84,415.6,Karachi,14,0,1012
3/10/2047,26.3,81,417.8,Karachi,8,0.2,1012
3/11/2047,27.8,75,412.5,Karachi,15,0,1013
3/12/2047,32.6,75,419.1,Karachi,12,0,1008
3/13/2047,26,70,420.3,Karachi,8,0,1017
3/14/2047,26.2,76,414.9,Karachi,11,0.1,1011
3/15/2047,29.4,84,413.4,Karachi,15,0.1,1010
3/16/2047,26.3,87,419.9,Karachi,9,0.3,1013
3/17/2047,28.5,83,417.4,Karachi,10,0.1,1012
3/18/2047,23.3,83,415.2,Karachi,12,0,1014
3/19/2047,34.6,79,419.3,Karachi,8,0,1014
3/20/2047,24,84,419,Karachi,17,0,1009
3/21/2047,27,81,414,Karachi,10,0.2,1011
3/22/2047,27.9,89,415.7,Karachi,17,0.1,1007
3/23/2047,33.7,80,416.7,Karachi,14,0,1005
3/24/2047,24,87,415.1,Karachi,6,0.2,1013
3/25/2047,34,84,410.8,Karachi,13,0.2,1013
3/26/2047,30.3,84,412.2,Karachi,16,0.2,1004
3/27/2047,29.3,70,410.9,Karachi,13,0,1008
3/28/2047,25,85,416.5,Karachi,19,0,1010
3/29/2047,29.7,79,411.4,Karachi,16,0,1010
3/30/2047,25.8,78,415.6,Karachi,14,0.1,1016
3/31/2047,31.8,73,420.5,Karachi,14,0.1,1008
4/1/2047,25.1,80,419.3,Karachi,10,0.2,1009
4/2/2047,27.7,80,409.5,Karachi,10,0,1012
4/3/2047,26.3,73,411.2,Karachi,14,0.1,1009
4/4/2047,25,73,412.7,Karachi,11,0.2,1008
4/5/2047,30.2,82,411.5,Karachi,8,0,1008
4/6/2047,29.6,84,410,Karachi,11,0,1011
4/7/2047,31.6,81,415,Karachi,19,0.1,1009
4/8/2047,22.7,86,417.1,Karachi,14,0.1,1012
4/9/2047,31.2,80,417.9,Karachi,5,0.3,1011
4/10/2047,35.5,80,413.6,Karachi,17,0.2,1001
4/11/2047,26.6,75,414.2,Karachi,18,0.2,1005
4/12/2047,33.7,72,416.1,Karachi,11,0.1,1008
4/13/2047,27.2,89,414.7,Karachi,16,0,1013
4/14/2047,23.9,86,417.4,Karachi,17,0.2,1008
4/15/2047,27.1,73,416.3,Karachi,5,0.3,1011
4/16/2047,31.1,81,413.9,Karachi,15,0,1012
4/17/2047,25.5,79,409.4,Karachi,18,0,1012
4/18/2047,26.2,79,419.5,Karachi,12,0.1,1008
4/19/2047,29.8,78,412.9,Karachi,14,0.3,1007
4/20/2047,28,82,416.1,Karachi,10,0,1006
4/21/2047,29.8,84,409.3,Karachi,18,0.1,1019
4/22/2047,28.7,82,415,Karachi,18,0.2,1011
4/23/2047,29.4,79,415.3,Karachi,5,0.2,1016
4/24/2047,26.7,79,415.4,Karachi,15,0.1,1008
4/25/2047,28.7,85,424,Karachi,16,0.3,1014
4/26/2047,25.2,82,413.1,Karachi,5,0,1009
4/27/2047,31.9,80,417.5,Karachi,16,0,1010
4/28/2047,26.1,80,416.6,Karachi,17,0,1009
4/29/2047,31.4,82,413,Karachi,17,0,1007
4/30/2047,27.3,78,417.4,Karachi,8,0,1007
5/1/2047,28.6,84,414.5,Karachi,11,0,1010
5/2/2047,26.5,75,417.6,Karachi,9,0.1,1008
5/3/2047,25,78,420.9,Karachi,9,0.1,1010
5/4/2047,22.8,83,415.5,Karachi,12,0.1,1007
5/5/2047,24.8,74,414.2,Karachi,6,0,1012
5/6/2047,27,72,418.2,Karachi,8,0,1009
5/7/2047,28.6,80,419.2,Karachi,8,0,1015
5/8/2047,31,72,412.4,Karachi,15,0,1010
5/9/2047,26.7,74,413.6,Karachi,12,0,1010
5/10/2047,25.4,84,417,Karachi,10,0,1015
5/11/2047,23.7,79,414.6,Karachi,14,0.1,1009
5/12/2047,29.4,86,412.1,Karachi,13,0,1009
5/13/2047,32.1,74,416.6,Karachi,14,0,1008
5/14/2047,31.8,80,417,Karachi,13,0,1011
5/15/2047,30.1,82,414,Karachi,8,0.2,1008
5/16/2047,29.9,74,415.2,Karachi,14,0,1012
5/17/2047,33.1,85,413.3,Karachi,11,0,1010
5/18/2047,29,83,411.7,Karachi,7,0,1013
5/19/2047,29.9,72,413.5,Karachi,10,0.1,1012
5/20/2047,27,80,415.2,Karachi,17,0.1,1008
5/21/2047,23.9,82,410.6,Karachi,5,0,1008
5/22/2047,25.9,77,413.7,Karachi,9,0.1,1009
5/23/2047,28,73,415.3,Karachi,10,0.1,1010
5/24/2047,28.2,81,418.6,Karachi,16,0,1011
5/25/2047,33.8,91,414.1,Karachi,16,0,1011
5/26/2047,28.2,78,411.3,Karachi,16,0.4,1010
5/27/2047,31.5,88,414.4,Karachi,9,0.1,1008
5/28/2047,26.7,76,413.3,Karachi,18,0.1,1008
5/29/2047,27.1,81,416.7,Karachi,11,0,1012
5/30/2047,24,84,414,Karachi,16,0.2,1008
5/31/2047,25.8,80,406.9,Karachi,8,0,1012
6/1/2047,29.6,79,426.1,Karachi,9,0,1012
6/2/2047,28,84,415.4,Karachi,8,0.1,1015
6/3/2047,30.8,89,415.3,Karachi,18,0.1,1009
6/4/2047,28.5,82,410.4,Karachi,13,0.4,1009
6/5/2047,26.9,77,410.6,Karachi,6,0,1003
6/6/2047,34.4,79,414.7,Karachi,5,0.1,1007
6/7/2047,27.7,93,416,Karachi,19,0,1007
6/8/2047,31.5,81,417.1,Karachi,8,0.1,1012
6/9/2047,26.8,77,415.7,Karachi,18,0,1015
6/10/2047,30.1,74,411.4,Karachi,18,0.1,1012
6/11/2047,30.8,71,407.5,Karachi,16,0,1013
6/12/2047,28.6,82,414.7,Karachi,19,0.1,1008
6/13/2047,20.9,83,413.4,Karachi,19,0.1,1006
6/14/2047,28.1,78,411.2,Karachi,16,0,1009
6/15/2047,31.7,80,417.5,Karachi,16,0.1,1008
6/16/2047,29.6,74,410.3,Karachi,17,0,1007
6/17/2047,29.3,81,416.9,Karachi,10,0.2,1011
6/18/2047,22.8,82,410.8,Karachi,14,0.1,1006
6/19/2047,25.8,77,415.4,Karachi,17,0.2,1012
6/20/2047,29.2,88,417.8,Karachi,17,0,1009
6/21/2047,29.2,76,414,Karachi,18,0,1010
6/22/2047,31.6,81,420.1,Karachi,19,0,1010
6/23/2047,27.6,84,420.8,Karachi,12,0,1009
6/24/2047,29.2,80,415.7,Karachi,8,0,1014
6/25/2047,28,79,416.6,Karachi,5,0,1005
6/26/2047,25,73,418.2,Karachi,18,0.2,1014
6/27/2047,21.2,87,416.6,Karachi,13,0.1,1009
6/28/2047,29.3,79,416.3,Karachi,7,0.1,1013
6/29/2047,28.5,83,413.4,Karachi,10,0.2,1011
6/30/2047,26.1,83,409.9,Karachi,14,0,1013
7/1/2047,23.1,77,410.8,Karachi,18,0.2,1010
7/2/2047,29.9,79,422.1,Karachi,12,0.1,1011
7/3/2047,27.2,87,416,Karachi,15,0,1013
7/4/2047,29.7,74,414.3,Karachi,9,0.2,1010
7/5/2047,33.6,91,418.8,Karachi,15,0.1,1014
7/6/2047,21.6,76,412.8,Karachi,11,0.1,1011
7/7/2047,25.9,74,416.7,Karachi,15,0.2,1008
7/8/2047,27.4,81,415.2,Karachi,18,0.2,1009
7/9/2047,32.4,91,416.4,Karachi,15,0.2,1013
7/10/2047,23.1,70,414,Karachi,14,0.1,1006
7/11/2047,33.8,79,412.1,Karachi,18,0.1,1012
7/12/2047,28.4,82,412.5,Karachi,13,0,1009
7/13/2047,27.7,80,412.6,Karachi,5,0.2,1006
7/14/2047,27.4,82,415,Karachi,15,0,1011
7/15/2047,26.7,76,410.3,Karachi,18,0.1,1008
7/16/2047,31.1,77,411.3,Karachi,12,0.2,1008
7/17/2047,24.8,79,415.4,Karachi,6,0.2,1008
7/18/2047,29,74,414.6,Karachi,5,0.3,1010
7/19/2047,26.8,80,415.6,Karachi,8,0,1009
7/20/2047,25.7,78,414.9,Karachi,10,0,1011
7/21/2047,35.8,78,422.6,Karachi,19,0.2,1013
7/22/2047,29.3,82,415.4,Karachi,18,0.1,1012
7/23/2047,29.8,71,413.9,Karachi,12,0.2,1015
7/24/2047,31.4,79,415.3,Karachi,19,0.1,1016
7/25/2047,23.7,92,418.1,Karachi,5,0.2,1009
7/26/2047,33.3,75,414.9,Karachi,5,0.1,1007
7/27/2047,20.5,86,417.1,Karachi,14,0.2,1009
7/28/2047,25.7,80,416.2,Karachi,6,0,1010
7/29/2047,26.6,77,414.1,Karachi,13,0.3,1017
7/30/2047,29.7,73,415.3,Karachi,16,0,1009
7/31/2047,28.7,81,419.8,Karachi,8,0,1011
8/1/2047,27.5,87,415.7,Karachi,11,0.1,1008
8/2/2047,28,78,412,Karachi,7,0.1,1009
8/3/2047,25.1,80,414,Karachi,15,0.1,1006
8/4/2047,23.5,85,408.7,Karachi,5,0,1006
8/5/2047,30.2,82,415.4,Karachi,5,0.1,1014
8/6/2047,30.1,72,418.9,Karachi,13,0.2,1013
8/7/2047,32.8,80,411,Karachi,18,0.1,1009
8/8/2047,25.6,88,415.4,Karachi,8,0,1013
8/9/2047,30.1,80,418,Karachi,17,0.1,1006
8/10/2047,27.1,66,418.3,Karachi,15,0.2,1009
8/11/2047,31.6,82,418.8,Karachi,7,0.2,1011
8/12/2047,31.1,79,409.4,Karachi,9,0,1014
8/13/2047,28.6,71,416.5,Karachi,5,0,1011
8/14/2047,27,72,410.5,Karachi,7,0,1012
8/15/2047,30.9,85,412,Karachi,8,0.1,1009
8/16/2047,29.9,76,417.5,Karachi,17,0.1,1011
8/17/2047,25.9,75,415.5,Karachi,16,0.1,1014
8/18/2047,24,80,417.2,Karachi,10,0.1,1005
8/19/2047,27.1,77,412.2,Karachi,13,0,1013
8/20/2047,32.5,81,419.4,Karachi,7,0,1009
8/21/2047,31.4,79,417.1,Karachi,19,0.1,1006
8/22/2047,24.7,74,417.7,Karachi,8,0,1009
8/23/2047,24.5,77,411.8,Karachi,9,0.2,1014
8/24/2047,31.8,82,418.5,Karachi,19,0,1009
8/25/2047,24.6,80,414.1,Karachi,12,0.1,1011
8/26/2047,29.5,80,413.2,Karachi,13,0,1005
8/27/2047,26.2,90,416.9,Karachi,7,0.1,1005
8/28/2047,32.9,84,416.7,Karachi,7,0.1,1007
8/29/2047,25.7,84,412.5,Karachi,11,0,1013
8/30/2047,31.4,79,421.2,Karachi,13,0.1,1010
8/31/2047,28.6,81,420.4,Karachi,5,0,1013
9/1/2047,28.8,78,416.8,Karachi,5,0.1,1013
9/2/2047,22.1,84,416.3,Karachi,18,0.1,1008
9/3/2047,21.4,79,416,Karachi,16,0.1,1015
9/4/2047,27.3,81,410.4,Karachi,6,0.1,1008
9/5/2047,28.7,81,415.3,Karachi,10,0,1013
9/6/2047,24.6,80,415.3,Karachi,7,0,1013
9/7/2047,24.7,95,413.3,Karachi,19,0,1010
9/8/2047,29.7,77,414.1,Karachi,16,0,1010
9/9/2047,29.7,77,407.9,Karachi,12,0.1,1011
9/10/2047,27.6,83,411.7,Karachi,9,0.1,1010
9/11/2047,30.3,77,417.8,Karachi,7,0.1,1009
9/12/2047,24.5,79,420.2,Karachi,18,0.2,1009
9/13/2047,26.9,75,412.2,Karachi,12,0.1,1009
9/14/2047,32.9,82,415.5,Karachi,12,0.1,1014
9/15/2047,28.2,83,418.3,Karachi,6,0,1005
9/16/2047,28.4,78,413.4,Karachi,9,0.1,1009
9/17/2047,34.9,84,417,Karachi,7,0,1009
9/18/2047,23.8,71,414.9,Karachi,11,0.1,1009
9/19/2047,30.4,76,418.6,Karachi,6,0.2,1011
9/20/2047,33,79,411.2,Karachi,13,0.1,1006
9/21/2047,27,74,411.7,Karachi,6,0,1013
9/22/2047,30.6,71,415.8,Karachi,15,0.3,1013
9/23/2047,25.1,78,415.3,Karachi,6,0,1012
9/24/2047,25.9,83,414.8,Karachi,10,0.2,1009
9/25/2047,29.2,86,416.7,Karachi,7,0.2,1008
9/26/2047,30.4,77,412.2,Karachi,7,0.1,1009
9/27/2047,31.4,84,410.9,Karachi,19,0,1010
9/28/2047,32.7,83,413.5,Karachi,14,0.3,1012
9/29/2047,27.8,86,413.8,Karachi,6,0.1,1010
9/30/2047,31.6,78,414.1,Karachi,18,0,1011
10/1/2047,27,71,418.8,Karachi,17,0.1,1009
10/2/2047,30.7,80,417.3,Karachi,9,0.1,1011
10/3/2047,28.6,75,416.6,Karachi,16,0,1009
10/4/2047,29.3,76,415.7,Karachi,15,0,1011
10/5/2047,29.3,78,413.7,Karachi,9,0,1005
10/6/2047,23.2,78,412.4,Karachi,11,0,1011
10/7/2047,24.6,81,411.4,Karachi,12,0,1012
10/8/2047,28.3,84,412.9,Karachi,12,0,1012
10/9/2047,22.9,78,414.9,Karachi,16,0,1007
10/10/2047,30.5,82,411.5,Karachi,18,0,1008
10/11/2047,30.6,80,415.5,Karachi,7,0.3,1007
10/12/2047,29,85,414.4,Karachi,10,0.1,1011
10/13/2047,24.6,79,413.8,Karachi,19,0.1,1012
10/14/2047,32.1,80,418.5,Karachi,16,0.1,1008
10/15/2047,34.1,78,407.6,Karachi,9,0,1014
10/16/2047,28.4,79,413.8,Karachi,8,0.2,1014
10/17/2047,29.5,76,407.9,Karachi,14,0.1,1010
10/18/2047,28.6,76,415.7,Karachi,10,0.1,1011
10/19/2047,29.6,84,417.3,Karachi,8,0.3,1005
10/20/2047,27.6,75,410.9,Karachi,18,0.1,1008
10/21/2047,27.9,78,411.3,Karachi,12,0,1006
10/22/2047,30.7,85,409.9,Karachi,13,0.3,1007
10/23/2047,35,78,415.2,Karachi,5,0.2,1012
10/24/2047,23.8,84,414,Karachi,16,0.3,1012
10/25/2047,27.7,77,414.2,Karachi,5,0,1012
10/26/2047,24.5,75,413.9,Karachi,8,0.3,1011
10/27/2047,32.8,72,412.1,Karachi,10,0.1,1012
10/28/2047,26.2,87,418.4,Karachi,12,0.1,1005
10/29/2047,23.7,74,415.8,Karachi,19,0,1006
10/30/2047,29.9,84,411.4,Karachi,19,0,1009
10/31/2047,33.2,75,412.9,Karachi,16,0,1012
11/1/2047,30,87,412.4,Karachi,16,0.1,1009
11/2/2047,28.6,91,419.2,Karachi,5,0,1006
11/3/2047,29.2,72,417.1,Karachi,7,0,1008
11/4/2047,32.2,75,414.6,Karachi,16,0.3,1007
11/5/2047,25.4,84,420.1,Karachi,8,0.1,1005
11/6/2047,27.7,83,419.4,Karachi,14,0.1,1017
11/7/2047,26.6,84,414.3,Karachi,6,0.1,1014
11/8/2047,24.5,77,413.8,Karachi,17,0.1,1004
11/9/2047,27,90,413.9,Karachi,13,0,1004
11/10/2047,31.3,81,412.1,Karachi,7,0.1,1008
11/11/2047,29.7,74,420.2,Karachi,19,0.1,1006
11/12/2047,29.9,79,412,Karachi,8,0,1017
11/13/2047,28.4,74,417.6,Karachi,19,0,1008
11/14/2047,29.6,88,417.1,Karachi,8,0,1011
11/15/2047,25.6,77,414.1,Karachi,5,0.1,1008
11/16/2047,27.1,82,420.4,Karachi,9,0,1006
11/17/2047,28.6,78,410.3,Karachi,9,0.1,1013
11/18/2047,28.8,77,414.8,Karachi,6,0,1012
11/19/2047,29,70,413.5,Karachi,19,0.1,1010
11/20/2047,27.6,83,417.9,Karachi,5,0.3,1017
11/21/2047,26.9,86,416.1,Karachi,9,0.2,1011
11/22/2047,37.5,75,409.8,Karachi,9,0.1,1009
11/23/2047,30.7,72,418.7,Karachi,11,0,1016
11/24/2047,29.2,84,416.5,Karachi,15,0.1,1011
11/25/2047,27.3,72,411.9,Karachi,14,0.1,1015
11/26/2047,26.6,86,414,Karachi,14,0.1,1010
11/27/2047,27.6,75,411.1,Karachi,6,0.2,1001
11/28/2047,28.9,74,414.5,Karachi,18,0,1005
11/29/2047,22.4,81,415.5,Karachi,17,0.1,1013
11/30/2047,23.3,75,414,Karachi,16,0,1008
12/1/2047,26.1,76,413.6,Karachi,18,0,1011
12/2/2047,28.6,82,410.2,Karachi,12,0.1,1013
12/3/2047,27.3,68,416,Karachi,9,0.1,1011
12/4/2047,32.4,88,409.2,Karachi,9,0.1,1007
12/5/2047,23.6,80,415.1,Karachi,19,0.1,1010
12/6/2047,25.7,74,409.6,Karachi,13,0.1,1010
12/7/2047,32.6,75,415.2,Karachi,19,0.3,1009
12/8/2047,28.4,85,415,Karachi,6,0.1,1006
12/9/2047,30.7,83,416.2,Karachi,14,0.4,1009
12/10/2047,34.2,87,417.6,Karachi,19,0.1,1010
12/11/2047,25.9,77,418.1,Karachi,15,0.1,1006
12/12/2047,27.7,81,410.2,Karachi,6,0.1,1007
12/13/2047,27.2,82,414.8,Karachi,9,0.1,1008
12/14/2047,22.1,83,421,Karachi,5,0.1,1004
12/15/2047,27.1,86,415.4,Karachi,15,0.1,1010
12/16/2047,30.6,76,412.5,Karachi,9,0.1,1011
12/17/2047,29.6,79,414.8,Karachi,9,0.2,1008
12/18/2047,29.9,77,413.8,Karachi,12,0,1006
12/19/2047,26.9,80,411.5,Karachi,10,0.1,1011
12/20/2047,26,83,417.6,Karachi,15,0.1,1012
12/21/2047,31.8,72,416.8,Karachi,10,0,1010
12/22/2047,26.5,86,411,Karachi,9,0.4,1010
12/23/2047,28.9,74,414.7,Karachi,9,0.2,1012
12/24/2047,28.5,78,413.3,Karachi,12,0,1010
12/25/2047,32.4,86,410.2,Karachi,18,0,1007
12/26/2047,30.9,82,410.8,Karachi,5,0.1,1010
12/27/2047,24.1,82,411.2,Karachi,13,0,1009
12/28/2047,24.4,74,414.8,Karachi,10,0.1,1010
12/29/2047,29.7,75,413.6,Karachi,13,0,1013
12/30/2047,27.8,85,412.1,Karachi,6,0.2,1006
12/31/2047,26.6,77,413.8,Karachi,7,0.2,1011
1/1/2048,31,78,417.2,Karachi,5,0,1006
1/2/2048,28.6,85,416.1,Karachi,9,0.2,1007
1/3/2048,28.2,75,418,Karachi,6,0.2,1015
1/4/2048,30.3,81,414.3,Karachi,15,0.1,1011
1/5/2048,26.9,80,419.8,Karachi,5,0,1010
1/6/2048,32.7,80,416,Karachi,13,0.1,1005
1/7/2048,25.6,77,413.5,Karachi,15,0,1009
1/8/2048,30,77,415.3,Karachi,13,0.1,1004
1/9/2048,32.3,75,411.3,Karachi,10,0,1010
1/10/2048,23.9,82,414.1,Karachi,15,0.1,1006
1/11/2048,27,77,416.3,Karachi,15,0,1012
1/12/2048,31.4,85,416.8,Karachi,12,0.1,1010
1/13/2048,31.5,79,413.8,Karachi,17,0,1006
1/14/2048,27.5,75,423.2,Karachi,19,0.1,1011
1/15/2048,25.8,79,414.5,Karachi,15,0.1,1016
1/16/2048,30.9,78,410,Karachi,19,0,1009
1/17/2048,31.6,85,418.6,Karachi,16,0.1,1013
1/18/2048,24.5,78,416.8,Karachi,13,0,1004
1/19/2048,24.4,79,415.7,Karachi,19,0.1,1011
1/20/2048,28.7,87,413.6,Karachi,9,0.1,1008
1/21/2048,29.9,83,416.2,Karachi,19,0.1,1009
1/22/2048,27.1,88,419.9,Karachi,6,0,1012
1/23/2048,30,86,415.6,Karachi,19,0,1009
1/24/2048,25.9,76,410.6,Karachi,19,0,1005
1/25/2048,21.7,85,404.6,Karachi,8,0.2,1015
1/26/2048,26.7,88,416.2,Karachi,7,0.1,1006
1/27/2048,28.2,88,412,Karachi,14,0.4,1007
1/28/2048,27.2,85,414.7,Karachi,11,0.2,1010
1/29/2048,24.5,85,412.6,Karachi,14,0.2,1010
1/30/2048,22.6,78,412.4,Karachi,14,0.1,1011
1/31/2048,26.5,76,412.7,Karachi,14,0,1010
2/1/2048,30.7,78,413,Karachi,12,0.2,1013
2/2/2048,31.8,72,417.3,Karachi,17,0,1011
2/3/2048,31.6,87,416.7,Karachi,9,0.1,1006
2/4/2048,25.6,79,411.4,Karachi,6,0.2,1002
2/5/2048,24.5,86,411.8,Karachi,16,0.1,1010
2/6/2048,29.5,74,416.1,Karachi,13,0,1014
2/7/2048,29.9,85,418.2,Karachi,18,0,1006
2/8/2048,29.2,78,418.1,Karachi,5,0.4,1007
2/9/2048,22,74,412,Karachi,9,0.8,1011
2/10/2048,25.4,88,418,Karachi,16,0.1,1011
2/11/2048,27.9,86,409.7,Karachi,16,0.2,1013
2/12/2048,29.5,81,414.4,Karachi,7,0,1015
2/13/2048,30.3,80,416.5,Karachi,12,0,1011
2/14/2048,28.4,82,408.8,Karachi,12,0,1007
2/15/2048,29,81,421.3,Karachi,17,0,1007
2/16/2048,28.3,76,419,Karachi,16,0,1008
2/17/2048,30.1,78,416.9,Karachi,16,0,1013
2/18/2048,28.9,90,412.1,Karachi,5,0.1,1008
2/19/2048,28.2,93,414.8,Karachi,8,0,1013
2/20/2048,27.2,88,417.4,Karachi,16,0,1005
2/21/2048,28.2,82,411.6,Karachi,19,0.2,1011
2/22/2048,29.5,78,414.5,Karachi,14,0,1008
2/23/2048,28.8,76,417.7,Karachi,19,0,1012
2/24/2048,29.1,76,410.5,Karachi,12,0,1009
2/25/2048,32,77,416,Karachi,13,0.2,1012
2/26/2048,28.8,91,409.7,Karachi,13,0.1,1009
2/27/2048,26.1,89,412.2,Karachi,6,0.1,1010
2/28/2048,30.7,84,413.5,Karachi,13,0,1012
2/29/2048,23.9,75,416.5,Karachi,12,0.1,1010
3/1/2048,24.8,84,412.9,Karachi,15,0,1010
3/2/2048,29,79,415.4,Karachi,18,0,1012
3/3/2048,29.5,69,412.9,Karachi,15,0.1,1010
3/4/2048,24.3,81,413.4,Karachi,17,0.2,1005
3/5/2048,26.9,76,418.8,Karachi,18,0,1008
3/6/2048,26.2,76,411.5,Karachi,13,0.1,1004
3/7/2048,26.5,79,417.3,Karachi,13,0,1009
3/8/2048,30.8,78,415,Karachi,7,0,1011
3/9/2048,30.1,80,413.3,Karachi,9,0,1010
3/10/2048,27.9,80,411.3,Karachi,19,0.2,1014
3/11/2048,26.4,71,411.6,Karachi,17,0,1014
3/12/2048,24,88,412.8,Karachi,15,0.1,1011
3/13/2048,32.3,75,414.5,Karachi,7,0,1003
3/14/2048,29.8,75,416.8,Karachi,10,0.1,1012
3/15/2048,25.9,78,414.1,Karachi,14,0.1,1008
3/16/2048,30.2,79,414.3,Karachi,17,0,1013
3/17/2048,27.8,87,414.7,Karachi,9,0.2,1011
3/18/2048,27.1,81,416.4,Karachi,6,0.2,1012
3/19/2048,29.3,83,416.9,Karachi,7,0,1012
3/20/2048,25.8,81,410.8,Karachi,11,0.1,1017
3/21/2048,27,81,414.2,Karachi,14,0,1012
3/22/2048,28.4,82,418.7,Karachi,14,0.1,1006
3/23/2048,26.5,70,411.1,Karachi,16,0.1,1013
3/24/2048,30,79,415.2,Karachi,9,0,1009
3/25/2048,33.6,86,414.5,Karachi,7,0.2,1014
3/26/2048,25.7,100,413.3,Karachi,8,0,1015
3/27/2048,23,74,419.8,Karachi,10,0,1012
3/28/2048,22,82,415.1,Karachi,12,0.1,1006
3/29/2048,27.5,77,419.5,Karachi,16,0,1009
3/30/2048,26,90,415,Karachi,11,0,1014
3/31/2048,28.6,73,416.4,Karachi,16,0,1016
4/1/2048,28.4,83,413.3,Karachi,7,0.2,1010
4/2/2048,23.2,73,413.3,Karachi,6,0,1009
4/3/2048,22.6,78,416.2,Karachi,7,0,1006
4/4/2048,28.9,80,416.3,Karachi,9,0,1006
4/5/2048,28.4,85,416.8,Karachi,18,0,1011
4/6/2048,26.7,75,416.1,Karachi,11,0.1,1012
4/7/2048,23,83,411,Karachi,18,0.1,1006
4/8/2048,29.4,80,412.6,Karachi,12,0.1,1012
4/9/2048,31.8,81,417.5,Karachi,10,0.1,1014
4/10/2048,28.8,85,409.1,Karachi,19,0,1012
4/11/2048,25.5,74,415.9,Karachi,17,0.1,1015
4/12/2048,28.1,84,414.7,Karachi,6,0.1,1011
4/13/2048,23.9,77,417.5,Karachi,15,0.1,1011
4/14/2048,31.2,85,416.2,Karachi,6,0.2,1011
4/15/2048,28.2,82,413,Karachi,14,0.3,1014
4/16/2048,22.7,79,412.9,Karachi,15,0.1,1012
4/17/2048,27.1,77,413.4,Karachi,9,0.5,1008
4/18/2048,29.4,84,416.7,Karachi,15,0.1,1011
4/19/2048,27,86,408.1,Karachi,18,0,1011
4/20/2048,27.2,77,415.5,Karachi,9,0.1,1009
4/21/2048,24.3,74,412.4,Karachi,5,0,1013
4/22/2048,29.7,83,415.6,Karachi,5,0,1010
4/23/2048,26.1,73,416,Karachi,13,0.1,1012
4/24/2048,21.5,73,410,Karachi,18,0,1012
4/25/2048,26.9,75,414.3,Karachi,19,0,1008
4/26/2048,30.9,78,415.5,Karachi,11,0.1,1007
4/27/2048,26.8,73,415.3,Karachi,12,0,1008
4/28/2048,33.2,70,414.6,Karachi,16,0,1010
4/29/2048,29.3,74,411.3,Karachi,17,0.1,1015
4/30/2048,29,83,411.8,Karachi,9,0.1,1010
5/1/2048,27.6,74,410.9,Karachi,7,0.2,1011
5/2/2048,27.8,78,416.7,Karachi,17,0.2,1013
5/3/2048,27.2,90,414.7,Karachi,7,0.1,1009
5/4/2048,27.1,80,414.8,Karachi,16,0.1,1009
5/5/2048,29.6,82,409.9,Karachi,7,0.1,1013
5/6/2048,25.2,75,414.9,Karachi,5,0,1012
5/7/2048,24.8,91,416.9,Karachi,15,0.1,1008
5/8/2048,24.6,77,409.5,Karachi,15,0.1,1009
5/9/2048,34.1,79,413.4,Karachi,7,0.1,1010
5/10/2048,29.6,87,410.3,Karachi,17,0.1,1011
5/11/2048,28.9,79,413.7,Karachi,6,0.1,1014
5/12/2048,24.8,80,412.3,Karachi,12,0.1,1012
5/13/2048,29.9,79,416.1,Karachi,14,0,1007
5/14/2048,27.7,79,415.5,Karachi,18,0.1,1008
5/15/2048,28.6,82,418.9,Karachi,14,0.1,1011
5/16/2048,25.1,83,414.8,Karachi,10,0.1,1010
5/17/2048,28.5,77,416,Karachi,9,0.1,1007
5/18/2048,26.7,76,413.3,Karachi,5,0,1013
5/19/2048,25.7,77,411.7,Karachi,6,0,1003
5/20/2048,30.2,73,417.5,Karachi,6,0.1,1011
5/21/2048,23.4,72,418.7,Karachi,11,0.1,1005
5/22/2048,29.7,81,417.1,Karachi,19,0,1013
5/23/2048,30.1,85,415.4,Karachi,16,0,1009
5/24/2048,25.4,84,412.1,Karachi,11,0.1,1012
5/25/2048,25.5,68,418.4,Karachi,10,0.2,1009
5/26/2048,27.3,79,416.7,Karachi,18,0,1014
5/27/2048,28.8,74,421.1,Karachi,12,0.1,1004
5/28/2048,27.5,81,411.5,Karachi,8,0.2,1013
5/29/2048,29.3,78,417.6,Karachi,13,0,1008
5/30/2048,33.3,83,416.6,Karachi,12,0,1011
5/31/2048,26.5,80,414,Karachi,7,0.3,1011
6/1/2048,22.9,71,419.1,Karachi,7,0,1006
6/2/2048,30.5,75,416.2,Karachi,16,0.1,1013
6/3/2048,33,80,412.2,Karachi,16,0.1,1011
6/4/2048,29.2,80,414.6,Karachi,13,0,1010
6/5/2048,24.7,73,412.2,Karachi,13,0,1011
6/6/2048,27.6,72,413.6,Karachi,17,0.1,1010
6/7/2048,24.6,80,417.1,Karachi,15,0.1,1013
6/8/2048,29.9,73,418,Karachi,9,0,1009
6/9/2048,23.9,72,415.7,Karachi,14,0.1,1013
6/10/2048,27.1,78,412.7,Karachi,18,0.1,1012
6/11/2048,25,78,416.1,Karachi,18,0,1009
6/12/2048,28.4,76,417.2,Karachi,5,0.1,1016
6/13/2048,26.9,76,409.1,Karachi,7,0,1011
6/14/2048,28.5,80,415.3,Karachi,15,0.1,1011
6/15/2048,28.1,76,414.4,Karachi,9,0.1,1012
6/16/2048,25,80,417.9,Karachi,8,0.1,1010
6/17/2048,29.9,78,416.2,Karachi,8,0.1,1014
6/18/2048,27.9,81,416.5,Karachi,5,0.1,1010
6/19/2048,25,84,413.6,Karachi,19,0.1,1012
6/20/2048,34.7,84,415,Karachi,10,0.1,1007
6/21/2048,29.4,86,417.8,Karachi,16,0.2,1005
6/22/2048,27.5,84,414.8,Karachi,14,0.5,1011
6/23/2048,32.2,81,415.5,Karachi,15,0.1,1009
6/24/2048,33.5,78,410.4,Karachi,8,0,1009
6/25/2048,27.6,78,414.8,Karachi,5,0.2,1003
6/26/2048,29,76,409,Karachi,14,0,1015
6/27/2048,25,80,413.5,Karachi,18,0.1,1010
6/28/2048,27.6,83,415.2,Karachi,10,0.1,1014
6/29/2048,27.4,76,417.3,Karachi,9,0.4,1006
6/30/2048,28.6,80,412,Karachi,9,0.5,1010
7/1/2048,29,77,416.1,Karachi,6,0.2,1011
7/2/2048,29.7,81,419.4,Karachi,5,0.1,1010
7/3/2048,28.7,77,413.1,Karachi,11,0.1,1011
7/4/2048,24.4,76,410.4,Karachi,9,0,1006
7/5/2048,25.2,77,415.9,Karachi,7,0.2,1011
7/6/2048,26.4,83,411.4,Karachi,18,0.1,1007
7/7/2048,27.2,80,412.5,Karachi,10,0.1,1008
7/8/2048,31.2,78,417.8,Karachi,7,0,1010
7/9/2048,24.5,81,420.6,Karachi,10,0.1,1009
7/10/2048,26.9,78,412,Karachi,10,0.1,1009
7/11/2048,30.9,86,412.8,Karachi,18,0,1013
7/12/2048,27.1,75,413.7,Karachi,13,0,1010
7/13/2048,29.4,79,413.4,Karachi,12,0,1009
7/14/2048,27.6,73,420.8,Karachi,5,0.3,1010
7/15/2048,28.8,78,413.4,Karachi,11,0.1,1007
7/16/2048,27.3,72,413.8,Karachi,15,0.1,1010
7/17/2048,30,84,419.8,Karachi,13,0,1012
7/18/2048,23.4,84,416.7,Karachi,6,0,1011
7/19/2048,26.9,84,418,Karachi,13,0,1010
7/20/2048,28.9,80,412.3,Karachi,10,0.1,1012
7/21/2048,29.6,76,413.4,Karachi,7,0.2,1008
7/22/2048,32.5,76,411.9,Karachi,12,0,1010
7/23/2048,26.8,88,417.4,Karachi,11,0,1014
7/24/2048,32.4,87,418.7,Karachi,16,0,1009
7/25/2048,26,81,413.2,Karachi,12,0.1,1012
7/26/2048,32,77,413.9,Karachi,12,0.2,1012
7/27/2048,30.5,87,414,Karachi,11,0.1,1008
7/28/2048,25.3,77,410.4,Karachi,5,0.1,1012
7/29/2048,28.9,81,413,Karachi,17,0,1008
7/30/2048,27.8,87,417.3,Karachi,14,0.1,1011
7/31/2048,29.9,76,412.4,Karachi,19,0,1008
8/1/2048,27.3,84,415.3,Karachi,14,0,1011
8/2/2048,27.1,83,411.1,Karachi,14,0,1010
8/3/2048,32.1,80,414.6,Karachi,12,0,1010
8/4/2048,27.7,75,413.3,Karachi,9,0,1011
8/5/2048,30.5,76,411.3,Karachi,17,0.1,1008
8/6/2048,27.3,81,417.4,Karachi,6,0,1007
8/7/2048,33,73,417.5,Karachi,6,0.2,1010
8/8/2048,26,81,412.1,Karachi,6,0.2,1013
8/9/2048,26.2,83,414.4,Karachi,13,0.1,1012
8/10/2048,32.6,85,415.1,Karachi,18,0,1011
8/11/2048,26.7,73,409.6,Karachi,9,0.1,1008
8/12/2048,32.8,87,410.8,Karachi,7,0.2,1011
8/13/2048,30.7,88,418.9,Karachi,19,0,1008
8/14/2048,27.5,82,411.8,Karachi,10,0.2,1009
8/15/2048,22.6,75,418.8,Karachi,13,0.1,1011
8/16/2048,27.9,78,411,Karachi,15,0.4,1005
8/17/2048,28.3,80,417,Karachi,13,0.2,1015
8/18/2048,31.5,81,414.1,Karachi,13,0,1006
8/19/2048,32.8,80,414.5,Karachi,15,0.1,1016
8/20/2048,25.9,81,420.6,Karachi,14,0,1007
8/21/2048,30.4,80,411.2,Karachi,18,0,1007
8/22/2048,30.3,81,416.8,Karachi,15,0.1,1009
8/23/2048,31.2,78,416.7,Karachi,8,0.2,1009
8/24/2048,29.5,78,425.1,Karachi,9,0.4,1008
8/25/2048,22.2,77,411.8,Karachi,16,0,1009
8/26/2048,27.5,90,413.1,Karachi,18,0,1010
8/27/2048,24.5,87,417.4,Karachi,5,0.1,1007
8/28/2048,27.4,83,414.4,Karachi,15,0,1013
8/29/2048,30.9,87,413.6,Karachi,14,0,1014
8/30/2048,28.9,84,417.9,Karachi,10,0.2,1004
8/31/2048,31.4,81,414.2,Karachi,6,0.2,1016
9/1/2048,29,72,412.3,Karachi,11,0.2,1012
9/2/2048,24.1,79,417.2,Karachi,19,0.1,1011
9/3/2048,20.4,78,416.1,Karachi,8,0.1,1008
9/4/2048,28.4,74,414.1,Karachi,19,0.1,1010
9/5/2048,27.4,73,413.9,Karachi,8,0,1013
9/6/2048,25.1,82,412.3,Karachi,13,0.2,1018
9/7/2048,22.9,82,417.2,Karachi,17,0,1017
9/8/2048,25.8,74,413.9,Karachi,5,0.2,1005
9/9/2048,27.4,76,412.7,Karachi,10,0.1,1009
9/10/2048,30,86,411.1,Karachi,6,0,1010
9/11/2048,28.6,76,416.2,Karachi,10,0.1,1014
9/12/2048,32.8,81,413.5,Karachi,11,0,1010
9/13/2048,24.9,79,409,Karachi,7,0.1,1008
9/14/2048,30.6,83,411.4,Karachi,8,0.1,1010
9/15/2048,28.1,76,414.3,Karachi,6,0.1,1009
9/16/2048,30.1,80,414.4,Karachi,11,0.4,1013
9/17/2048,26.7,81,414.3,Karachi,13,0,1017
9/18/2048,31.2,81,413.9,Karachi,9,0.1,1013
9/19/2048,28.9,80,410.6,Karachi,15,0.2,1013
9/20/2048,26,82,412.4,Karachi,9,0.1,1014
9/21/2048,28,91,418.6,Karachi,13,0.2,1011
9/22/2048,27.3,93,418.1,Karachi,12,0.1,1009
9/23/2048,29.5,77,416.7,Karachi,5,0.2,1009
9/24/2048,24.5,68,416.5,Karachi,6,0.2,1013
9/25/2048,27.9,83,417.7,Karachi,11,0.2,1011
9/26/2048,29.2,81,411.6,Karachi,7,0.2,1007
9/27/2048,28.1,85,415.1,Karachi,10,0,1014
9/28/2048,32,81,411.6,Karachi,5,0.1,1008
9/29/2048,30.3,80,411.7,Karachi,12,0,1007
9/30/2048,28,86,416.1,Karachi,6,0,1007
10/1/2048,28.7,86,417.8,Karachi,5,0.1,1011
10/2/2048,28.9,73,414.4,Karachi,6,0.3,1013
10/3/2048,29.2,76,419.9,Karachi,12,0.1,1011
10/4/2048,22.5,79,415.6,Karachi,17,0.2,1008
10/5/2048,27.1,80,412.7,Karachi,14,0.3,1008
10/6/2048,23.5,79,411.7,Karachi,18,0,1012
10/7/2048,31.8,82,418.1,Karachi,9,0,1010
10/8/2048,27.8,85,415.4,Karachi,16,0,1011
10/9/2048,27.4,89,417,Karachi,13,0.1,1010
10/10/2048,30.7,83,407,Karachi,16,0,1011
10/11/2048,29.3,76,415.7,Karachi,7,0.2,1011
10/12/2048,24.6,79,413.5,Karachi,12,0,1017
10/13/2048,27.8,80,410.8,Karachi,8,0,1011
10/14/2048,27,83,414.8,Karachi,11,0,1009
10/15/2048,22.8,82,418.3,Karachi,14,0.1,1011
10/16/2048,25.9,90,421.8,Karachi,14,0.2,1007
10/17/2048,27.4,78,415.7,Karachi,12,0.3,1007
10/18/2048,27.7,82,412.9,Karachi,7,0.2,1014
10/19/2048,23.6,92,412.7,Karachi,7,0,1011
10/20/2048,31.5,77,417.9,Karachi,5,0.1,1013
10/21/2048,27.7,81,412,Karachi,12,0.1,1005
10/22/2048,28.1,75,416.9,Karachi,19,0,1007
10/23/2048,29.2,80,415.9,Karachi,6,0.1,1011
10/24/2048,25.6,76,415.5,Karachi,11,0,1008
10/25/2048,29.4,85,410.3,Karachi,19,0,1006
10/26/2048,26.9,81,413.9,Karachi,15,0,1007
10/27/2048,25.3,75,410.6,Karachi,11,0.4,1009
10/28/2048,29.7,84,413.2,Karachi,18,0.1,1011
10/29/2048,32.5,81,417.8,Karachi,11,0,1015
10/30/2048,30.2,85,418.7,Karachi,8,0.2,1007
10/31/2048,30.8,74,415.6,Karachi,11,0.3,1007
11/1/2048,26.4,82,413.3,Karachi,14,0.2,1006
11/2/2048,23.2,84,419.8,Karachi,19,0.1,1012
11/3/2048,32.5,78,413.2,Karachi,18,0,1010
11/4/2048,34.2,74,411.6,Karachi,19,0.1,1007
11/5/2048,32.6,80,417.1,Karachi,15,0.1,1008
11/6/2048,27,86,416.4,Karachi,19,0.3,1010
11/7/2048,24.5,86,413.4,Karachi,12,0.1,1010
11/8/2048,24.8,78,415.3,Karachi,13,0,1007
11/9/2048,22.9,74,416.3,Karachi,11,0.1,1011
11/10/2048,27.7,78,415.6,Karachi,10,0.1,1006
11/11/2048,32.8,78,416.4,Karachi,9,0.2,1010
11/12/2048,27.6,82,413.5,Karachi,19,0,1009
11/13/2048,28.9,79,416.6,Karachi,14,0.1,1011
11/14/2048,32.1,76,415.1,Karachi,19,0,1014
11/15/2048,26.8,86,413.6,Karachi,14,0,1009
11/16/2048,34.1,81,414.3,Karachi,11,0.1,1010
11/17/2048,34,82,414.7,Karachi,14,0,1004
11/18/2048,27.6,71,410.7,Karachi,6,0.1,1016
11/19/2048,26.3,68,413.1,Karachi,9,0,1004
11/20/2048,30.1,73,415.2,Karachi,17,0.4,1010
11/21/2048,27,78,410.9,Karachi,12,0.2,1002
11/22/2048,24.5,83,413.1,Karachi,10,0,1008
11/23/2048,31.8,68,422.2,Karachi,10,0.1,1015
11/24/2048,31.6,88,411.6,Karachi,5,0,1013
11/25/2048,28.5,81,413.8,Karachi,6,0.1,1013
11/26/2048,24.2,87,412.5,Karachi,7,0,1009
11/27/2048,24.3,76,414.6,Karachi,11,0,1015
11/28/2048,28.3,83,412.6,Karachi,16,0.4,1011
11/29/2048,26.5,80,414.3,Karachi,14,0,1012
11/30/2048,27,84,412.8,Karachi,10,0.1,1018
12/1/2048,31.1,79,418.2,Karachi,9,0,1013
12/2/2048,30.2,82,415.2,Karachi,13,0.1,1010
12/3/2048,32.1,86,412,Karachi,14,0,1012
12/4/2048,25,77,417.5,Karachi,11,0,1014
12/5/2048,27,81,412.1,Karachi,13,0,1012
12/6/2048,30.3,71,410.3,Karachi,15,0,1012
12/7/2048,29.3,84,415,Karachi,15,0.3,1014
12/8/2048,32.6,90,420.7,Karachi,7,0.2,1018
12/9/2048,29.3,74,409.5,Karachi,15,0.2,1007
12/10/2048,33.5,80,411,Karachi,12,0,1012
12/11/2048,29.6,84,417.3,Karachi,16,0,1011
12/12/2048,31.2,80,413.1,Karachi,13,0.1,1009
12/13/2048,27,81,416.8,Karachi,6,0.4,1008
12/14/2048,28,78,412.5,Karachi,8,0.1,1015
12/15/2048,30.7,78,415.4,Karachi,6,0,1007
12/16/2048,32.8,80,420.2,Karachi,17,0.2,1006
12/17/2048,30.2,80,411.4,Karachi,11,0,1008
12/18/2048,27.8,74,418.1,Karachi,18,0.2,1005
12/19/2048,32.1,80,417,Karachi,8,0.4,1007
12/20/2048,21.4,88,410.5,Karachi,18,0.3,1007
12/21/2048,23.7,78,416.7,Karachi,16,0,1010
12/22/2048,30,74,415.2,Karachi,10,0.1,1014
12/23/2048,28,79,415.3,Karachi,12,0.1,1008
12/24/2048,29.8,76,416,Karachi,19,0,1013
12/25/2048,28.2,73,413.9,Karachi,18,0.1,1012
12/26/2048,29.7,81,415.2,Karachi,17,0.1,1003
12/27/2048,25.6,76,415.7,Karachi,10,0,1008
12/28/2048,29.7,77,417.2,Karachi,8,0,1009
12/29/2048,31,81,410.4,Karachi,10,0,1011
12/30/2048,31.7,72,418.9,Karachi,5,0.3,1012
12/31/2048,34,71,411.5,Karachi,19,0.2,1011
1/1/2049,28.7,83,417.3,Karachi,10,0.1,1007
1/2/2049,28.8,70,415.2,Karachi,15,0,1008
1/3/2049,23.4,75,411.2,Karachi,19,0.1,1005
1/4/2049,26.4,71,416.6,Karachi,19,0,1010
1/5/2049,27.4,78,412.2,Karachi,18,0.1,1009
1/6/2049,31.2,82,418.2,Karachi,14,0.1,1012
1/7/2049,26.2,81,412.9,Karachi,17,0.2,1012
1/8/2049,30.4,92,410.5,Karachi,15,0,1009
1/9/2049,28,85,419.6,Karachi,12,0,1011
1/10/2049,27.5,75,415.5,Karachi,8,0.2,1009
1/11/2049,28.7,74,417.6,Karachi,13,0.2,1007
1/12/2049,26.8,94,412.4,Karachi,10,0.1,1008
1/13/2049,26.7,85,409.3,Karachi,10,0,1003
1/14/2049,22.9,83,420,Karachi,8,0.1,1009
1/15/2049,27.3,80,415,Karachi,12,0.1,1008
1/16/2049,26.6,81,416.5,Karachi,9,0.2,1007
1/17/2049,26.5,73,417,Karachi,16,0.1,1012
1/18/2049,29.3,81,414,Karachi,5,0,1012
1/19/2049,30,80,415.7,Karachi,11,0.1,1012
1/20/2049,28.7,75,419.8,Karachi,12,0,1012
1/21/2049,31,77,414.9,Karachi,10,0,1010
1/22/2049,29.7,88,417.8,Karachi,11,0.1,1010
1/23/2049,27.1,79,409,Karachi,16,0,1012
1/24/2049,26.6,90,418.4,Karachi,11,0.2,1012
1/25/2049,28.9,71,410.4,Karachi,8,0.1,1013
1/26/2049,29.7,77,418,Karachi,18,0.1,1010
1/27/2049,32.2,72,416.2,Karachi,8,0.1,1007
1/28/2049,31.6,74,414.7,Karachi,18,0.4,1011
1/29/2049,26.4,76,414.7,Karachi,16,0.2,1008
1/30/2049,27.7,82,414.2,Karachi,19,0.2,1012
1/31/2049,30,81,412.5,Karachi,5,0,1011
2/1/2049,31.2,77,414.4,Karachi,6,0,1010
2/2/2049,30.8,69,421.6,Karachi,7,0.1,1009
2/3/2049,27.8,87,418.9,Karachi,9,0.1,1013
2/4/2049,24.2,79,412.4,Karachi,19,0,1013
2/5/2049,25,74,415.8,Karachi,14,0,1008
2/6/2049,28.8,81,415.3,Karachi,13,0.1,1006
2/7/2049,29,81,414.6,Karachi,9,0.1,1011
2/8/2049,24.7,78,412,Karachi,17,0.1,1014
2/9/2049,28.1,81,416.3,Karachi,10,0.1,1006
2/10/2049,29.9,74,417.5,Karachi,18,0.1,1011
2/11/2049,24.5,84,412.5,Karachi,11,0,1008
2/12/2049,31.3,75,420.9,Karachi,8,0.1,1007
2/13/2049,26.9,77,419.6,Karachi,12,0.4,1013
2/14/2049,31.8,83,416.6,Karachi,15,0,1012
2/15/2049,26.4,86,411.3,Karachi,10,0.1,1010
2/16/2049,24.9,88,416.2,Karachi,15,0,1012
2/17/2049,26.6,85,415.8,Karachi,5,0,1012
2/18/2049,27.7,78,416.5,Karachi,10,0.1,1006
2/19/2049,26.8,72,419.8,Karachi,6,0.1,1010
2/20/2049,27.4,87,414.5,Karachi,8,0.1,1014
2/21/2049,29,87,421.1,Karachi,15,0,1011
2/22/2049,27.5,77,416.2,Karachi,8,0.1,1002
2/23/2049,27.8,85,414.1,Karachi,14,0,1007
2/24/2049,22.9,78,422.2,Karachi,17,0,1013
2/25/2049,29.2,88,417.5,Karachi,14,0,1008
2/26/2049,27.7,77,413.6,Karachi,9,0.2,1013
2/27/2049,32.8,90,415.3,Karachi,14,0,1016
2/28/2049,25.2,84,416.9,Karachi,16,0,1009
3/1/2049,22.6,89,414.5,Karachi,6,0.1,1008
3/2/2049,29.9,78,415.4,Karachi,10,0.1,1007
3/3/2049,29,82,412.5,Karachi,15,0.2,1012
3/4/2049,25,75,409.9,Karachi,7,0.1,1008
3/5/2049,23.4,84,415.3,Karachi,13,0.1,1009
3/6/2049,32.6,84,415.4,Karachi,19,0,1007
3/7/2049,32.2,92,416.6,Karachi,10,0.2,1009
3/8/2049,20.5,82,413.3,Karachi,7,0.1,1008
3/9/2049,26.6,84,411,Karachi,7,0,1004
3/10/2049,33,78,412.1,Karachi,9,0.1,1007
3/11/2049,26.6,83,418.2,Karachi,10,0.1,1012
3/12/2049,26.5,78,413,Karachi,8,0,1014
3/13/2049,27.2,81,413.7,Karachi,16,0.3,1010
3/14/2049,24.6,81,414.1,Karachi,9,0.1,1010
3/15/2049,22.9,78,413.1,Karachi,7,0.1,1011
3/16/2049,31.2,80,412.9,Karachi,14,0.1,1016
3/17/2049,22.5,78,412.4,Karachi,17,0,1007
3/18/2049,28.7,78,419.2,Karachi,8,0.3,1006
3/19/2049,30.7,85,417,Karachi,12,0.1,1010
3/20/2049,23.6,81,418.7,Karachi,12,0.1,1011
3/21/2049,25.2,82,419.3,Karachi,5,0.1,1010
3/22/2049,31.6,73,408,Karachi,8,0.2,1006
3/23/2049,29.6,82,416,Karachi,6,0.1,1013
3/24/2049,26.1,83,413.2,Karachi,8,0,1010
3/25/2049,31.6,78,418.4,Karachi,9,0.1,1012
3/26/2049,31.6,90,412.8,Karachi,5,0.1,1015
3/27/2049,28.8,69,411.8,Karachi,16,0.3,1006
3/28/2049,25.3,84,410.7,Karachi,9,0.1,1005
3/29/2049,26.8,84,414.1,Karachi,11,0,1012
3/30/2049,28.9,83,417.7,Karachi,9,0,1004
3/31/2049,27.4,81,415.8,Karachi,11,0.1,1009
4/1/2049,30.8,83,411.4,Karachi,17,0.1,1008
4/2/2049,23.4,84,421.5,Karachi,13,0,1011
4/3/2049,23.5,76,416.9,Karachi,17,0.1,1008
4/4/2049,28.5,81,417.3,Karachi,12,0.2,1011
4/5/2049,26.5,79,418.9,Karachi,5,0,1007
4/6/2049,26.1,75,410.1,Karachi,18,0.1,1006
4/7/2049,22.7,84,412.3,Karachi,19,0,1010
4/8/2049,28.1,77,417.5,Karachi,14,0,1010
4/9/2049,27.8,73,412.6,Karachi,14,0,1011
4/10/2049,30,77,414.2,Karachi,6,0.1,1014
4/11/2049,28.2,76,414.8,Karachi,10,0.4,1014
4/12/2049,27.6,85,411.2,Karachi,9,0.1,1011
4/13/2049,31.5,81,413.9,Karachi,5,0,1012
4/14/2049,24.1,87,417.7,Karachi,18,0,1011
4/15/2049,29.6,77,417.2,Karachi,6,0.1,1014
4/16/2049,23,84,418.3,Karachi,7,0,1011
4/17/2049,25.5,94,418,Karachi,14,0.2,1008
4/18/2049,24.4,82,416.2,Karachi,9,0,1008
4/19/2049,30.3,84,416,Karachi,11,0,1013
4/20/2049,27.8,83,415.8,Karachi,10,0,1009
4/21/2049,28,73,413.1,Karachi,7,0.1,1016
4/22/2049,24.7,83,411.9,Karachi,10,0,1007
4/23/2049,27.1,82,412.9,Karachi,8,0,1014
4/24/2049,25.7,79,414,Karachi,7,0.1,1009
4/25/2049,29.2,76,413,Karachi,8,0.1,1011
4/26/2049,25,83,416.2,Karachi,15,0.3,1006
4/27/2049,32,75,415.6,Karachi,12,0,1004
4/28/2049,23,91,415.9,Karachi,5,0,1014
4/29/2049,25.6,81,416.1,Karachi,7,0.1,1009
4/30/2049,33,74,418.6,Karachi,14,0,1013
5/1/2049,26.7,77,415,Karachi,19,0.1,1008
5/2/2049,24.1,79,418,Karachi,16,0,1013
5/3/2049,28.7,92,416.5,Karachi,12,0.2,1009
5/4/2049,26.6,76,418.4,Karachi,16,0,1006
5/5/2049,25.5,79,419.8,Karachi,18,0.1,1012
5/6/2049,24.7,77,416.7,Karachi,14,0.3,1013
5/7/2049,36.3,82,415.3,Karachi,13,0.3,1012
5/8/2049,27.2,77,415.3,Karachi,7,0.1,1010
5/9/2049,22.2,74,413.6,Karachi,13,0.4,1005
5/10/2049,32.5,79,413.5,Karachi,14,0.1,1007
5/11/2049,29.8,79,417.7,Karachi,19,0,1008
5/12/2049,25.7,77,412.1,Karachi,15,0.2,1009
5/13/2049,25.2,77,419.8,Karachi,14,0.1,1013
5/14/2049,30,86,414.5,Karachi,8,0,1010
5/15/2049,27.3,78,423.6,Karachi,16,0.2,1004
5/16/2049,22.2,74,412.9,Karachi,8,0.1,1002
5/17/2049,33.4,78,415.8,Karachi,17,0.2,1008
5/18/2049,26.7,80,413.9,Karachi,17,0.2,1008
5/19/2049,32.5,73,412.6,Karachi,16,0,1011
5/20/2049,31.8,88,418.2,Karachi,19,0,1006
5/21/2049,25,84,411.7,Karachi,17,0.1,1006
5/22/2049,31.1,87,413,Karachi,11,0.1,1011
5/23/2049,26,82,416.8,Karachi,17,0,1014
5/24/2049,22.4,70,417.2,Karachi,10,0,1004
5/25/2049,26.7,88,410.8,Karachi,14,0,1008
5/26/2049,29.2,76,416.7,Karachi,18,0.1,1013
5/27/2049,26.6,76,415.4,Karachi,19,0,1013
5/28/2049,27.1,81,412.2,Karachi,7,0,1007
5/29/2049,31.4,87,412.6,Karachi,12,0.1,1013
5/30/2049,28.3,85,408.9,Karachi,16,0,1010
5/31/2049,25.5,85,420.2,Karachi,18,0,1012
6/1/2049,30.1,78,418,Karachi,18,0.2,1008
6/2/2049,28.6,78,411.1,Karachi,9,0.1,1011
6/3/2049,20.4,82,417.4,Karachi,6,0,1007
6/4/2049,29.3,79,413.3,Karachi,14,0.2,1008
6/5/2049,29.2,84,417.7,Karachi,18,0,1009
6/6/2049,28.1,84,413.5,Karachi,7,0.1,1010
6/7/2049,30.7,83,413.9,Karachi,11,0,1017
6/8/2049,26,67,414.1,Karachi,14,0.1,1018
6/9/2049,29,81,413,Karachi,13,0,1009
6/10/2049,23.3,79,419.2,Karachi,5,0,1014
6/11/2049,29.2,81,417.7,Karachi,16,0.1,1007
6/12/2049,33.9,76,415.3,Karachi,10,0.1,1011
6/13/2049,25,73,418.1,Karachi,15,0.1,1008
6/14/2049,25.7,82,410.1,Karachi,18,0.1,1009
6/15/2049,25.9,78,411.3,Karachi,13,0.1,1018
6/16/2049,28.4,83,416.4,Karachi,11,0.2,1009
6/17/2049,24.8,77,417.2,Karachi,7,0.1,1008
6/18/2049,29.3,87,415.8,Karachi,11,0,1007
6/19/2049,30.5,85,409.4,Karachi,16,0.2,1008
6/20/2049,29.6,81,411.8,Karachi,6,0.2,1006
6/21/2049,22.7,79,416.2,Karachi,14,0.3,1011
6/22/2049,31,84,422.3,Karachi,6,0.1,1011
6/23/2049,30.8,82,418.7,Karachi,5,0.1,1011
6/24/2049,30.5,81,419.7,Karachi,19,0.2,1010
6/25/2049,29.1,85,416,Karachi,7,0,1008
6/26/2049,28.7,87,416,Karachi,5,0.2,1008
6/27/2049,31.1,74,411.9,Karachi,12,0,1010
6/28/2049,33.8,75,417.9,Karachi,17,0,1010
6/29/2049,25.1,76,414.8,Karachi,15,0,1008
6/30/2049,31.2,72,417.1,Karachi,12,0.1,1009
7/1/2049,27.7,80,415.1,Karachi,8,0,1015
7/2/2049,27.6,83,415.8,Karachi,19,0,1016
7/3/2049,23.4,80,414.7,Karachi,5,0.1,1009
7/4/2049,27.1,77,415.7,Karachi,6,0.1,1008
7/5/2049,25,86,418,Karachi,6,0.2,1010
7/6/2049,26.6,81,411.2,Karachi,6,0,1013
7/7/2049,24.7,82,410.5,Karachi,13,0,1010
7/8/2049,26.7,86,416.3,Karachi,11,0,1011
7/9/2049,26.8,79,419.3,Karachi,13,0.1,1008
7/10/2049,28.3,90,420.1,Karachi,14,0,1006
7/11/2049,23.2,78,411.3,Karachi,14,0,1012
7/12/2049,23.7,90,413.8,Karachi,6,0.1,1011
7/13/2049,29.1,75,410.6,Karachi,9,0.2,1012
7/14/2049,25.6,83,413.3,Karachi,5,0,1005
7/15/2049,31.2,77,418.4,Karachi,6,0.1,1015
7/16/2049,28.7,86,415,Karachi,8,0,1011
7/17/2049,29.8,78,413.9,Karachi,14,0,1005
7/18/2049,32.2,81,416.6,Karachi,19,0,1013
7/19/2049,27.1,77,412.6,Karachi,5,0.1,1009
7/20/2049,26.3,85,419.8,Karachi,16,0.1,1010
7/21/2049,30.6,77,415,Karachi,12,0.2,1009
7/22/2049,29.5,88,413.8,Karachi,19,0.2,1010
7/23/2049,27.4,75,416.8,Karachi,10,0.1,1010
7/24/2049,32.2,73,417.8,Karachi,18,0,1005
7/25/2049,27.4,85,419.8,Karachi,18,0.2,1013
7/26/2049,28.1,77,414.4,Karachi,19,0.2,1010
7/27/2049,28.1,80,418.3,Karachi,5,0.2,1011
7/28/2049,25.2,78,415.3,Karachi,13,0,1012
7/29/2049,28.2,73,413.2,Karachi,19,0.1,1010
7/30/2049,32.2,80,412.7,Karachi,5,0.2,1011
7/31/2049,29.3,86,411.7,Karachi,15,0.1,1006
8/1/2049,28.1,85,412.8,Karachi,19,0.1,1008
8/2/2049,27.5,81,418.3,Karachi,8,0.1,1010
8/3/2049,29,86,417.1,Karachi,9,0.1,1011
8/4/2049,30.2,75,411.3,Karachi,17,0.2,1011
8/5/2049,29.8,78,409.8,Karachi,15,0.2,1014
8/6/2049,27,82,411.7,Karachi,13,0.2,1010
8/7/2049,29,79,412.7,Karachi,17,0.3,1011
8/8/2049,29.4,79,414.1,Karachi,16,0.1,1010
8/9/2049,25,74,418.5,Karachi,19,0,1009
8/10/2049,28.5,70,413.4,Karachi,6,0,1009
8/11/2049,21.5,84,420,Karachi,19,0.3,1008
8/12/2049,29.4,81,410,Karachi,16,0,1010
8/13/2049,30,85,414,Karachi,13,0,1009
8/14/2049,30.2,78,417.4,Karachi,16,0.1,1010
8/15/2049,26.8,76,417.5,Karachi,18,0,1005
8/16/2049,28.9,80,414,Karachi,5,0.1,1010
8/17/2049,32.3,84,418,Karachi,8,0.2,1007
8/18/2049,32.2,79,417.4,Karachi,15,0,1010
8/19/2049,27.9,84,413,Karachi,11,0.1,1007
8/20/2049,28.4,75,415.9,Karachi,8,0.1,1010
8/21/2049,31.3,79,417.1,Karachi,12,0.1,1009
8/22/2049,23.5,80,413.2,Karachi,11,0,1008
8/23/2049,27,86,420.1,Karachi,10,0.2,1011
8/24/2049,32,81,412.5,Karachi,9,0.1,1011
8/25/2049,30.9,89,415.4,Karachi,14,0,1010
8/26/2049,29.1,73,411.3,Karachi,7,0.1,1012
8/27/2049,23.5,81,415.3,Karachi,12,0.3,1009
8/28/2049,27.9,81,411.8,Karachi,8,0.1,1011
8/29/2049,26.2,83,414.1,Karachi,12,0.1,1010
8/30/2049,29,76,410.2,Karachi,5,0.1,1007
8/31/2049,25.6,88,417.4,Karachi,15,0,1008
9/1/2049,24.9,80,416.1,Karachi,17,0,1013
9/2/2049,21.8,75,418.3,Karachi,6,0,1015
9/3/2049,31.7,80,414,Karachi,18,0,1012
9/4/2049,26.8,78,418.4,Karachi,6,0.1,1008
9/5/2049,28.5,94,415.1,Karachi,16,0,1014
9/6/2049,28,85,415.3,Karachi,10,0.2,1012
9/7/2049,24.8,80,421.3,Karachi,9,0.4,1011
9/8/2049,24.2,79,413.5,Karachi,17,0.1,1016
9/9/2049,25,85,418.7,Karachi,14,0.1,1007
9/10/2049,25.8,85,416.4,Karachi,14,0,1012
9/11/2049,29.1,65,413.3,Karachi,17,0.1,1008
9/12/2049,25.6,83,411.1,Karachi,11,0.1,1008
9/13/2049,33.2,80,411.9,Karachi,6,0,1018
9/14/2049,31.1,73,418.4,Karachi,13,0,1012
9/15/2049,30.4,84,420.2,Karachi,6,0.1,1016
9/16/2049,27.6,91,415.3,Karachi,5,0.1,1012
9/17/2049,32.5,83,415.4,Karachi,18,0.1,1011
9/18/2049,27.3,86,417.3,Karachi,6,0.3,1008
9/19/2049,27.9,89,415.2,Karachi,15,0.2,1013
9/20/2049,28.5,76,418.3,Karachi,7,0,1010
9/21/2049,30.1,71,415.9,Karachi,19,0.1,1010
9/22/2049,29.9,83,415.4,Karachi,19,0.1,1009
9/23/2049,26.6,79,412.9,Karachi,18,0.2,1010
9/24/2049,26.4,73,412.2,Karachi,10,0.2,1010
9/25/2049,29.9,80,405.5,Karachi,11,0,1010
9/26/2049,30.1,84,418.7,Karachi,15,0,1010
9/27/2049,26.8,79,414.6,Karachi,10,0.1,1005
9/28/2049,23.2,76,413.8,Karachi,5,0,1012
9/29/2049,27.4,79,409.1,Karachi,19,0.1,1010
9/30/2049,29.9,80,413.1,Karachi,13,0.1,1000
10/1/2049,33.4,70,412.7,Karachi,16,0,1005
10/2/2049,24.4,79,412.6,Karachi,12,0.1,1009
10/3/2049,26.7,73,416,Karachi,16,0.1,1014
10/4/2049,26.8,83,415.4,Karachi,6,0,1012
10/5/2049,32.1,72,410.9,Karachi,5,0.1,1008
10/6/2049,27.9,85,411.1,Karachi,11,0.1,1009
10/7/2049,25.3,78,411.1,Karachi,7,0.1,1013
10/8/2049,29.7,77,420.4,Karachi,7,0.1,1008
10/9/2049,26.8,81,419.5,Karachi,19,0.1,1007
10/10/2049,24.3,76,412.4,Karachi,15,0,1013
10/11/2049,25.3,81,409.1,Karachi,14,0.2,1013
10/12/2049,33.2,76,415.4,Karachi,13,0.1,1008
10/13/2049,29.2,77,415.1,Karachi,18,0.1,1011
10/14/2049,28.3,82,416,Karachi,6,0,1010
10/15/2049,27.3,74,417.2,Karachi,18,0,1008
10/16/2049,28.9,74,416.4,Karachi,17,0.2,1014
10/17/2049,28.8,81,411.7,Karachi,9,0,1008
10/18/2049,28.9,80,415.9,Karachi,8,0.1,1012
10/19/2049,28.3,81,417.6,Karachi,18,0.1,1010
10/20/2049,30.6,82,412.8,Karachi,5,0.1,1009
10/21/2049,28.1,80,415.9,Karachi,10,0,1008
10/22/2049,25.1,83,413.3,Karachi,10,0,1007
10/23/2049,26.2,80,421,Karachi,15,0,1009
10/24/2049,22.1,70,411,Karachi,5,0.1,1008
10/25/2049,34.1,71,418.5,Karachi,11,0.2,1010
10/26/2049,30.6,90,410,Karachi,10,0,1006
10/27/2049,25.5,80,420.4,Karachi,18,0.2,1010
10/28/2049,27.2,85,411.6,Karachi,18,0,1011
10/29/2049,26.1,78,415.6,Karachi,8,0.2,1008
10/30/2049,32.6,80,410.1,Karachi,11,0.1,1012
10/31/2049,23.7,78,411,Karachi,7,0,1013
11/1/2049,28.3,92,417.7,Karachi,14,0.1,1006
11/2/2049,27.7,81,418.1,Karachi,15,0.1,1008
11/3/2049,30.5,77,415.7,Karachi,10,0,1006
11/4/2049,27.7,72,417.2,Karachi,10,0,1011
11/5/2049,22.7,90,418.1,Karachi,19,0,1010
11/6/2049,27.2,79,412.9,Karachi,17,0.1,1005
11/7/2049,25.1,84,410.8,Karachi,14,0.3,1008
11/8/2049,28.2,84,415,Karachi,10,0,1011
11/9/2049,32.3,78,413.3,Karachi,19,0.1,1010
11/10/2049,22.8,83,416.2,Karachi,7,0,1014
11/11/2049,25.6,77,416.6,Karachi,19,0,1007
11/12/2049,26.3,75,413,Karachi,14,0.1,1010
11/13/2049,26.9,86,417.1,Karachi,9,0.1,1007
11/14/2049,30.2,79,417,Karachi,17,0,1010
11/15/2049,27.5,83,417.2,Karachi,5,0.2,1009
11/16/2049,29.2,82,413.8,Karachi,10,0,1011
11/17/2049,26.1,83,417.3,Karachi,11,0.1,1009
11/18/2049,28.7,72,416.6,Karachi,9,0.1,1012
11/19/2049,30.3,77,416.9,Karachi,9,0,1008
11/20/2049,25.8,78,420,Karachi,17,0.1,1007
11/21/2049,30.3,76,416,Karachi,10,0,1011
11/22/2049,28.2,82,413.2,Karachi,11,0,1016
11/23/2049,31.1,86,411.7,Karachi,8,0,1005
11/24/2049,27.4,87,418.4,Karachi,11,0,1007
11/25/2049,29.1,78,416.1,Karachi,19,0,1011
11/26/2049,27.9,81,420,Karachi,19,0.1,1013
11/27/2049,27.7,82,408.9,Karachi,9,0,1011
11/28/2049,28.8,83,417.7,Karachi,11,0,1008
11/29/2049,29.6,76,414.2,Karachi,5,0.3,1011
11/30/2049,24.3,89,413.9,Karachi,14,0.2,1012
12/1/2049,32.3,85,412.7,Karachi,16,0,1008
12/2/2049,22.4,85,417.7,Karachi,6,0.1,1012
12/3/2049,25.9,86,416.8,Karachi,6,0.1,1010
12/4/2049,27.7,83,411.6,Karachi,19,0,1005
12/5/2049,29.2,75,415.5,Karachi,11,0,1010
12/6/2049,32.7,79,417.1,Karachi,13,0.2,1008
12/7/2049,22.4,72,415.5,Karachi,11,0.1,1014
12/8/2049,26.5,82,418.3,Karachi,16,0.1,1006
12/9/2049,21.6,79,414.1,Karachi,10,0.1,1009
12/10/2049,28.1,80,408.2,Karachi,7,0.1,1011
12/11/2049,28.8,86,415.6,Karachi,9,0.1,1017
12/12/2049,32.8,78,415.5,Karachi,14,0.1,1016
12/13/2049,28.4,79,415.9,Karachi,6,0.1,1010
12/14/2049,31.1,80,418.3,Karachi,13,0,1011
12/15/2049,29.8,71,409.1,Karachi,10,0.1,1012
12/16/2049,26.7,79,414.3,Karachi,13,0.1,1007
12/17/2049,23.8,68,412.2,Karachi,13,0,1010
12/18/2049,28.8,77,411.4,Karachi,16,0.1,1014
12/19/2049,23.5,84,414.8,Karachi,11,0.2,1010
12/20/2049,31.9,82,417.1,Karachi,18,0.3,1016
12/21/2049,27.5,77,415.9,Karachi,19,0.2,1009
12/22/2049,31.6,80,412.9,Karachi,19,0,1010
12/23/2049,26.6,75,414.6,Karachi,9,0,1010
12/24/2049,28.8,80,417.8,Karachi,8,0,1006
12/25/2049,28.6,95,417,Karachi,5,0.1,1013
12/26/2049,27.9,89,413.3,Karachi,19,0.1,1009
12/27/2049,26.7,80,413.1,Karachi,13,0.2,1011
12/28/2049,29.2,81,409.9,Karachi,10,0.2,1008
12/29/2049,25.2,75,413.7,Karachi,18,0,1015
12/30/2049,24.4,76,409.8,Karachi,19,0,1014
12/31/2049,31.7,82,421.2,Karachi,6,0.2,1010
1/1/2050,30.2,77,412.4,Karachi,16,0.2,1006
1/2/2050,28.2,85,418.3,Karachi,11,0.1,1012
1/3/2050,33,88,420.5,Karachi,16,0.1,1013
1/4/2050,27.2,82,415.6,Karachi,10,0.1,1007
1/5/2050,32,81,414.7,Karachi,17,0.1,1010
1/6/2050,28.5,72,411,Karachi,8,0,1010
1/7/2050,24.9,84,413.5,Karachi,10,0.1,1013
1/8/2050,33.5,74,419.8,Karachi,17,0.1,1010
1/9/2050,31,78,416.1,Karachi,15,0,1013
1/10/2050,27.6,85,415.1,Karachi,10,0.7,1008
1/11/2050,30.2,85,418.9,Karachi,9,0,1007
1/12/2050,26.8,78,417.1,Karachi,5,0.1,1015
1/13/2050,30.5,78,414.6,Karachi,7,0.1,1006
1/14/2050,20.8,77,415.6,Karachi,11,0.1,1008
1/15/2050,24.9,74,412.7,Karachi,6,0,1012
1/16/2050,30.9,77,413.3,Karachi,14,0.1,1008
1/17/2050,27.3,72,414.4,Karachi,14,0,1008
1/18/2050,28.6,83,416.7,Karachi,5,0,1009
1/19/2050,24,82,411.3,Karachi,12,0,1004
1/20/2050,33.5,83,415.2,Karachi,11,0,1013
1/21/2050,31.6,75,413.8,Karachi,10,0.3,1011
1/22/2050,27.4,74,412.3,Karachi,14,0.1,1008
1/23/2050,26.8,80,413.8,Karachi,9,0,1005
1/24/2050,31.1,80,408,Karachi,10,0.3,1006
1/25/2050,33.9,79,412.7,Karachi,5,0,1005
1/26/2050,30.9,79,411.7,Karachi,16,0,1011
1/27/2050,34.5,89,414.2,Karachi,13,0,1011
1/28/2050,25.2,82,408.2,Karachi,19,0.1,1012
1/29/2050,25.5,90,415.6,Karachi,5,0.1,1012
1/30/2050,24.4,86,417.7,Karachi,8,0,1012
1/31/2050,29.3,89,414.6,Karachi,19,0,1015
2/1/2050,28.5,75,416.5,Karachi,17,0.1,1014
2/2/2050,27.5,83,413.5,Karachi,7,0.1,1013
2/3/2050,30.4,78,410.3,Karachi,8,0.2,1011
2/4/2050,31.7,72,415,Karachi,5,0.1,1012
2/5/2050,23.4,87,417,Karachi,14,0.1,1009
2/6/2050,26.2,79,411,Karachi,8,0.1,1009
2/7/2050,30.5,75,413.6,Karachi,8,0.1,1015
2/8/2050,26.6,78,414.3,Karachi,7,0,1008
2/9/2050,25.6,76,423.6,Karachi,12,0,1008
2/10/2050,31.1,77,415.7,Karachi,11,0.1,1009
2/11/2050,24.1,79,409.3,Karachi,13,0.1,1008
2/12/2050,27.1,89,408.5,Karachi,6,0,1009
2/13/2050,29,77,417.2,Karachi,14,0.1,1011
2/14/2050,26.3,88,422.5,Karachi,7,0.1,1011
2/15/2050,30.3,84,414.2,Karachi,10,0,1013
2/16/2050,26.3,82,414,Karachi,6,0,1017
2/17/2050,32.2,84,416.3,Karachi,17,0,1009
2/18/2050,27.6,80,412.6,Karachi,16,0.1,1010
2/19/2050,30,86,407.4,Karachi,16,0,1004
2/20/2050,30.2,83,418.1,Karachi,6,0.1,1006
2/21/2050,26.1,72,413.2,Karachi,14,0,1010
2/22/2050,21.8,81,418.2,Karachi,6,0.1,1011
2/23/2050,29.1,84,412.7,Karachi,16,0,1011
2/24/2050,28.2,79,415.4,Karachi,6,0,1012
2/25/2050,29.7,81,417.6,Karachi,17,0.1,1014
2/26/2050,27.3,77,418.2,Karachi,9,0.1,1015
2/27/2050,26.7,73,415.7,Karachi,16,0.1,1009
2/28/2050,34,72,415.5,Karachi,18,0,1008
3/1/2050,23.6,72,416.9,Karachi,5,0.1,1012
3/2/2050,30.2,83,416.4,Karachi,11,0,1013
3/3/2050,26.3,68,411.1,Karachi,5,0.1,1010
3/4/2050,27,77,411.2,Karachi,5,0,1009
3/5/2050,27,76,408.7,Karachi,9,0.1,1008
3/6/2050,25.6,79,417.3,Karachi,11,0.1,1010
3/7/2050,29.7,71,413.8,Karachi,7,0.2,1012
3/8/2050,32.2,82,417.5,Karachi,11,0.4,1008
3/9/2050,29.4,74,416.2,Karachi,13,0.2,1008
3/10/2050,28.3,86,412,Karachi,15,0.1,1012
3/11/2050,25,77,414.6,Karachi,8,0.2,1007
3/12/2050,29.6,80,413.6,Karachi,19,0,1010
3/13/2050,34.5,80,413.2,Karachi,9,0,1010
3/14/2050,26.9,81,417.7,Karachi,18,0.1,1010
3/15/2050,26.9,80,422.5,Karachi,12,0.4,1008
3/16/2050,26.3,78,418.3,Karachi,13,0.1,1015
3/17/2050,26.5,82,414.9,Karachi,9,0,1011
3/18/2050,19.8,82,418.8,Karachi,16,0.1,1008
3/19/2050,29.2,76,420.1,Karachi,9,0,1011
3/20/2050,25.5,82,410.8,Karachi,6,0.1,1015
3/21/2050,23.2,86,418.7,Karachi,13,0,1010
3/22/2050,30.3,84,417.3,Karachi,17,0,1015
3/23/2050,24.8,85,418.6,Karachi,10,0,1007
3/24/2050,27,81,417.4,Karachi,9,0.1,1007
3/25/2050,32.4,75,414.3,Karachi,9,0.1,1004
3/26/2050,23.8,76,421.1,Karachi,8,0,1016
3/27/2050,23.4,82,416,Karachi,5,0.1,1005
3/28/2050,28.8,85,413.7,Karachi,10,0.1,1011
3/29/2050,31.4,94,416.5,Karachi,5,0.3,1015
3/30/2050,23.3,85,417.9,Karachi,14,0.2,1013
3/31/2050,29.2,74,415.3,Karachi,6,0,1011
4/1/2050,29.7,76,416.2,Karachi,11,0,1014
4/2/2050,21.8,91,415.3,Karachi,17,0,1008
4/3/2050,30.4,79,413,Karachi,5,0.1,1012
4/4/2050,30.6,80,412.5,Karachi,12,0.1,1010
4/5/2050,27.1,75,410.8,Karachi,12,0,1010
4/6/2050,31.8,88,419.6,Karachi,11,0.2,1011
4/7/2050,31.4,83,414.3,Karachi,11,0.2,1014
4/8/2050,28.3,76,404.7,Karachi,5,0.1,1015
4/9/2050,26.6,75,416.2,Karachi,17,0.1,1009
4/10/2050,25.1,82,416.1,Karachi,7,0.1,1007
4/11/2050,27.9,80,409.4,Karachi,13,0.1,1008
4/12/2050,29.7,84,412.5,Karachi,9,0.2,1016
4/13/2050,27,83,412.4,Karachi,9,0,1014
4/14/2050,21.4,79,412.8,Karachi,11,0.1,1007
4/15/2050,31.8,77,418.6,Karachi,15,0,1015
4/16/2050,28.6,79,414.6,Karachi,14,0.1,1008
4/17/2050,26.9,77,413.7,Karachi,12,0.1,1012
4/18/2050,30.6,79,418.4,Karachi,10,0,1008
4/19/2050,32.6,80,416.5,Karachi,9,0,1016
4/20/2050,19.6,76,409.8,Karachi,5,0,1008
4/21/2050,29.3,83,413.2,Karachi,14,0,1007
4/22/2050,23.7,78,416,Karachi,14,0.1,1009
4/23/2050,29.5,76,412.2,Karachi,14,0.6,1018
4/24/2050,28.4,78,421.1,Karachi,17,0,1011
4/25/2050,29.9,81,415.3,Karachi,13,0,1007
4/26/2050,26.5,80,412.7,Karachi,10,0.1,1008
4/27/2050,22.4,82,411.6,Karachi,7,0,1005
4/28/2050,26.6,84,417.8,Karachi,16,0,1012
4/29/2050,29.2,87,413.1,Karachi,16,0.1,1006
4/30/2050,31,81,416.1,Karachi,14,0.2,1013
5/1/2050,24.5,75,411.5,Karachi,19,0.2,1012
5/2/2050,31.1,79,415.2,Karachi,16,0,1010
5/3/2050,26.1,75,413.1,Karachi,11,0,1014
5/4/2050,29.1,88,414.1,Karachi,8,0.1,1013
5/5/2050,26.5,90,412.6,Karachi,17,0,1010
5/6/2050,28.5,83,418.1,Karachi,7,0.1,1008
5/7/2050,30.7,84,413.5,Karachi,16,0.1,1011
5/8/2050,24.3,81,414.6,Karachi,11,0,1011
5/9/2050,26,82,414.7,Karachi,10,0,1011
5/10/2050,28.6,72,419.8,Karachi,18,0.2,1010
5/11/2050,35.2,80,417.7,Karachi,15,0.1,1011
5/12/2050,25.4,76,417.4,Karachi,8,0.2,1011
5/13/2050,34.1,81,410.3,Karachi,18,0.1,1014
5/14/2050,34,80,413,Karachi,14,0.1,1006
5/15/2050,27.7,90,418.6,Karachi,12,0,1007
5/16/2050,27.1,85,411.5,Karachi,6,0.1,1010
5/17/2050,25.9,81,415.3,Karachi,10,0.2,1008
5/18/2050,27.8,79,411.8,Karachi,7,0,1011
5/19/2050,23.8,88,412.1,Karachi,19,0,1007
5/20/2050,27.8,80,420,Karachi,12,0.1,1007
5/21/2050,32.5,82,417.2,Karachi,15,0.1,1016
5/22/2050,26.2,80,417.9,Karachi,12,0.1,1009
5/23/2050,27.3,78,417.4,Karachi,15,0.1,1006
5/24/2050,22.9,80,414.6,Karachi,15,0.1,1010
5/25/2050,29.1,70,412.9,Karachi,5,0.1,1013
5/26/2050,28.8,72,413.8,Karachi,6,0.1,1014
5/27/2050,28.2,82,414.4,Karachi,8,0,1006
5/28/2050,27.3,88,420.3,Karachi,5,0,1008
5/29/2050,27.1,82,411,Karachi,7,0.1,1011
5/30/2050,29.5,76,413.3,Karachi,8,0.1,1010
5/31/2050,27.9,73,412.3,Karachi,14,0.2,1005
6/1/2050,28.9,84,418.2,Karachi,7,0.1,1006
6/2/2050,28.6,77,420.6,Karachi,9,0.1,1007
6/3/2050,31.4,83,415.9,Karachi,15,0,1005
6/4/2050,30,82,416.2,Karachi,16,0.1,1009
6/5/2050,28.6,82,415.3,Karachi,14,0,1014
6/6/2050,32.6,80,416.3,Karachi,11,0.1,1008
6/7/2050,29.3,82,417.3,Karachi,12,0,1013
6/8/2050,31.9,79,416.3,Karachi,12,0,1010
6/9/2050,29.8,77,416.5,Karachi,15,0.1,1009
6/10/2050,22.5,75,417.3,Karachi,6,0,1005
6/11/2050,31.9,68,409.7,Karachi,5,0.1,1014
6/12/2050,28.4,79,415,Karachi,17,0.1,1010
6/13/2050,27.8,88,415.9,Karachi,18,0.2,1005
6/14/2050,28.8,84,416.2,Karachi,10,0,1011
6/15/2050,27,81,414.5,Karachi,5,0,1008
6/16/2050,28.7,76,415.5,Karachi,10,0.1,1010
6/17/2050,26.2,85,412.8,Karachi,17,0,1011
6/18/2050,31.8,79,409.7,Karachi,11,0.2,1014
6/19/2050,27.7,88,417.9,Karachi,13,0,1007
6/20/2050,26.9,75,411.6,Karachi,14,0.1,1012
6/21/2050,25.2,76,414.5,Karachi,19,0,1014
6/22/2050,28.8,76,412.8,Karachi,14,0.1,1018
6/23/2050,28.6,73,419.8,Karachi,5,0.2,1013
6/24/2050,29.2,75,414.8,Karachi,11,0.1,1011
6/25/2050,24.9,81,414.1,Karachi,8,0.1,1011
6/26/2050,23.2,76,417.2,Karachi,13,0,1015
6/27/2050,29.9,61,421.5,Karachi,15,0.3,1009
6/28/2050,32.5,85,416.2,Karachi,8,0.1,1012
6/29/2050,24.9,72,413.9,Karachi,6,0,1017
6/30/2050,32.8,83,417.1,Karachi,5,0,1010
7/1/2050,28.9,80,410.3,Karachi,11,0,1004
7/2/2050,28,91,415.1,Karachi,16,0,1007
7/3/2050,26.8,85,421,Karachi,11,0.2,1011
7/4/2050,23.8,77,415.5,Karachi,7,0,1007
7/5/2050,31,76,415.3,Karachi,9,0,1009
7/6/2050,25.7,88,415.1,Karachi,14,0.1,1009
7/7/2050,25.7,73,413.8,Karachi,16,0.1,1012
7/8/2050,31,81,415.9,Karachi,18,0,1007
7/9/2050,22.4,79,417.3,Karachi,16,0,1008
7/10/2050,23.4,78,414,Karachi,11,0,1014
7/11/2050,27.9,82,407.5,Karachi,12,0.1,1009
7/12/2050,28.9,81,416.4,Karachi,18,0.1,1012
7/13/2050,29.5,82,421.4,Karachi,16,0.2,1010
7/14/2050,27.1,81,413.9,Karachi,13,0.1,1010
7/15/2050,35.6,82,410.6,Karachi,14,0.1,1012
7/16/2050,27.3,80,417,Karachi,14,0.3,1004
7/17/2050,27.3,77,420.2,Karachi,5,0.1,1011
7/18/2050,25.6,80,416.6,Karachi,13,0.1,1012
7/19/2050,28.4,76,420.2,Karachi,10,0,1013
7/20/2050,29.8,76,417.4,Karachi,10,0.1,1009
7/21/2050,31.6,78,417.1,Karachi,18,0,1010
7/22/2050,23.5,79,413.4,Karachi,11,0.1,1003
7/23/2050,27.3,80,415.9,Karachi,13,0.1,1008
7/24/2050,29.3,85,414.9,Karachi,11,0.1,1011
7/25/2050,29.8,78,414.8,Karachi,11,0.2,1014
7/26/2050,28,81,414.2,Karachi,15,0.1,1016
7/27/2050,29.6,81,415.7,Karachi,16,0,1009
7/28/2050,25.6,77,411.1,Karachi,7,0.1,1013
7/29/2050,32.7,80,417.4,Karachi,14,0.3,1010
7/30/2050,31,85,412.4,Karachi,13,0.1,1005
7/31/2050,24,81,414.2,Karachi,8,0,1012
8/1/2050,24.8,81,416,Karachi,10,0.3,1015
8/2/2050,24.9,76,412.2,Karachi,17,0,1009
8/3/2050,30,90,409.1,Karachi,11,0.4,1007
8/4/2050,24.1,77,413.9,Karachi,16,0,1010
8/5/2050,27,72,410.7,Karachi,17,0.8,1010
8/6/2050,29.4,84,417.1,Karachi,16,0,1018
8/7/2050,27.8,79,411.5,Karachi,13,0.1,1013
8/8/2050,28.8,78,419.5,Karachi,17,0.1,1010
8/9/2050,24.8,77,415,Karachi,17,0.1,1001
8/10/2050,29.8,89,415.2,Karachi,14,0.2,1010
8/11/2050,26.2,82,409.1,Karachi,16,0.1,1016
8/12/2050,27,83,415.4,Karachi,7,0,1010
8/13/2050,28.7,81,414.8,Karachi,18,0,1012
8/14/2050,28.3,81,411.1,Karachi,15,0.1,1011
8/15/2050,28.1,87,415.3,Karachi,6,0.1,1009
8/16/2050,25.7,79,413.8,Karachi,6,0,1015
8/17/2050,27.1,73,414.3,Karachi,6,0,1011
8/18/2050,28,84,415.1,Karachi,13,0.1,1008
8/19/2050,23.9,82,413.6,Karachi,12,0.1,1010
8/20/2050,26.6,81,415.7,Karachi,13,0.2,1014
8/21/2050,29.2,82,414.7,Karachi,13,0,1006
8/22/2050,24.2,78,416.4,Karachi,5,0.3,1011
8/23/2050,31.5,80,413.4,Karachi,14,0.3,1010
8/24/2050,31.8,79,411.8,Karachi,14,0,1005
8/25/2050,24.3,77,412.9,Karachi,19,0.1,1012
8/26/2050,32.1,86,419.3,Karachi,13,0.1,1011
8/27/2050,27.6,73,417.9,Karachi,5,0.1,1013
8/28/2050,29.3,92,418.6,Karachi,9,0.1,1013
8/29/2050,26.5,84,418.8,Karachi,8,0.1,1010
8/30/2050,30.8,71,413.6,Karachi,12,0,1008
8/31/2050,29.2,79,415.9,Karachi,9,0,1006
9/1/2050,25.6,79,415.2,Karachi,16,0,1008
9/2/2050,24.5,82,417,Karachi,13,0.1,1010
9/3/2050,23.6,75,414.1,Karachi,5,0,1007
9/4/2050,28.6,80,415.3,Karachi,12,0.2,1012
9/5/2050,29.7,79,415.2,Karachi,10,0.1,1007
9/6/2050,30,76,416.6,Karachi,5,0.1,1005
9/7/2050,27.6,76,417,Karachi,17,0.2,1008
9/8/2050,24.5,85,415.3,Karachi,6,0,1011
9/9/2050,26,72,415.4,Karachi,8,0,1006
9/10/2050,31.5,82,415.7,Karachi,19,0.4,1007
9/11/2050,26.5,84,419.9,Karachi,18,0.1,1008
9/12/2050,28.4,79,409.8,Karachi,9,0,1009
9/13/2050,24.8,80,412.1,Karachi,18,0,1011
9/14/2050,29,86,417,Karachi,5,0.2,1012
9/15/2050,26.6,76,415.8,Karachi,14,0.1,1009
9/16/2050,31.1,77,415.8,Karachi,11,0,1007
9/17/2050,30.3,78,417,Karachi,17,0.2,1010
9/18/2050,26.5,86,415.6,Karachi,8,0.1,1012
9/19/2050,27.6,86,413.3,Karachi,18,0.5,1015
9/20/2050,26.3,73,416.9,Karachi,18,0,1013
9/21/2050,23.7,85,415.1,Karachi,18,0.1,1006
9/22/2050,25.4,84,413.7,Karachi,5,0,1010
9/23/2050,28.6,88,417.1,Karachi,16,0.1,1011
9/24/2050,29,82,417,Karachi,10,0,1007
9/25/2050,28.4,80,415.6,Karachi,13,0,1009
9/26/2050,27.1,86,420.2,Karachi,13,0,1012
9/27/2050,30.8,83,419,Karachi,15,0,1011
9/28/2050,28.2,91,418,Karachi,8,0.4,1010
9/29/2050,30.1,85,422.7,Karachi,11,0,1008
9/30/2050,22.7,81,414.6,Karachi,14,0.1,1006
10/1/2050,16.2,74,413.6,Karachi,5,0.1,1009
10/2/2050,28.9,77,417.6,Karachi,14,0.1,1010
10/3/2050,23.7,73,414.2,Karachi,17,0.1,1006
10/4/2050,27.4,79,415,Karachi,13,0.1,1010
10/5/2050,27.1,85,412,Karachi,18,0.3,1011
10/6/2050,32.8,80,416.8,Karachi,5,0.1,1008
10/7/2050,29.2,85,410.6,Karachi,18,0.2,1011
10/8/2050,28.5,82,414.7,Karachi,13,0.1,1011
10/9/2050,30.5,78,415,Karachi,10,0.1,1009
10/10/2050,29.1,80,413.7,Karachi,14,0.1,1009
10/11/2050,26.6,82,409.7,Karachi,15,0,1009
10/12/2050,31.2,81,409.7,Karachi,11,0,1007
10/13/2050,24.7,81,412.8,Karachi,8,0,1011
10/14/2050,29,76,416.6,Karachi,13,0,1007
10/15/2050,23.4,78,415.9,Karachi,16,0.1,1008
10/16/2050,28.6,91,415,Karachi,10,0,1011
10/17/2050,28.6,86,412.3,Karachi,16,0.1,1009
10/18/2050,33,73,416,Karachi,10,0.2,1010
10/19/2050,23.3,68,409.6,Karachi,16,0.1,1005
10/20/2050,26.2,80,407.8,Karachi,18,0,1008
10/21/2050,30.5,84,414.3,Karachi,14,0,1015
10/22/2050,29,77,413.4,Karachi,10,0.2,1005
10/23/2050,28.5,85,418,Karachi,8,0.3,1015
10/24/2050,25.1,80,415.5,Karachi,17,0.2,1011
10/25/2050,26.2,79,420,Karachi,11,0,1008
10/26/2050,31.7,84,413.4,Karachi,18,0,1009
10/27/2050,27.8,77,416.5,Karachi,6,0.4,1014
10/28/2050,29.1,79,414.2,Karachi,6,0,1003
10/29/2050,27.7,83,419.1,Karachi,17,0,1014
10/30/2050,24.5,80,414.4,Karachi,15,0,1011
10/31/2050,30.8,90,417.6,Karachi,15,0.3,1013
11/1/2050,29.5,83,411.8,Karachi,10,0.1,1005
11/2/2050,34.9,83,413.8,Karachi,13,0.3,1009
11/3/2050,25,80,414.7,Karachi,7,0,1003
11/4/2050,30.5,84,418.8,Karachi,11,0.1,1014
11/5/2050,24.1,78,408.4,Karachi,13,0,1007
11/6/2050,28.5,81,414,Karachi,19,0,1007
11/7/2050,30.9,75,413.9,Karachi,16,0.1,1004
11/8/2050,21.8,85,408.8,Karachi,13,0.1,1011
11/9/2050,27.4,81,413.6,Karachi,7,0.1,1010
11/10/2050,26.3,90,410.4,Karachi,5,0.4,1008
11/11/2050,25.9,92,408,Karachi,6,0,1011
11/12/2050,29.2,84,414.2,Karachi,19,0,1008
11/13/2050,31.4,80,414.1,Karachi,15,0.1,1005
11/14/2050,27.6,75,414.3,Karachi,12,0.2,1009
11/15/2050,28.6,85,415.8,Karachi,11,0.2,1015
11/16/2050,28.3,81,412.4,Karachi,5,0.1,1013
11/17/2050,28,83,420.4,Karachi,7,0.1,1011
11/18/2050,24.7,89,414.9,Karachi,12,0,1011
11/19/2050,31.3,76,418.9,Karachi,11,0,1009
11/20/2050,28.9,75,410,Karachi,9,0.1,1012
11/21/2050,29.2,79,412.5,Karachi,7,0.2,1012
11/22/2050,25.6,84,417.1,Karachi,11,0.1,1010
11/23/2050,26.6,83,414.3,Karachi,9,0.1,1011
11/24/2050,27.5,76,411.8,Karachi,5,0.1,1005
11/25/2050,23.4,84,409.5,Karachi,9,0.1,1009
11/26/2050,22.9,74,417.2,Karachi,7,0.2,1006
11/27/2050,26.2,76,417,Karachi,6,0.1,1006
11/28/2050,29.6,79,415.7,Karachi,17,0,1011
11/29/2050,26,77,413.5,Karachi,7,0.2,1006
11/30/2050,24.9,84,411.7,Karachi,14,0.1,1012
12/1/2050,25.6,81,414.8,Karachi,8,0.1,1013
12/2/2050,26.6,89,411.1,Karachi,18,0.2,1010
12/3/2050,26.9,79,412.7,Karachi,17,0,1008
12/4/2050,34.5,79,418.8,Karachi,17,0.1,1013
12/5/2050,31.2,86,409.4,Karachi,5,0.1,1012
12/6/2050,31.1,80,417,Karachi,8,0,1014
12/7/2050,31.5,87,419.5,Karachi,13,0.2,1007
12/8/2050,25,83,417.4,Karachi,5,0.1,1009
12/9/2050,24.3,68,416.2,Karachi,15,0.1,1009
12/10/2050,24.7,86,413.6,Karachi,11,0.2,1011
12/11/2050,32,85,413.1,Karachi,12,0,1012
12/12/2050,26.4,85,408.3,Karachi,13,0.1,1010
12/13/2050,24.2,70,415.1,Karachi,11,0.1,1014
12/14/2050,26.7,77,413.8,Karachi,17,0.2,1009
12/15/2050,27.3,77,412.9,Karachi,13,0.1,1007
12/16/2050,28.8,76,414.9,Karachi,14,0.1,1008
12/17/2050,28.8,89,415.2,Karachi,17,0,1008
12/18/2050,25.5,80,413.1,Karachi,18,0.2,1009
12/19/2050,30.1,80,419.8,Karachi,7,0.1,1009
12/20/2050,26.1,83,417.2,Karachi,5,0.1,1009
12/21/2050,27.5,83,417.7,Karachi,6,0,1011
12/22/2050,30.1,63,414.7,Karachi,18,0.1,1009
12/23/2050,26.1,77,416.5,Karachi,19,0,1013
12/24/2050,26.3,73,412.3,Karachi,14,0.3,1004
12/25/2050,29.8,82,417,Karachi,17,0.2,1003
12/26/2050,25.4,79,414.4,Karachi,5,0,1013
12/27/2050,26.8,80,411.9,Karachi,6,0.1,1013
12/28/2050,29.7,70,414.9,Karachi,13,0.1,1014
12/29/2050,34.2,78,414.1,Karachi,9,0.2,1012
12/30/2050,29.8,86,422,Karachi,8,0.1,1010
12/31/2050,29.4,87,416.3,Karachi,6,0.5,1009
1/1/2051,29.6,84,419.7,Karachi,7,0,1005
1/2/2051,24.8,73,418.4,Karachi,19,0,1010
1/3/2051,28.3,86,415.1,Karachi,13,0.1,1006
1/4/2051,27.9,84,413.7,Karachi,18,0.1,1017
1/5/2051,29,79,409.8,Karachi,17,0,1007
1/6/2051,28.3,70,412.4,Karachi,17,0,1010
1/7/2051,29.1,85,417,Karachi,18,0.2,1015
1/8/2051,27.1,77,414.1,Karachi,7,0.1,1009
1/9/2051,28.2,82,416.1,Karachi,12,0,1009
1/10/2051,24.3,80,408.9,Karachi,16,0.2,1002
1/11/2051,27,88,416.4,Karachi,5,0,1006
1/12/2051,32.2,79,418.3,Karachi,16,0,1012
1/13/2051,29,80,409.7,Karachi,19,0,1015
1/14/2051,27.9,88,416.1,Karachi,9,0.2,1007
1/15/2051,33.7,77,419,Karachi,6,0.1,1011
1/16/2051,23.9,84,420,Karachi,8,0.1,1018
1/17/2051,24.7,79,413.5,Karachi,6,0,1012
1/18/2051,33.1,75,417.3,Karachi,7,0.1,1013
1/19/2051,28.1,80,419.3,Karachi,9,0.1,1008
1/20/2051,27.3,83,416.2,Karachi,6,0.4,1015
1/21/2051,24.4,87,418.9,Karachi,13,0.1,1008
1/22/2051,29.3,87,414.9,Karachi,12,0,1007
1/23/2051,29.6,79,416.2,Karachi,9,0.1,1014
1/24/2051,24.7,75,413.1,Karachi,15,0,1008
1/25/2051,27.6,78,414.5,Karachi,5,0.3,1010
1/26/2051,27,74,416.3,Karachi,9,0,1015
1/27/2051,28.8,79,412.9,Karachi,8,0,1007
1/28/2051,24.6,78,414.3,Karachi,19,0.1,1009
1/29/2051,31.8,84,417.3,Karachi,18,0,1008
1/30/2051,30.7,69,421.2,Karachi,17,0,1009
1/31/2051,26.9,76,408.9,Karachi,13,0.1,1010
2/1/2051,27.4,76,420.9,Karachi,6,0.1,1014
2/2/2051,27.6,86,414.2,Karachi,11,0.1,1015
2/3/2051,25.7,74,417.9,Karachi,6,0.2,1010
2/4/2051,26.7,81,418.5,Karachi,17,0.1,1008
2/5/2051,27.2,79,419.7,Karachi,17,0.3,1012
2/6/2051,32.8,85,412.8,Karachi,15,0,1010
2/7/2051,30.8,83,414.3,Karachi,16,0,1010
2/8/2051,30.8,81,414.8,Karachi,7,0.1,1007
2/9/2051,29.1,77,413.9,Karachi,18,0,1005
2/10/2051,24.6,71,419,Karachi,7,0,1010
2/11/2051,27.9,81,414.8,Karachi,14,0.2,1007
2/12/2051,30.9,83,410.1,Karachi,12,0.1,1008
2/13/2051,24.2,72,413.1,Karachi,6,0,1014
2/14/2051,29.9,74,410.3,Karachi,5,0.1,1010
2/15/2051,35,81,414.3,Karachi,10,0,1013
2/16/2051,31.2,82,417,Karachi,10,0.1,1011
2/17/2051,32.2,75,413,Karachi,15,0,1012
2/18/2051,28.7,77,413.8,Karachi,19,0,1008
2/19/2051,30.9,71,414.2,Karachi,5,0,1013
2/20/2051,25.8,87,415.4,Karachi,9,0.2,1011
2/21/2051,30.4,74,416.5,Karachi,13,0,1009
2/22/2051,30,83,417.4,Karachi,14,0.1,1011
2/23/2051,28.9,80,421.8,Karachi,15,0,1008
2/24/2051,31.9,86,415.4,Karachi,14,0,1009
2/25/2051,26.4,76,417.2,Karachi,9,0.1,1010
2/26/2051,27.4,80,410.2,Karachi,16,0.1,1008
2/27/2051,28.3,72,413.9,Karachi,11,0.1,1015
2/28/2051,24.9,70,414.2,Karachi,10,0.2,1009
3/1/2051,28.7,83,411.9,Karachi,15,0,1016
3/2/2051,22.8,71,413.4,Karachi,14,0,1010
3/3/2051,31.1,79,414.7,Karachi,8,0.2,1009
3/4/2051,28.1,85,413.5,Karachi,17,0.4,1008
3/5/2051,26.4,84,422.8,Karachi,16,0.1,1011
3/6/2051,25.5,77,416.5,Karachi,6,0.1,1013
3/7/2051,27.3,72,421,Karachi,14,0,1002
3/8/2051,30.1,83,419.5,Karachi,17,0.1,1010
3/9/2051,29.6,87,413.1,Karachi,9,0,1004
3/10/2051,25.9,77,415.1,Karachi,16,0.5,1013
3/11/2051,25.5,76,413.7,Karachi,16,0,1013
3/12/2051,30,77,414.5,Karachi,18,0,1010
3/13/2051,25.8,83,412.1,Karachi,18,0.1,1011
3/14/2051,28.2,86,413.7,Karachi,14,0,1006
3/15/2051,28.4,74,416.1,Karachi,17,0.1,1008
3/16/2051,28.9,73,416,Karachi,13,0.4,1008
3/17/2051,30.6,92,415.8,Karachi,17,0.1,1009
3/18/2051,24.2,79,414.8,Karachi,7,0.2,1013
3/19/2051,22.3,81,417.6,Karachi,7,0,1014
3/20/2051,26.3,77,414.2,Karachi,17,0,1012
3/21/2051,33.4,82,419.2,Karachi,16,0.3,1009
3/22/2051,34.1,85,409.5,Karachi,15,0,1008
3/23/2051,33.5,81,417,Karachi,11,0.1,1010
3/24/2051,27.4,89,416.5,Karachi,18,0.1,1011
3/25/2051,22.7,78,413,Karachi,14,0.1,1009
3/26/2051,21,79,413.9,Karachi,6,0.1,1008
3/27/2051,26.2,81,416.4,Karachi,12,0.1,1012
3/28/2051,27.4,82,417.7,Karachi,19,0.3,1012
3/29/2051,31.9,81,409.8,Karachi,11,0,1006
3/30/2051,30.6,74,416.9,Karachi,12,0.1,1009
3/31/2051,28.7,82,413.6,Karachi,14,0,1012
4/1/2051,25.3,78,418.4,Karachi,10,0.1,1013
4/2/2051,25.1,77,409.5,Karachi,9,0,1010
4/3/2051,28.8,80,422.3,Karachi,15,0.1,1011
4/4/2051,30.1,75,412.3,Karachi,8,0,1011
4/5/2051,29.2,74,419.3,Karachi,18,0,1013
4/6/2051,24.9,67,414.8,Karachi,12,0.1,1007
4/7/2051,30,89,412.5,Karachi,18,0,1011
4/8/2051,29.3,83,415.8,Karachi,6,0.1,1007
4/9/2051,24.8,79,418.1,Karachi,19,0.1,1013
4/10/2051,25.6,77,410.3,Karachi,10,0,1007
4/11/2051,30.1,66,417.1,Karachi,18,0,1011
4/12/2051,27.3,76,415,Karachi,16,0.2,1007
4/13/2051,32.8,84,416.7,Karachi,18,0.5,1012
4/14/2051,29.5,85,415,Karachi,14,0,1011
4/15/2051,26.5,83,413.3,Karachi,10,0,1011
4/16/2051,28,81,411.7,Karachi,9,0,1016
4/17/2051,28.2,87,417,Karachi,6,0.2,1008
4/18/2051,25.8,78,417,Karachi,9,0.1,1013
4/19/2051,25.3,85,417,Karachi,19,0,1014
4/20/2051,30.1,78,416.3,Karachi,7,0,1013
4/21/2051,30.5,76,417.8,Karachi,11,0.2,1008
4/22/2051,29.8,75,419.2,Karachi,11,0.1,1009
4/23/2051,32.5,75,409.4,Karachi,12,0.1,1008
4/24/2051,26.4,83,408,Karachi,15,0,1009
4/25/2051,33,76,420.2,Karachi,16,0.1,1007
4/26/2051,25.3,75,411,Karachi,18,0.1,1009
4/27/2051,25,84,411.7,Karachi,14,0.1,1014
4/28/2051,22.7,82,414.1,Karachi,15,0.1,1009
4/29/2051,26.7,85,410,Karachi,18,0.1,1010
4/30/2051,26.5,83,413.9,Karachi,13,0.1,1008
5/1/2051,29.6,76,412.2,Karachi,5,0,1010
5/2/2051,28.7,80,414.3,Karachi,8,0.4,1012
5/3/2051,24.4,81,415.8,Karachi,10,0.2,1011
5/4/2051,26.8,75,414,Karachi,11,0.1,1014
5/5/2051,26.9,74,413.8,Karachi,15,0,1006
5/6/2051,22.7,77,415.8,Karachi,9,0,1008
5/7/2051,25.1,90,418.1,Karachi,10,0.2,1009
5/8/2051,25.7,78,419.8,Karachi,5,0.3,1015
5/9/2051,32.3,86,414.3,Karachi,18,0,1011
5/10/2051,28.6,78,420.5,Karachi,15,0.1,1006
5/11/2051,30,84,417.6,Karachi,9,0.1,1013
5/12/2051,23.5,85,411.3,Karachi,6,0,1010
5/13/2051,31.6,85,411.2,Karachi,19,0.1,1013
5/14/2051,31.9,82,413.3,Karachi,18,0.1,1015
5/15/2051,22,87,419.3,Karachi,15,0,1007
5/16/2051,25.9,82,413.5,Karachi,6,0,1015
5/17/2051,29.5,89,409.3,Karachi,5,0,1010
5/18/2051,29.9,72,414.3,Karachi,14,0.2,1009
